customer_id,phone_number,email_id,age,gender,city_tier,acquisition_channel
1,7242685906,customer1@example.com,36,Male,2,Influencer
2,9249394459,customer2@example.com,23,Male,1,Instagram
3,7957787190,customer3@example.com,22,Male,3,Google Ads
4,7911296105,customer4@example.com,27,Female,3,Referral
5,9825204936,customer5@example.com,18,Male,2,Organic
6,9596436657,customer6@example.com,43,Male,3,Organic
7,7394307045,customer7@example.com,43,Male,3,Organic
8,8542471587,customer8@example.com,35,Male,1,Google Ads
9,7776751170,customer9@example.com,38,Male,1,Referral
10,7553922023,customer10@example.com,29,Male,2,Organic
11,7425425571,customer11@example.com,55,Male,3,Organic
12,7036922449,customer12@example.com,31,Female,3,Organic
13,9283219832,customer13@example.com,49,Male,1,Organic
14,7671644241,customer14@example.com,56,Male,2,Organic
15,8350935816,customer15@example.com,52,Male,2,Instagram
16,9517644688,customer16@example.com,34,Female,3,Organic
17,8859520630,customer17@example.com,27,Female,3,Organic
18,8755101310,customer18@example.com,52,Female,1,Instagram
19,8675352791,customer19@example.com,33,Female,3,Influencer
20,8405135977,customer20@example.com,23,Male,3,Referral
21,9537790336,customer21@example.com,21,Female,1,Instagram
22,9674678223,customer22@example.com,26,Female,2,Google Ads
23,8490687436,customer23@example.com,46,Female,1,Instagram
24,8460092116,customer24@example.com,24,Male,2,Instagram
25,9913157934,customer25@example.com,33,Male,1,Organic
26,9324877776,customer26@example.com,23,Female,2,Google Ads
27,9777960334,customer27@example.com,20,Female,2,Google Ads
28,7953157765,customer28@example.com,31,Male,2,Organic
29,7164597726,customer29@example.com,31,Female,2,Organic
30,7006986947,customer30@example.com,26,Male,2,Google Ads
31,8185812709,customer31@example.com,53,Female,3,Google Ads
32,7660873941,customer32@example.com,40,Female,1,Organic
33,8852682166,customer33@example.com,32,Female,2,Google Ads
34,8387004528,customer34@example.com,24,Male,2,Influencer
35,7953678557,customer35@example.com,37,Female,2,Organic
36,8422515576,customer36@example.com,36,Male,2,Google Ads
37,7785292043,customer37@example.com,23,Other,1,Influencer
38,7884936539,customer38@example.com,56,Female,2,Google Ads
39,9103305300,customer39@example.com,18,Female,1,Instagram
40,7079716779,customer40@example.com,24,Female,3,Instagram
41,9640861510,customer41@example.com,52,Female,2,Organic
42,7611446072,customer42@example.com,42,Other,1,Google Ads
43,7383946308,customer43@example.com,55,Male,2,Google Ads
44,9385021808,customer44@example.com,40,Female,3,Google Ads
45,9877079260,customer45@example.com,42,Female,2,Organic
46,7094476755,customer46@example.com,55,Male,3,Google Ads
47,8154257802,customer47@example.com,28,Female,2,Google Ads
48,9270421726,customer48@example.com,51,Male,3,Google Ads
49,8052751564,customer49@example.com,48,Male,1,Organic
50,8233590393,customer50@example.com,55,Male,1,Google Ads
51,8908362927,customer51@example.com,29,Female,3,Organic
52,9709170771,customer52@example.com,26,Female,2,Google Ads
53,8358776812,customer53@example.com,30,Female,2,Instagram
54,9975989379,customer54@example.com,37,Male,2,Instagram
55,8227429028,customer55@example.com,38,Male,3,Organic
56,7491613636,customer56@example.com,39,Other,1,Google Ads
57,7605812948,customer57@example.com,18,Male,1,Instagram
58,9303540359,customer58@example.com,57,Other,2,Referral
59,7938478945,customer59@example.com,58,Female,3,Google Ads
60,7063142576,customer60@example.com,34,Female,3,Organic
61,8271983076,customer61@example.com,21,Female,2,Google Ads
62,9494647548,customer62@example.com,23,Male,2,Influencer
63,8107269759,customer63@example.com,36,Female,1,Instagram
64,8869471638,customer64@example.com,47,Male,3,Instagram
65,8065740089,customer65@example.com,40,Female,1,Google Ads
66,8594055270,customer66@example.com,49,Female,2,Google Ads
67,8059050527,customer67@example.com,46,Female,1,Organic
68,8504725459,customer68@example.com,25,Male,1,Organic
69,8068194935,customer69@example.com,38,Female,2,Instagram
70,9511308662,customer70@example.com,34,Female,2,Organic
71,7202233297,customer71@example.com,34,Female,2,Influencer
72,8706102359,customer72@example.com,38,Female,3,Google Ads
73,8437391257,customer73@example.com,32,Female,2,Instagram
74,8786176726,customer74@example.com,44,Female,1,Organic
75,8982951144,customer75@example.com,42,Female,2,Referral
76,8616457936,customer76@example.com,50,Female,1,Organic
77,8591798493,customer77@example.com,19,Female,1,Influencer
78,7572903308,customer78@example.com,59,Female,3,Referral
79,7245752503,customer79@example.com,33,Male,2,Google Ads
80,8569286010,customer80@example.com,53,Female,2,Referral
81,7886924368,customer81@example.com,25,Female,3,Google Ads
82,9178998968,customer82@example.com,33,Male,2,Organic
83,8823192445,customer83@example.com,24,Male,3,Referral
84,9660189150,customer84@example.com,22,Female,3,Google Ads
85,9212495893,customer85@example.com,40,Female,3,Organic
86,8651976670,customer86@example.com,25,Male,1,Referral
87,7073474935,customer87@example.com,20,Female,3,Instagram
88,9469634233,customer88@example.com,52,Male,1,Google Ads
89,8294463385,customer89@example.com,53,Male,3,Organic
90,9315145326,customer90@example.com,53,Male,1,Google Ads
91,9153533386,customer91@example.com,32,Female,3,Google Ads
92,9225538383,customer92@example.com,47,Male,2,Instagram
93,9114364593,customer93@example.com,32,Male,2,Organic
94,7198963292,customer94@example.com,46,Male,3,Organic
95,9842413911,customer95@example.com,21,Male,1,Instagram
96,9706470643,customer96@example.com,51,Male,2,Instagram
97,9691000496,customer97@example.com,40,Male,2,Google Ads
98,7197329712,customer98@example.com,52,Male,1,Organic
99,9290510153,customer99@example.com,45,Female,2,Instagram
100,9589970785,customer100@example.com,48,Male,2,Google Ads
101,7945583181,customer101@example.com,59,Female,1,Instagram
102,7981789898,customer102@example.com,50,Male,2,Google Ads
103,7136102375,customer103@example.com,35,Female,2,Google Ads
104,9181436749,customer104@example.com,22,Male,3,Organic
105,7417195753,customer105@example.com,26,Female,3,Instagram
106,7353780331,customer106@example.com,37,Male,3,Organic
107,9526434726,customer107@example.com,55,Female,3,Influencer
108,7506608514,customer108@example.com,26,Male,3,Google Ads
109,9367042025,customer109@example.com,35,Male,2,Google Ads
110,8673248585,customer110@example.com,32,Female,3,Instagram
111,7148760366,customer111@example.com,32,Female,3,Google Ads
112,8575923209,customer112@example.com,31,Female,1,Organic
113,9400135720,customer113@example.com,52,Female,2,Instagram
114,7224338632,customer114@example.com,57,Male,1,Organic
115,9525853452,customer115@example.com,53,Other,2,Google Ads
116,8737992968,customer116@example.com,59,Female,3,Organic
117,9372626995,customer117@example.com,37,Male,3,Instagram
118,7125350902,customer118@example.com,28,Other,2,Organic
119,7773576638,customer119@example.com,58,Female,2,Google Ads
120,8952444788,customer120@example.com,34,Male,1,Google Ads
121,9558353069,customer121@example.com,58,Male,1,Google Ads
122,7586618985,customer122@example.com,42,Male,2,Influencer
123,8203202378,customer123@example.com,46,Female,3,Organic
124,7259453956,customer124@example.com,40,Female,3,Instagram
125,7896501089,customer125@example.com,26,Female,3,Organic
126,9986153004,customer126@example.com,42,Female,3,Google Ads
127,7130359306,customer127@example.com,58,Male,1,Instagram
128,9182772313,customer128@example.com,40,Male,1,Organic
129,7812340696,customer129@example.com,19,Female,2,Instagram
130,8835131946,customer130@example.com,18,Female,1,Organic
131,7099695577,customer131@example.com,55,Male,1,Organic
132,9524148909,customer132@example.com,23,Male,1,Google Ads
133,9456854604,customer133@example.com,32,Male,1,Organic
134,8136451261,customer134@example.com,24,Male,2,Instagram
135,7549093130,customer135@example.com,19,Male,2,Google Ads
136,7175159868,customer136@example.com,47,Male,1,Instagram
137,8466260895,customer137@example.com,46,Male,1,Referral
138,7464949696,customer138@example.com,29,Female,2,Instagram
139,7229255227,customer139@example.com,51,Female,2,Instagram
140,9769332427,customer140@example.com,47,Female,3,Google Ads
141,7628486651,customer141@example.com,53,Female,1,Google Ads
142,7857040977,customer142@example.com,52,Female,1,Google Ads
143,8081809838,customer143@example.com,19,Female,3,Influencer
144,8654811827,customer144@example.com,20,Male,1,Instagram
145,9873038129,customer145@example.com,59,Female,2,Organic
146,7757648351,customer146@example.com,29,Male,3,Instagram
147,7119611862,customer147@example.com,21,Male,1,Organic
148,7264957802,customer148@example.com,24,Female,1,Influencer
149,9656752160,customer149@example.com,37,Male,1,Google Ads
150,9230492127,customer150@example.com,36,Female,1,Instagram
151,8565527665,customer151@example.com,25,Female,1,Influencer
152,9497488056,customer152@example.com,20,Male,2,Referral
153,7266160486,customer153@example.com,44,Male,3,Instagram
154,7617272961,customer154@example.com,32,Male,1,Organic
155,9358484970,customer155@example.com,25,Female,1,Referral
156,7634540818,customer156@example.com,35,Male,2,Organic
157,7918585517,customer157@example.com,46,Male,2,Influencer
158,9264207210,customer158@example.com,53,Male,2,Instagram
159,9372038018,customer159@example.com,20,Male,2,Instagram
160,7126285280,customer160@example.com,26,Female,3,Google Ads
161,7920176118,customer161@example.com,27,Male,2,Google Ads
162,7549586998,customer162@example.com,57,Female,2,Organic
163,8317383788,customer163@example.com,37,Female,1,Google Ads
164,8930283464,customer164@example.com,19,Female,3,Instagram
165,8311399872,customer165@example.com,18,Female,1,Influencer
166,9842493749,customer166@example.com,44,Female,3,Organic
167,8783615766,customer167@example.com,21,Female,2,Organic
168,9764692468,customer168@example.com,54,Female,2,Instagram
169,9136018969,customer169@example.com,49,Female,2,Instagram
170,8652921534,customer170@example.com,35,Male,2,Google Ads
171,8252783862,customer171@example.com,31,Female,2,Google Ads
172,8602536208,customer172@example.com,32,Male,2,Instagram
173,7572713290,customer173@example.com,21,Male,1,Instagram
174,8691385716,customer174@example.com,36,Female,2,Google Ads
175,7586079212,customer175@example.com,41,Male,1,Google Ads
176,9529457672,customer176@example.com,47,Female,1,Instagram
177,7356807753,customer177@example.com,30,Male,2,Organic
178,8225760566,customer178@example.com,28,Female,3,Instagram
179,9894013480,customer179@example.com,45,Female,2,Instagram
180,9242323073,customer180@example.com,28,Female,3,Instagram
181,9611515136,customer181@example.com,18,Male,2,Organic
182,7728177300,customer182@example.com,59,Male,3,Google Ads
183,8181156685,customer183@example.com,21,Female,2,Influencer
184,9751048734,customer184@example.com,55,Male,2,Instagram
185,9452419009,customer185@example.com,51,Male,2,Instagram
186,9613461506,customer186@example.com,29,Other,2,Influencer
187,7844328478,customer187@example.com,41,Female,3,Google Ads
188,7498183555,customer188@example.com,54,Male,1,Instagram
189,8165016000,customer189@example.com,49,Female,2,Google Ads
190,7733109863,customer190@example.com,36,Female,2,Google Ads
191,9516197707,customer191@example.com,46,Male,1,Organic
192,8150469016,customer192@example.com,55,Male,2,Instagram
193,9529193267,customer193@example.com,46,Female,2,Instagram
194,9196755903,customer194@example.com,36,Female,2,Google Ads
195,7031498927,customer195@example.com,37,Male,1,Google Ads
196,8253757050,customer196@example.com,20,Male,2,Instagram
197,7076258625,customer197@example.com,57,Female,3,Instagram
198,7328910169,customer198@example.com,22,Female,2,Organic
199,8056875276,customer199@example.com,40,Female,3,Organic
200,9281210345,customer200@example.com,22,Female,1,Instagram
201,9402044579,customer201@example.com,47,Female,1,Referral
202,8039086646,customer202@example.com,49,Male,1,Google Ads
203,9136219104,customer203@example.com,41,Female,2,Organic
204,8558305495,customer204@example.com,59,Male,1,Organic
205,8215066969,customer205@example.com,52,Male,3,Google Ads
206,7036841690,customer206@example.com,49,Female,3,Google Ads
207,8656922610,customer207@example.com,39,Female,1,Organic
208,7886629168,customer208@example.com,38,Female,3,Organic
209,9035696913,customer209@example.com,45,Female,2,Organic
210,9400929278,customer210@example.com,51,Male,1,Google Ads
211,9019131686,customer211@example.com,33,Male,3,Instagram
212,9590984458,customer212@example.com,28,Female,1,Instagram
213,7777007481,customer213@example.com,50,Male,2,Organic
214,9878300417,customer214@example.com,55,Male,3,Google Ads
215,8944167901,customer215@example.com,36,Female,3,Referral
216,8934108031,customer216@example.com,45,Male,1,Instagram
217,8377846293,customer217@example.com,46,Male,1,Instagram
218,7989901421,customer218@example.com,54,Female,3,Instagram
219,9092000720,customer219@example.com,20,Male,3,Google Ads
220,9692733456,customer220@example.com,35,Male,3,Instagram
221,9375008959,customer221@example.com,35,Female,3,Google Ads
222,7765368996,customer222@example.com,29,Male,3,Google Ads
223,8098323391,customer223@example.com,35,Female,2,Referral
224,8090719437,customer224@example.com,49,Other,3,Referral
225,9198660133,customer225@example.com,59,Female,1,Google Ads
226,8267132153,customer226@example.com,53,Female,3,Organic
227,8513542762,customer227@example.com,36,Male,2,Instagram
228,7534464294,customer228@example.com,21,Male,3,Instagram
229,7644825094,customer229@example.com,28,Male,3,Instagram
230,7748579726,customer230@example.com,20,Male,1,Instagram
231,7695618990,customer231@example.com,44,Male,3,Organic
232,9022063919,customer232@example.com,33,Male,3,Google Ads
233,7458314210,customer233@example.com,35,Female,1,Influencer
234,8915728817,customer234@example.com,47,Male,3,Influencer
235,9943943739,customer235@example.com,41,Female,2,Google Ads
236,8514541637,customer236@example.com,23,Male,2,Instagram
237,8668095555,customer237@example.com,51,Female,3,Google Ads
238,8969502157,customer238@example.com,29,Female,3,Google Ads
239,7297747548,customer239@example.com,59,Male,1,Instagram
240,7670178399,customer240@example.com,40,Male,3,Instagram
241,9839998618,customer241@example.com,53,Female,1,Organic
242,9376670411,customer242@example.com,57,Male,2,Influencer
243,7041322151,customer243@example.com,32,Male,1,Instagram
244,8774963019,customer244@example.com,33,Female,1,Organic
245,9930783921,customer245@example.com,31,Male,3,Instagram
246,7429650714,customer246@example.com,32,Female,3,Organic
247,7871849522,customer247@example.com,29,Male,3,Google Ads
248,7979911451,customer248@example.com,52,Female,1,Influencer
249,8469976784,customer249@example.com,42,Male,2,Referral
250,7493841976,customer250@example.com,31,Female,2,Organic
251,7723450394,customer251@example.com,19,Male,3,Referral
252,7640676374,customer252@example.com,35,Female,1,Instagram
253,7989408453,customer253@example.com,52,Male,1,Google Ads
254,9572411699,customer254@example.com,26,Female,3,Google Ads
255,9953406787,customer255@example.com,28,Male,1,Google Ads
256,7429854252,customer256@example.com,43,Female,2,Google Ads
257,8953173861,customer257@example.com,20,Male,2,Organic
258,9342841286,customer258@example.com,22,Male,1,Organic
259,7183819341,customer259@example.com,49,Male,1,Instagram
260,9906907295,customer260@example.com,58,Female,3,Referral
261,9690565308,customer261@example.com,27,Male,3,Influencer
262,8366107767,customer262@example.com,55,Female,2,Google Ads
263,7216709833,customer263@example.com,23,Female,2,Instagram
264,7250518160,customer264@example.com,28,Male,2,Organic
265,8647396543,customer265@example.com,34,Female,1,Instagram
266,8644014213,customer266@example.com,19,Male,2,Google Ads
267,7333268431,customer267@example.com,58,Female,2,Organic
268,7146998649,customer268@example.com,41,Female,2,Google Ads
269,8995247006,customer269@example.com,22,Male,2,Referral
270,9440804983,customer270@example.com,38,Male,2,Organic
271,9752310700,customer271@example.com,23,Male,3,Referral
272,8399580694,customer272@example.com,21,Female,1,Referral
273,9763355847,customer273@example.com,26,Male,1,Instagram
274,8415820029,customer274@example.com,22,Male,3,Organic
275,9428728563,customer275@example.com,21,Male,1,Organic
276,9314766524,customer276@example.com,26,Female,3,Instagram
277,7068012276,customer277@example.com,35,Male,2,Google Ads
278,7599380132,customer278@example.com,33,Female,1,Google Ads
279,9046145606,customer279@example.com,19,Male,1,Google Ads
280,9373584378,customer280@example.com,46,Female,2,Influencer
281,7327419821,customer281@example.com,59,Male,1,Organic
282,7072600872,customer282@example.com,53,Male,3,Google Ads
283,7523040096,customer283@example.com,29,Male,2,Organic
284,8511601751,customer284@example.com,58,Male,1,Organic
285,9631588722,customer285@example.com,54,Male,1,Influencer
286,7143638156,customer286@example.com,51,Female,3,Referral
287,9356378068,customer287@example.com,52,Male,3,Organic
288,8941956119,customer288@example.com,57,Male,3,Organic
289,8903682666,customer289@example.com,23,Male,1,Organic
290,7151592151,customer290@example.com,54,Other,2,Organic
291,8412255922,customer291@example.com,53,Male,3,Organic
292,9067139670,customer292@example.com,37,Male,3,Organic
293,7352498247,customer293@example.com,33,Male,1,Organic
294,9537223847,customer294@example.com,25,Female,3,Instagram
295,9527873503,customer295@example.com,39,Female,1,Influencer
296,8702081831,customer296@example.com,22,Female,2,Google Ads
297,8395622974,customer297@example.com,22,Female,3,Influencer
298,8366884790,customer298@example.com,28,Female,3,Instagram
299,8875227496,customer299@example.com,36,Female,2,Instagram
300,8479931276,customer300@example.com,56,Female,3,Instagram
301,7158381186,customer301@example.com,34,Male,2,Instagram
302,9605655153,customer302@example.com,54,Male,1,Instagram
303,9807403051,customer303@example.com,55,Female,2,Organic
304,9461554429,customer304@example.com,35,Male,2,Google Ads
305,9916055211,customer305@example.com,26,Female,2,Organic
306,8846463799,customer306@example.com,34,Female,1,Instagram
307,9694546149,customer307@example.com,58,Male,3,Organic
308,7285926327,customer308@example.com,50,Female,1,Organic
309,7305904651,customer309@example.com,37,Male,2,Instagram
310,9310226085,customer310@example.com,35,Male,3,Google Ads
311,9322119481,customer311@example.com,41,Female,3,Organic
312,7159135405,customer312@example.com,30,Female,1,Organic
313,7029494959,customer313@example.com,57,Female,3,Organic
314,8740423764,customer314@example.com,45,Female,1,Referral
315,7155995877,customer315@example.com,20,Female,1,Instagram
316,8046547254,customer316@example.com,53,Female,1,Google Ads
317,8737918899,customer317@example.com,28,Male,2,Organic
318,8533545668,customer318@example.com,56,Male,3,Referral
319,8755408887,customer319@example.com,38,Male,1,Google Ads
320,8920764969,customer320@example.com,54,Female,3,Google Ads
321,9389188406,customer321@example.com,19,Female,1,Referral
322,7993852595,customer322@example.com,23,Other,2,Google Ads
323,8419916154,customer323@example.com,22,Male,2,Referral
324,7367300004,customer324@example.com,49,Male,3,Organic
325,7382675907,customer325@example.com,54,Male,2,Instagram
326,8927370258,customer326@example.com,57,Female,1,Instagram
327,9109234291,customer327@example.com,28,Female,2,Google Ads
328,8168916662,customer328@example.com,34,Male,2,Instagram
329,9609041863,customer329@example.com,31,Male,1,Google Ads
330,7314307253,customer330@example.com,19,Female,1,Influencer
331,9868920425,customer331@example.com,56,Male,1,Google Ads
332,9734433333,customer332@example.com,35,Male,3,Organic
333,9411815143,customer333@example.com,50,Female,2,Referral
334,7665940280,customer334@example.com,47,Male,1,Instagram
335,7413029692,customer335@example.com,32,Male,1,Google Ads
336,9312824136,customer336@example.com,46,Female,1,Instagram
337,9624099904,customer337@example.com,43,Male,2,Instagram
338,8980033188,customer338@example.com,18,Male,1,Organic
339,9185793118,customer339@example.com,34,Male,1,Organic
340,8062219591,customer340@example.com,56,Male,1,Organic
341,9939885360,customer341@example.com,19,Female,3,Google Ads
342,8347145489,customer342@example.com,32,Female,2,Organic
343,7021298891,customer343@example.com,39,Male,2,Organic
344,9238262668,customer344@example.com,37,Female,1,Google Ads
345,9158114999,customer345@example.com,46,Male,3,Google Ads
346,9781465562,customer346@example.com,42,Female,1,Google Ads
347,9298745909,customer347@example.com,41,Female,1,Referral
348,8031619143,customer348@example.com,51,Male,3,Referral
349,9735417188,customer349@example.com,38,Male,2,Referral
350,7237824726,customer350@example.com,19,Female,3,Instagram
351,7792196802,customer351@example.com,33,Female,3,Organic
352,9420669749,customer352@example.com,57,Female,3,Influencer
353,7440945060,customer353@example.com,38,Male,2,Organic
354,9114960900,customer354@example.com,54,Male,1,Google Ads
355,9510515971,customer355@example.com,25,Male,2,Organic
356,7879069555,customer356@example.com,31,Female,2,Google Ads
357,9596252667,customer357@example.com,39,Female,1,Organic
358,7184894683,customer358@example.com,35,Female,2,Organic
359,8181291252,customer359@example.com,22,Male,2,Influencer
360,9975602216,customer360@example.com,59,Male,1,Organic
361,8834283401,customer361@example.com,47,Male,1,Instagram
362,7814725369,customer362@example.com,48,Female,3,Referral
363,8259890217,customer363@example.com,26,Female,3,Instagram
364,8615279298,customer364@example.com,48,Female,1,Google Ads
365,7042591856,customer365@example.com,48,Female,1,Google Ads
366,8480495630,customer366@example.com,58,Male,3,Organic
367,8793261756,customer367@example.com,26,Female,1,Organic
368,7484420170,customer368@example.com,54,Male,2,Referral
369,8642681782,customer369@example.com,23,Male,2,Instagram
370,7164494343,customer370@example.com,59,Male,1,Google Ads
371,8531818958,customer371@example.com,43,Male,2,Instagram
372,7820024288,customer372@example.com,27,Other,3,Organic
373,7224156852,customer373@example.com,23,Female,2,Instagram
374,8434775077,customer374@example.com,50,Male,3,Influencer
375,8131396878,customer375@example.com,47,Female,1,Referral
376,8716113045,customer376@example.com,57,Male,3,Google Ads
377,9897101639,customer377@example.com,41,Female,1,Organic
378,9462916400,customer378@example.com,45,Female,1,Google Ads
379,9840680932,customer379@example.com,55,Male,1,Google Ads
380,7467160671,customer380@example.com,46,Male,3,Instagram
381,8805025274,customer381@example.com,32,Female,3,Organic
382,7138399749,customer382@example.com,25,Male,2,Instagram
383,9062972041,customer383@example.com,40,Male,2,Instagram
384,8308573818,customer384@example.com,26,Female,3,Referral
385,7452356060,customer385@example.com,28,Female,3,Google Ads
386,8451989569,customer386@example.com,23,Female,2,Influencer
387,7790739758,customer387@example.com,29,Female,2,Organic
388,8311498273,customer388@example.com,51,Female,1,Google Ads
389,9595242063,customer389@example.com,38,Male,1,Instagram
390,9624419133,customer390@example.com,49,Female,1,Instagram
391,8351569271,customer391@example.com,53,Male,1,Referral
392,7741615928,customer392@example.com,42,Male,1,Google Ads
393,9224676849,customer393@example.com,52,Male,2,Organic
394,9254316437,customer394@example.com,51,Female,3,Organic
395,9882244910,customer395@example.com,36,Male,3,Instagram
396,8720015523,customer396@example.com,54,Male,2,Organic
397,8116060527,customer397@example.com,34,Female,1,Instagram
398,7517477517,customer398@example.com,33,Male,1,Google Ads
399,7557018766,customer399@example.com,33,Male,3,Google Ads
400,7415923911,customer400@example.com,21,Male,1,Referral
401,8779547334,customer401@example.com,47,Female,2,Referral
402,8001769841,customer402@example.com,51,Female,1,Instagram
403,7676641539,customer403@example.com,22,Male,1,Organic
404,7186542993,customer404@example.com,50,Female,1,Organic
405,8272666619,customer405@example.com,26,Female,2,Instagram
406,7298218983,customer406@example.com,34,Male,2,Organic
407,9826679322,customer407@example.com,29,Female,2,Instagram
408,8409252481,customer408@example.com,41,Female,2,Instagram
409,7155718109,customer409@example.com,29,Male,1,Influencer
410,8167450572,customer410@example.com,32,Male,1,Google Ads
411,9030740789,customer411@example.com,33,Female,2,Instagram
412,8187621645,customer412@example.com,40,Male,1,Google Ads
413,8318267157,customer413@example.com,35,Male,1,Google Ads
414,8620575471,customer414@example.com,39,Male,3,Organic
415,8003580049,customer415@example.com,48,Male,2,Influencer
416,9449572803,customer416@example.com,32,Female,1,Google Ads
417,8879808298,customer417@example.com,38,Male,3,Google Ads
418,8008536496,customer418@example.com,25,Male,2,Organic
419,7770753723,customer419@example.com,57,Female,3,Referral
420,8563365709,customer420@example.com,53,Female,2,Instagram
421,7666699788,customer421@example.com,59,Female,1,Organic
422,9166387011,customer422@example.com,55,Female,1,Organic
423,9703948678,customer423@example.com,23,Other,3,Influencer
424,9644954822,customer424@example.com,34,Female,1,Google Ads
425,9665264615,customer425@example.com,57,Female,1,Influencer
426,7703009769,customer426@example.com,53,Male,3,Organic
427,8013027775,customer427@example.com,45,Female,3,Instagram
428,9548396086,customer428@example.com,40,Female,3,Instagram
429,8986159321,customer429@example.com,48,Male,3,Organic
430,7575841789,customer430@example.com,28,Male,2,Organic
431,7359784534,customer431@example.com,37,Female,2,Instagram
432,7689557326,customer432@example.com,49,Female,2,Influencer
433,9411570511,customer433@example.com,34,Male,2,Influencer
434,8690567658,customer434@example.com,59,Female,2,Influencer
435,8253100923,customer435@example.com,55,Female,2,Referral
436,8103695581,customer436@example.com,23,Male,1,Google Ads
437,7340775472,customer437@example.com,18,Male,2,Organic
438,9214225713,customer438@example.com,54,Female,3,Referral
439,7600966003,customer439@example.com,21,Male,3,Google Ads
440,7443768690,customer440@example.com,48,Male,2,Organic
441,8606978233,customer441@example.com,28,Male,1,Google Ads
442,7862946701,customer442@example.com,34,Female,3,Referral
443,8616816316,customer443@example.com,24,Male,2,Google Ads
444,9404265741,customer444@example.com,52,Male,2,Google Ads
445,8875968625,customer445@example.com,19,Male,3,Organic
446,9612395084,customer446@example.com,57,Male,2,Instagram
447,8688002519,customer447@example.com,54,Male,3,Influencer
448,7004303218,customer448@example.com,54,Male,1,Influencer
449,7063494058,customer449@example.com,27,Male,3,Google Ads
450,9165433534,customer450@example.com,29,Male,2,Google Ads
451,9546896630,customer451@example.com,34,Male,2,Instagram
452,9730473772,customer452@example.com,43,Female,2,Instagram
453,8820159150,customer453@example.com,22,Female,2,Instagram
454,8049872202,customer454@example.com,22,Female,2,Organic
455,9070486388,customer455@example.com,55,Female,2,Instagram
456,7199537669,customer456@example.com,44,Other,2,Instagram
457,8845051587,customer457@example.com,22,Male,3,Instagram
458,8897275552,customer458@example.com,25,Male,1,Google Ads
459,8903959166,customer459@example.com,48,Female,1,Google Ads
460,9330189778,customer460@example.com,50,Male,3,Influencer
461,9689152527,customer461@example.com,38,Female,2,Instagram
462,9395811611,customer462@example.com,52,Female,1,Organic
463,9387173196,customer463@example.com,38,Female,2,Influencer
464,9594017021,customer464@example.com,32,Female,2,Influencer
465,7436473531,customer465@example.com,53,Male,2,Instagram
466,7007347677,customer466@example.com,19,Male,1,Instagram
467,9591500224,customer467@example.com,47,Male,3,Instagram
468,8095692399,customer468@example.com,45,Male,3,Google Ads
469,9999207991,customer469@example.com,34,Female,3,Google Ads
470,7076638510,customer470@example.com,37,Male,3,Google Ads
471,7083423738,customer471@example.com,57,Female,1,Google Ads
472,8851968526,customer472@example.com,46,Male,2,Organic
473,7402462540,customer473@example.com,22,Male,3,Organic
474,9957013189,customer474@example.com,42,Female,1,Google Ads
475,8773438171,customer475@example.com,27,Female,3,Instagram
476,9092828690,customer476@example.com,36,Female,3,Google Ads
477,9948284895,customer477@example.com,58,Female,2,Google Ads
478,8866768856,customer478@example.com,18,Male,2,Instagram
479,9180025418,customer479@example.com,51,Female,2,Google Ads
480,7933479343,customer480@example.com,31,Female,2,Referral
481,9527594199,customer481@example.com,42,Male,2,Influencer
482,8610640339,customer482@example.com,43,Male,3,Influencer
483,8681016953,customer483@example.com,38,Female,2,Influencer
484,8004060019,customer484@example.com,33,Male,2,Influencer
485,9208974145,customer485@example.com,27,Female,3,Google Ads
486,8038140335,customer486@example.com,49,Female,2,Google Ads
487,8982856919,customer487@example.com,37,Male,3,Google Ads
488,9551119047,customer488@example.com,26,Male,3,Influencer
489,7147941254,customer489@example.com,51,Female,1,Organic
490,9334181919,customer490@example.com,48,Female,2,Instagram
491,8829635396,customer491@example.com,36,Male,2,Referral
492,8022058769,customer492@example.com,48,Female,3,Instagram
493,9758299836,customer493@example.com,47,Female,3,Organic
494,7811828451,customer494@example.com,41,Male,2,Organic
495,8781557948,customer495@example.com,50,Female,2,Instagram
496,8089632950,customer496@example.com,35,Female,3,Organic
497,8218213105,customer497@example.com,38,Male,2,Google Ads
498,9979918277,customer498@example.com,48,Female,1,Organic
499,8225030284,customer499@example.com,56,Female,2,Google Ads
500,7432437375,customer500@example.com,59,Male,1,Influencer
501,8433383895,customer501@example.com,58,Male,2,Organic
502,8969272094,customer502@example.com,21,Female,2,Instagram
503,7195980300,customer503@example.com,43,Male,3,Organic
504,8710732340,customer504@example.com,50,Female,2,Google Ads
505,9025016063,customer505@example.com,50,Female,1,Instagram
506,9957858357,customer506@example.com,37,Female,2,Google Ads
507,9821530788,customer507@example.com,58,Female,1,Google Ads
508,7186468753,customer508@example.com,25,Male,1,Influencer
509,8052553181,customer509@example.com,53,Male,2,Instagram
510,9290608046,customer510@example.com,25,Female,3,Google Ads
511,7287246342,customer511@example.com,48,Female,3,Instagram
512,8898691664,customer512@example.com,39,Female,3,Influencer
513,7823053012,customer513@example.com,59,Female,1,Google Ads
514,9876307328,customer514@example.com,36,Male,3,Influencer
515,9933814384,customer515@example.com,37,Female,1,Organic
516,9881823000,customer516@example.com,40,Male,1,Google Ads
517,7874482268,customer517@example.com,41,Male,3,Organic
518,7510109989,customer518@example.com,41,Male,2,Google Ads
519,9762711926,customer519@example.com,53,Male,2,Google Ads
520,7076349030,customer520@example.com,26,Female,3,Organic
521,9090663127,customer521@example.com,57,Male,1,Organic
522,9759883009,customer522@example.com,33,Female,1,Organic
523,8415605746,customer523@example.com,44,Female,3,Google Ads
524,7953698996,customer524@example.com,54,Female,1,Instagram
525,9462143473,customer525@example.com,30,Female,2,Influencer
526,9869675729,customer526@example.com,19,Female,2,Google Ads
527,7905081161,customer527@example.com,29,Male,1,Organic
528,8975665988,customer528@example.com,58,Female,3,Instagram
529,8689220431,customer529@example.com,50,Male,2,Organic
530,9827540320,customer530@example.com,40,Male,2,Referral
531,7451253843,customer531@example.com,31,Other,1,Google Ads
532,8159162847,customer532@example.com,56,Female,2,Google Ads
533,7597224927,customer533@example.com,47,Male,1,Influencer
534,7971390339,customer534@example.com,51,Female,2,Organic
535,9821880597,customer535@example.com,26,Male,2,Referral
536,8281506263,customer536@example.com,32,Female,2,Instagram
537,9842751279,customer537@example.com,41,Female,3,Google Ads
538,8695082466,customer538@example.com,58,Male,3,Google Ads
539,8239671867,customer539@example.com,42,Female,2,Google Ads
540,8558348036,customer540@example.com,53,Male,1,Referral
541,8895789307,customer541@example.com,49,Other,3,Instagram
542,8106988256,customer542@example.com,38,Female,1,Influencer
543,7981763174,customer543@example.com,59,Male,1,Organic
544,9569073801,customer544@example.com,56,Female,1,Google Ads
545,7590379485,customer545@example.com,23,Male,3,Google Ads
546,8055575413,customer546@example.com,42,Male,1,Google Ads
547,9949316991,customer547@example.com,19,Female,2,Influencer
548,8040005890,customer548@example.com,48,Male,3,Google Ads
549,9488070704,customer549@example.com,47,Male,3,Organic
550,7758080992,customer550@example.com,32,Female,2,Google Ads
551,9021187030,customer551@example.com,35,Male,2,Instagram
552,9031281301,customer552@example.com,49,Female,3,Google Ads
553,9490635751,customer553@example.com,31,Female,1,Organic
554,9077850825,customer554@example.com,35,Female,3,Influencer
555,9998244963,customer555@example.com,52,Female,1,Organic
556,8368335560,customer556@example.com,39,Male,3,Google Ads
557,9285542402,customer557@example.com,31,Female,1,Organic
558,9349832909,customer558@example.com,55,Female,2,Google Ads
559,7569703410,customer559@example.com,31,Female,1,Organic
560,9754819798,customer560@example.com,51,Female,1,Google Ads
561,7067232682,customer561@example.com,39,Female,2,Organic
562,8575161110,customer562@example.com,33,Female,3,Instagram
563,9064209508,customer563@example.com,33,Female,3,Google Ads
564,7106554332,customer564@example.com,33,Female,1,Influencer
565,7976806936,customer565@example.com,57,Male,1,Google Ads
566,8042431320,customer566@example.com,55,Male,3,Google Ads
567,9974394324,customer567@example.com,35,Female,3,Organic
568,9302997610,customer568@example.com,40,Female,2,Instagram
569,7249022428,customer569@example.com,57,Female,2,Google Ads
570,9039930105,customer570@example.com,35,Female,1,Organic
571,7264863444,customer571@example.com,39,Male,2,Referral
572,9989257862,customer572@example.com,57,Male,2,Organic
573,7035205080,customer573@example.com,47,Female,2,Instagram
574,9506256004,customer574@example.com,59,Male,2,Influencer
575,8580397982,customer575@example.com,59,Other,1,Google Ads
576,9131026010,customer576@example.com,35,Male,3,Organic
577,9747267561,customer577@example.com,35,Female,3,Instagram
578,8746040733,customer578@example.com,58,Male,3,Google Ads
579,9140845199,customer579@example.com,18,Male,1,Referral
580,8036590073,customer580@example.com,59,Male,1,Referral
581,9467961390,customer581@example.com,32,Female,3,Instagram
582,7982298927,customer582@example.com,22,Female,2,Instagram
583,7121017816,customer583@example.com,44,Male,3,Referral
584,9428504637,customer584@example.com,34,Male,1,Google Ads
585,9948880123,customer585@example.com,58,Female,3,Instagram
586,9989508533,customer586@example.com,49,Female,2,Google Ads
587,7262197370,customer587@example.com,55,Male,1,Instagram
588,9480359724,customer588@example.com,43,Female,2,Instagram
589,7606778551,customer589@example.com,19,Male,2,Referral
590,8233709330,customer590@example.com,45,Female,2,Instagram
591,7245888087,customer591@example.com,40,Male,1,Instagram
592,7100586410,customer592@example.com,37,Female,3,Google Ads
593,8102572989,customer593@example.com,53,Male,2,Google Ads
594,7467211401,customer594@example.com,59,Female,3,Google Ads
595,9865864855,customer595@example.com,39,Female,3,Referral
596,9304877482,customer596@example.com,28,Male,1,Instagram
597,7208517881,customer597@example.com,45,Male,2,Referral
598,9163071242,customer598@example.com,39,Male,1,Organic
599,7661659881,customer599@example.com,34,Female,2,Organic
600,9645065308,customer600@example.com,48,Female,3,Instagram
601,9317145700,customer601@example.com,28,Male,2,Google Ads
602,7348667440,customer602@example.com,53,Female,1,Instagram
603,9858241947,customer603@example.com,31,Male,1,Organic
604,7173990406,customer604@example.com,52,Male,1,Google Ads
605,9722632726,customer605@example.com,40,Male,2,Organic
606,9105709822,customer606@example.com,46,Male,3,Organic
607,8308293030,customer607@example.com,40,Male,2,Organic
608,8446736325,customer608@example.com,53,Female,3,Instagram
609,7328465946,customer609@example.com,33,Other,2,Instagram
610,8591212075,customer610@example.com,56,Female,2,Influencer
611,7175606275,customer611@example.com,37,Other,2,Instagram
612,8378915449,customer612@example.com,42,Female,3,Google Ads
613,9277479721,customer613@example.com,36,Male,1,Instagram
614,7818319038,customer614@example.com,43,Female,2,Organic
615,7838509581,customer615@example.com,49,Female,3,Google Ads
616,9513768601,customer616@example.com,38,Female,2,Google Ads
617,7562865504,customer617@example.com,26,Female,1,Organic
618,7926924629,customer618@example.com,36,Female,2,Organic
619,8157387662,customer619@example.com,38,Male,2,Organic
620,7540203923,customer620@example.com,35,Male,3,Organic
621,9825568607,customer621@example.com,23,Female,2,Google Ads
622,8489441298,customer622@example.com,52,Male,2,Instagram
623,8602108741,customer623@example.com,31,Male,2,Instagram
624,9061016695,customer624@example.com,26,Female,2,Organic
625,9422838313,customer625@example.com,52,Female,3,Instagram
626,8554024508,customer626@example.com,19,Female,2,Google Ads
627,7292172516,customer627@example.com,23,Female,1,Instagram
628,8389867241,customer628@example.com,52,Male,3,Instagram
629,9967869978,customer629@example.com,42,Female,1,Instagram
630,8591138617,customer630@example.com,26,Male,1,Instagram
631,9687201135,customer631@example.com,48,Female,1,Instagram
632,8383559907,customer632@example.com,24,Female,3,Organic
633,7252140862,customer633@example.com,45,Female,3,Organic
634,8352658432,customer634@example.com,19,Female,1,Instagram
635,8902266027,customer635@example.com,18,Male,2,Organic
636,9866752060,customer636@example.com,54,Female,2,Google Ads
637,9089635065,customer637@example.com,41,Female,2,Instagram
638,9362032014,customer638@example.com,52,Male,1,Instagram
639,8703346750,customer639@example.com,24,Female,1,Google Ads
640,7625769588,customer640@example.com,55,Female,2,Organic
641,9000796213,customer641@example.com,46,Male,3,Google Ads
642,9269752516,customer642@example.com,18,Female,1,Organic
643,8963736346,customer643@example.com,47,Female,1,Google Ads
644,9929424296,customer644@example.com,49,Male,1,Influencer
645,7088489542,customer645@example.com,27,Female,2,Instagram
646,7739257854,customer646@example.com,51,Female,1,Influencer
647,9118112236,customer647@example.com,28,Female,3,Google Ads
648,9813819097,customer648@example.com,54,Female,2,Organic
649,8867331718,customer649@example.com,44,Female,2,Instagram
650,7303256715,customer650@example.com,27,Female,2,Google Ads
651,7594996239,customer651@example.com,55,Male,1,Organic
652,9832143765,customer652@example.com,39,Male,2,Google Ads
653,8129884217,customer653@example.com,41,Male,3,Google Ads
654,7596009192,customer654@example.com,25,Female,1,Influencer
655,7042075828,customer655@example.com,23,Female,1,Instagram
656,8802573485,customer656@example.com,21,Male,1,Google Ads
657,8663334478,customer657@example.com,22,Male,3,Influencer
658,7160039611,customer658@example.com,23,Female,1,Influencer
659,7091685919,customer659@example.com,49,Female,2,Instagram
660,8986081383,customer660@example.com,55,Male,2,Influencer
661,7206593553,customer661@example.com,37,Male,2,Instagram
662,9597239039,customer662@example.com,57,Other,1,Influencer
663,9987369289,customer663@example.com,53,Male,2,Instagram
664,8319419590,customer664@example.com,31,Female,1,Organic
665,8532168258,customer665@example.com,36,Female,1,Instagram
666,8164468389,customer666@example.com,28,Female,2,Organic
667,9832181544,customer667@example.com,56,Female,3,Google Ads
668,7354385999,customer668@example.com,18,Male,3,Influencer
669,9295049578,customer669@example.com,52,Female,3,Organic
670,7213772329,customer670@example.com,36,Female,2,Influencer
671,9135421808,customer671@example.com,50,Female,3,Organic
672,7065622031,customer672@example.com,49,Female,2,Organic
673,9972668507,customer673@example.com,53,Female,2,Organic
674,8024786824,customer674@example.com,41,Male,1,Instagram
675,9970760995,customer675@example.com,24,Male,2,Organic
676,7014190577,customer676@example.com,24,Female,3,Influencer
677,9752014949,customer677@example.com,22,Male,2,Influencer
678,9008169367,customer678@example.com,31,Male,2,Google Ads
679,9403929499,customer679@example.com,43,Female,3,Google Ads
680,8516209289,customer680@example.com,18,Female,2,Organic
681,9553746844,customer681@example.com,30,Female,2,Organic
682,8351201177,customer682@example.com,40,Female,2,Instagram
683,8154244422,customer683@example.com,37,Female,2,Instagram
684,9361933097,customer684@example.com,24,Male,3,Organic
685,9076874792,customer685@example.com,23,Other,2,Google Ads
686,9963486359,customer686@example.com,26,Female,2,Organic
687,7698392708,customer687@example.com,45,Male,2,Influencer
688,9017862651,customer688@example.com,27,Female,2,Organic
689,8299493137,customer689@example.com,52,Male,3,Influencer
690,9449275118,customer690@example.com,24,Female,2,Google Ads
691,7698540552,customer691@example.com,42,Female,2,Instagram
692,9222691991,customer692@example.com,47,Male,2,Google Ads
693,7296268936,customer693@example.com,43,Male,2,Referral
694,7877844247,customer694@example.com,29,Female,3,Google Ads
695,9437654491,customer695@example.com,30,Other,1,Google Ads
696,8377014896,customer696@example.com,57,Male,2,Organic
697,7940576143,customer697@example.com,21,Female,3,Instagram
698,9890528458,customer698@example.com,18,Male,1,Organic
699,9878354431,customer699@example.com,23,Male,1,Instagram
700,8580652038,customer700@example.com,19,Female,1,Instagram
701,7121197267,customer701@example.com,44,Female,3,Organic
702,7217260582,customer702@example.com,35,Female,1,Instagram
703,9657223283,customer703@example.com,59,Female,1,Organic
704,9577445969,customer704@example.com,46,Female,2,Referral
705,8635644165,customer705@example.com,50,Female,3,Google Ads
706,8032269378,customer706@example.com,20,Female,3,Referral
707,7243959372,customer707@example.com,37,Male,1,Referral
708,7405478772,customer708@example.com,21,Female,3,Instagram
709,9334889070,customer709@example.com,35,Male,1,Google Ads
710,7167026877,customer710@example.com,25,Male,1,Referral
711,8892707670,customer711@example.com,39,Male,2,Instagram
712,8564462560,customer712@example.com,58,Female,2,Google Ads
713,9137950946,customer713@example.com,39,Male,2,Google Ads
714,8587346748,customer714@example.com,36,Male,3,Influencer
715,8933707403,customer715@example.com,45,Female,2,Instagram
716,8137406082,customer716@example.com,19,Female,3,Instagram
717,8259550457,customer717@example.com,26,Female,1,Instagram
718,9042176964,customer718@example.com,52,Female,3,Instagram
719,9841234264,customer719@example.com,39,Female,1,Instagram
720,7456997834,customer720@example.com,43,Female,2,Google Ads
721,8478642084,customer721@example.com,51,Male,2,Organic
722,7893431073,customer722@example.com,24,Female,2,Google Ads
723,9457763536,customer723@example.com,47,Male,3,Google Ads
724,9049936843,customer724@example.com,42,Female,2,Organic
725,9848736493,customer725@example.com,26,Female,1,Google Ads
726,9448853121,customer726@example.com,44,Female,1,Organic
727,9454148391,customer727@example.com,18,Female,3,Google Ads
728,9228300661,customer728@example.com,50,Female,2,Organic
729,9884222537,customer729@example.com,25,Other,2,Instagram
730,8408050294,customer730@example.com,49,Male,3,Referral
731,7969785878,customer731@example.com,57,Other,3,Influencer
732,9938644019,customer732@example.com,36,Male,3,Google Ads
733,8275940822,customer733@example.com,53,Male,2,Google Ads
734,8131896725,customer734@example.com,39,Female,1,Influencer
735,7950522299,customer735@example.com,56,Other,3,Google Ads
736,9743880174,customer736@example.com,43,Male,3,Google Ads
737,7609429118,customer737@example.com,20,Female,3,Organic
738,9336991225,customer738@example.com,26,Other,2,Google Ads
739,8243279256,customer739@example.com,52,Female,2,Google Ads
740,8612993612,customer740@example.com,24,Male,3,Instagram
741,8669202463,customer741@example.com,32,Female,3,Instagram
742,8051235564,customer742@example.com,21,Female,1,Google Ads
743,7610970195,customer743@example.com,54,Male,2,Instagram
744,9092673208,customer744@example.com,45,Other,2,Google Ads
745,9955805457,customer745@example.com,26,Male,3,Google Ads
746,7411942927,customer746@example.com,52,Male,1,Instagram
747,9604830741,customer747@example.com,42,Male,3,Instagram
748,8028037797,customer748@example.com,26,Male,1,Instagram
749,9973786187,customer749@example.com,50,Female,1,Google Ads
750,8426128332,customer750@example.com,34,Female,2,Instagram
751,7428214505,customer751@example.com,29,Other,3,Organic
752,9923578564,customer752@example.com,26,Male,2,Google Ads
753,7839540448,customer753@example.com,22,Male,1,Instagram
754,9046556549,customer754@example.com,43,Male,1,Instagram
755,8487933942,customer755@example.com,36,Female,1,Referral
756,7764924294,customer756@example.com,52,Female,1,Instagram
757,9059337131,customer757@example.com,19,Male,2,Organic
758,8092756157,customer758@example.com,24,Male,2,Instagram
759,7735487166,customer759@example.com,26,Female,2,Google Ads
760,7003436267,customer760@example.com,39,Female,1,Instagram
761,9557765595,customer761@example.com,59,Male,3,Organic
762,9704275166,customer762@example.com,50,Female,2,Google Ads
763,9474083138,customer763@example.com,33,Male,2,Organic
764,8131429184,customer764@example.com,41,Female,3,Referral
765,9940560877,customer765@example.com,25,Female,1,Google Ads
766,7642869975,customer766@example.com,47,Female,1,Referral
767,7472612146,customer767@example.com,43,Female,1,Instagram
768,9990980097,customer768@example.com,52,Male,3,Google Ads
769,9558373176,customer769@example.com,34,Female,1,Influencer
770,7388706468,customer770@example.com,55,Male,2,Organic
771,8133127859,customer771@example.com,27,Male,3,Google Ads
772,9116775970,customer772@example.com,58,Female,2,Google Ads
773,9802848850,customer773@example.com,34,Male,2,Instagram
774,7965863615,customer774@example.com,24,Female,1,Instagram
775,9513777701,customer775@example.com,19,Female,3,Instagram
776,8382567625,customer776@example.com,28,Male,2,Instagram
777,7493067165,customer777@example.com,20,Male,2,Instagram
778,9431954196,customer778@example.com,37,Female,3,Instagram
779,7589488048,customer779@example.com,30,Male,2,Organic
780,9655603053,customer780@example.com,40,Female,2,Instagram
781,9083567887,customer781@example.com,34,Male,2,Google Ads
782,9921402023,customer782@example.com,46,Male,3,Instagram
783,8644073941,customer783@example.com,56,Female,2,Instagram
784,8081500838,customer784@example.com,49,Female,3,Referral
785,7460570820,customer785@example.com,52,Female,2,Instagram
786,9055026922,customer786@example.com,52,Female,2,Influencer
787,9263329813,customer787@example.com,51,Female,1,Organic
788,8756613995,customer788@example.com,38,Male,2,Referral
789,9283915059,customer789@example.com,33,Male,1,Organic
790,8074511825,customer790@example.com,40,Male,2,Influencer
791,9943917961,customer791@example.com,28,Female,1,Instagram
792,7576041566,customer792@example.com,31,Male,2,Influencer
793,9264776515,customer793@example.com,20,Female,1,Google Ads
794,9810452761,customer794@example.com,24,Female,3,Google Ads
795,8608651209,customer795@example.com,57,Female,2,Instagram
796,9485424714,customer796@example.com,28,Male,3,Instagram
797,9597748386,customer797@example.com,50,Female,2,Organic
798,8531752696,customer798@example.com,36,Female,3,Organic
799,7517005486,customer799@example.com,58,Female,1,Google Ads
800,7162072761,customer800@example.com,40,Male,2,Instagram
801,8060599763,customer801@example.com,40,Male,2,Instagram
802,8003463909,customer802@example.com,46,Female,1,Instagram
803,8611799949,customer803@example.com,23,Female,2,Instagram
804,8147527841,customer804@example.com,56,Female,1,Google Ads
805,8160919303,customer805@example.com,22,Female,2,Organic
806,7948041851,customer806@example.com,49,Male,1,Google Ads
807,7270290704,customer807@example.com,57,Female,1,Instagram
808,8364704324,customer808@example.com,43,Female,1,Influencer
809,9927208859,customer809@example.com,31,Male,3,Instagram
810,8071872480,customer810@example.com,35,Female,2,Organic
811,9833398573,customer811@example.com,38,Male,3,Instagram
812,8209637204,customer812@example.com,42,Female,3,Organic
813,8125225498,customer813@example.com,37,Female,2,Instagram
814,7022572257,customer814@example.com,41,Male,2,Organic
815,9592307352,customer815@example.com,20,Male,3,Organic
816,9588922362,customer816@example.com,39,Female,2,Google Ads
817,7977534152,customer817@example.com,25,Female,3,Instagram
818,7541448762,customer818@example.com,46,Female,2,Google Ads
819,7935287536,customer819@example.com,24,Female,2,Influencer
820,7297024491,customer820@example.com,23,Female,1,Instagram
821,9974664783,customer821@example.com,23,Female,1,Organic
822,9370353548,customer822@example.com,29,Female,2,Instagram
823,8983379311,customer823@example.com,39,Male,2,Google Ads
824,8045845523,customer824@example.com,43,Female,1,Organic
825,7030477491,customer825@example.com,42,Male,1,Organic
826,7506345089,customer826@example.com,36,Male,2,Organic
827,7374707315,customer827@example.com,53,Female,2,Referral
828,8141250526,customer828@example.com,52,Male,3,Referral
829,8157084445,customer829@example.com,30,Male,3,Referral
830,8153788729,customer830@example.com,42,Female,3,Google Ads
831,8308452976,customer831@example.com,49,Male,2,Google Ads
832,8094985790,customer832@example.com,47,Female,2,Instagram
833,8962854772,customer833@example.com,38,Male,3,Organic
834,8114967977,customer834@example.com,59,Male,1,Google Ads
835,7921302866,customer835@example.com,57,Male,1,Referral
836,7069636729,customer836@example.com,25,Female,1,Google Ads
837,7164446875,customer837@example.com,58,Female,3,Google Ads
838,7685037629,customer838@example.com,59,Female,2,Organic
839,8220905043,customer839@example.com,24,Male,2,Instagram
840,9465858300,customer840@example.com,20,Female,3,Instagram
841,8962155647,customer841@example.com,54,Female,2,Organic
842,9610844931,customer842@example.com,20,Female,3,Instagram
843,7416885054,customer843@example.com,35,Other,2,Organic
844,8355516389,customer844@example.com,59,Female,3,Instagram
845,7143837755,customer845@example.com,26,Female,2,Organic
846,8798400199,customer846@example.com,41,Male,1,Organic
847,7430339308,customer847@example.com,24,Male,1,Organic
848,9234654706,customer848@example.com,50,Female,1,Influencer
849,9546208192,customer849@example.com,42,Male,2,Google Ads
850,9798256063,customer850@example.com,59,Male,1,Organic
851,8473374540,customer851@example.com,51,Male,2,Instagram
852,9651654741,customer852@example.com,55,Female,3,Influencer
853,8504561052,customer853@example.com,38,Female,2,Influencer
854,9410039105,customer854@example.com,55,Male,3,Organic
855,9396549148,customer855@example.com,57,Female,1,Instagram
856,8816932028,customer856@example.com,35,Female,3,Instagram
857,8862236614,customer857@example.com,56,Other,1,Google Ads
858,9665997202,customer858@example.com,50,Male,2,Instagram
859,8111409394,customer859@example.com,45,Female,3,Google Ads
860,9149370490,customer860@example.com,42,Male,3,Google Ads
861,8993701061,customer861@example.com,31,Male,2,Instagram
862,7055910929,customer862@example.com,37,Male,2,Influencer
863,7452841957,customer863@example.com,56,Male,3,Influencer
864,7535779175,customer864@example.com,37,Female,2,Influencer
865,7105694978,customer865@example.com,24,Female,1,Instagram
866,7367516841,customer866@example.com,21,Male,3,Google Ads
867,9323969707,customer867@example.com,48,Male,3,Instagram
868,7460104598,customer868@example.com,47,Male,2,Organic
869,7764284222,customer869@example.com,54,Male,2,Influencer
870,7503724116,customer870@example.com,38,Male,1,Organic
871,7924259271,customer871@example.com,18,Male,1,Google Ads
872,8277079165,customer872@example.com,20,Male,2,Organic
873,9146720644,customer873@example.com,30,Female,1,Instagram
874,7607947994,customer874@example.com,24,Male,3,Instagram
875,7692154893,customer875@example.com,23,Female,3,Google Ads
876,7287509052,customer876@example.com,23,Male,2,Google Ads
877,9252954371,customer877@example.com,51,Female,3,Referral
878,8631603832,customer878@example.com,49,Male,1,Influencer
879,9991209702,customer879@example.com,33,Male,3,Instagram
880,8214922733,customer880@example.com,55,Male,2,Instagram
881,7207064337,customer881@example.com,25,Other,2,Google Ads
882,7509715805,customer882@example.com,38,Female,2,Referral
883,9791454236,customer883@example.com,28,Female,2,Instagram
884,9389147497,customer884@example.com,40,Male,3,Referral
885,8789532452,customer885@example.com,23,Male,2,Instagram
886,8164827538,customer886@example.com,32,Female,2,Influencer
887,9495864131,customer887@example.com,28,Female,1,Influencer
888,8292352900,customer888@example.com,44,Male,3,Influencer
889,9884868681,customer889@example.com,32,Male,2,Influencer
890,8765436271,customer890@example.com,55,Female,1,Instagram
891,9018472617,customer891@example.com,21,Female,1,Organic
892,9643048938,customer892@example.com,31,Male,1,Organic
893,9138347008,customer893@example.com,27,Male,2,Influencer
894,8831835084,customer894@example.com,46,Male,2,Google Ads
895,8230873183,customer895@example.com,29,Female,3,Google Ads
896,8892669318,customer896@example.com,57,Female,2,Organic
897,9371794668,customer897@example.com,37,Female,2,Instagram
898,8293939452,customer898@example.com,54,Female,3,Influencer
899,8321980176,customer899@example.com,19,Female,3,Instagram
900,9049543068,customer900@example.com,37,Male,1,Instagram
901,7529394040,customer901@example.com,29,Male,3,Organic
902,9862816859,customer902@example.com,55,Male,3,Influencer
903,8465417654,customer903@example.com,47,Female,2,Organic
904,9480853968,customer904@example.com,35,Female,2,Referral
905,7447679182,customer905@example.com,27,Female,2,Instagram
906,9551689071,customer906@example.com,24,Female,3,Google Ads
907,8071554729,customer907@example.com,59,Male,1,Google Ads
908,7366711398,customer908@example.com,22,Male,1,Instagram
909,8983824985,customer909@example.com,46,Female,2,Instagram
910,7298533760,customer910@example.com,52,Male,1,Instagram
911,7572891501,customer911@example.com,56,Female,2,Google Ads
912,9407089210,customer912@example.com,29,Male,3,Influencer
913,9830061669,customer913@example.com,27,Male,2,Organic
914,8860773737,customer914@example.com,54,Male,3,Google Ads
915,9435111892,customer915@example.com,19,Female,3,Instagram
916,9939739964,customer916@example.com,20,Male,1,Instagram
917,7832105917,customer917@example.com,31,Male,3,Instagram
918,9541614191,customer918@example.com,37,Male,1,Google Ads
919,7684631214,customer919@example.com,21,Male,3,Google Ads
920,7562373656,customer920@example.com,43,Female,3,Instagram
921,7025268209,customer921@example.com,32,Other,3,Referral
922,8500781847,customer922@example.com,26,Female,1,Google Ads
923,8663142850,customer923@example.com,20,Male,3,Instagram
924,8238530717,customer924@example.com,19,Female,2,Google Ads
925,7575449976,customer925@example.com,56,Male,1,Instagram
926,8776186580,customer926@example.com,58,Male,3,Google Ads
927,8109240375,customer927@example.com,47,Female,3,Instagram
928,9002977262,customer928@example.com,54,Male,2,Instagram
929,8383246437,customer929@example.com,34,Female,2,Google Ads
930,8319512048,customer930@example.com,20,Female,2,Google Ads
931,7164175331,customer931@example.com,26,Male,2,Instagram
932,7262495535,customer932@example.com,25,Female,3,Influencer
933,7266316201,customer933@example.com,26,Female,2,Instagram
934,7987550132,customer934@example.com,34,Male,1,Organic
935,7076383090,customer935@example.com,41,Male,2,Instagram
936,7003013617,customer936@example.com,25,Male,2,Instagram
937,8685353682,customer937@example.com,31,Female,2,Instagram
938,7210026816,customer938@example.com,33,Female,2,Instagram
939,7015471065,customer939@example.com,35,Female,1,Referral
940,9771758617,customer940@example.com,41,Male,1,Instagram
941,8863833873,customer941@example.com,56,Female,2,Google Ads
942,8776957643,customer942@example.com,44,Female,2,Organic
943,8178334164,customer943@example.com,45,Male,2,Google Ads
944,7537745208,customer944@example.com,24,Female,3,Instagram
945,7823612570,customer945@example.com,51,Male,2,Organic
946,7301758128,customer946@example.com,44,Female,2,Instagram
947,9852416975,customer947@example.com,51,Female,2,Influencer
948,7712690657,customer948@example.com,56,Female,2,Google Ads
949,9632238814,customer949@example.com,36,Female,1,Organic
950,8031734344,customer950@example.com,23,Other,3,Referral
951,7426212273,customer951@example.com,47,Other,1,Influencer
952,9294387674,customer952@example.com,45,Female,3,Organic
953,9360576165,customer953@example.com,29,Male,3,Google Ads
954,7430169247,customer954@example.com,32,Female,1,Instagram
955,8754180103,customer955@example.com,56,Female,3,Influencer
956,8344725217,customer956@example.com,56,Male,1,Instagram
957,8086932588,customer957@example.com,32,Female,2,Influencer
958,9394811407,customer958@example.com,53,Female,2,Organic
959,9491816756,customer959@example.com,20,Male,3,Influencer
960,9036005324,customer960@example.com,18,Male,1,Google Ads
961,9899924948,customer961@example.com,24,Other,2,Instagram
962,8930940599,customer962@example.com,26,Male,1,Organic
963,7609380874,customer963@example.com,18,Male,2,Referral
964,9563565514,customer964@example.com,22,Female,2,Influencer
965,9263055672,customer965@example.com,53,Female,1,Influencer
966,8591812918,customer966@example.com,27,Female,1,Organic
967,7040477717,customer967@example.com,19,Female,1,Instagram
968,7406540059,customer968@example.com,40,Male,3,Influencer
969,8699083419,customer969@example.com,56,Female,3,Instagram
970,8712815365,customer970@example.com,46,Male,2,Instagram
971,7988930179,customer971@example.com,36,Female,3,Organic
972,9713063788,customer972@example.com,55,Female,2,Organic
973,7245597553,customer973@example.com,37,Female,2,Instagram
974,8672627005,customer974@example.com,29,Male,2,Instagram
975,9983540582,customer975@example.com,28,Male,3,Influencer
976,9213921029,customer976@example.com,52,Male,1,Referral
977,8584244464,customer977@example.com,24,Male,2,Instagram
978,8684147319,customer978@example.com,40,Male,3,Organic
979,8288777770,customer979@example.com,34,Female,3,Google Ads
980,7587201165,customer980@example.com,19,Male,1,Google Ads
981,7178630337,customer981@example.com,22,Female,3,Influencer
982,9331963526,customer982@example.com,38,Male,1,Google Ads
983,8523948536,customer983@example.com,30,Female,1,Organic
984,9134338157,customer984@example.com,28,Male,1,Organic
985,9769369551,customer985@example.com,41,Female,2,Organic
986,9776878851,customer986@example.com,50,Female,2,Google Ads
987,9626899155,customer987@example.com,44,Male,1,Google Ads
988,8884487675,customer988@example.com,52,Female,1,Influencer
989,9267706211,customer989@example.com,35,Female,2,Google Ads
990,8782259052,customer990@example.com,38,Female,1,Organic
991,8382026640,customer991@example.com,21,Male,1,Instagram
992,7797999192,customer992@example.com,58,Female,3,Instagram
993,8303429157,customer993@example.com,49,Female,2,Referral
994,7603258868,customer994@example.com,28,Other,3,Google Ads
995,8748647689,customer995@example.com,20,Female,2,Organic
996,8086004785,customer996@example.com,38,Male,1,Organic
997,8975534122,customer997@example.com,31,Female,2,Organic
998,7445457135,customer998@example.com,23,Other,3,Instagram
999,7408218645,customer999@example.com,46,Male,1,Organic
1000,9303809246,customer1000@example.com,48,Male,3,Organic
1001,7852632663,customer1001@example.com,45,Female,2,Instagram
1002,7610137295,customer1002@example.com,53,Male,3,Instagram
1003,7588385195,customer1003@example.com,45,Other,3,Google Ads
1004,7173477530,customer1004@example.com,36,Female,3,Google Ads
1005,9678103490,customer1005@example.com,20,Male,1,Organic
1006,7452653242,customer1006@example.com,29,Female,1,Organic
1007,8988553319,customer1007@example.com,53,Female,2,Google Ads
1008,8379180115,customer1008@example.com,41,Male,2,Instagram
1009,7628443873,customer1009@example.com,29,Female,2,Instagram
1010,7318236977,customer1010@example.com,41,Male,1,Google Ads
1011,8369055517,customer1011@example.com,18,Male,3,Influencer
1012,8441388583,customer1012@example.com,45,Female,1,Organic
1013,9010789515,customer1013@example.com,33,Male,2,Influencer
1014,8828141698,customer1014@example.com,38,Female,2,Organic
1015,8643397999,customer1015@example.com,47,Female,3,Instagram
1016,7990418697,customer1016@example.com,51,Male,2,Instagram
1017,8585668703,customer1017@example.com,43,Male,3,Referral
1018,9676236765,customer1018@example.com,52,Male,3,Google Ads
1019,8886750051,customer1019@example.com,48,Female,2,Influencer
1020,7701759116,customer1020@example.com,33,Female,1,Organic
1021,7447683931,customer1021@example.com,59,Female,1,Influencer
1022,8200642612,customer1022@example.com,46,Female,3,Instagram
1023,7071685118,customer1023@example.com,46,Male,2,Organic
1024,9978331909,customer1024@example.com,26,Male,2,Organic
1025,9399717003,customer1025@example.com,31,Male,1,Organic
1026,8684161882,customer1026@example.com,25,Female,1,Influencer
1027,8732043097,customer1027@example.com,19,Female,1,Referral
1028,8772568485,customer1028@example.com,28,Male,2,Instagram
1029,7999300942,customer1029@example.com,19,Male,2,Google Ads
1030,9440744870,customer1030@example.com,35,Female,2,Organic
1031,9260048591,customer1031@example.com,22,Male,3,Organic
1032,7854425391,customer1032@example.com,24,Male,2,Google Ads
1033,9288599834,customer1033@example.com,40,Male,3,Influencer
1034,8958470490,customer1034@example.com,36,Male,1,Organic
1035,8956405945,customer1035@example.com,36,Female,2,Google Ads
1036,8966125213,customer1036@example.com,36,Male,1,Instagram
1037,9498225456,customer1037@example.com,57,Female,3,Google Ads
1038,8247391312,customer1038@example.com,45,Male,1,Referral
1039,7339895838,customer1039@example.com,28,Female,3,Referral
1040,7854242441,customer1040@example.com,28,Female,3,Organic
1041,9865437170,customer1041@example.com,26,Male,2,Influencer
1042,7902453661,customer1042@example.com,31,Male,2,Instagram
1043,7111847440,customer1043@example.com,51,Male,2,Instagram
1044,9532517087,customer1044@example.com,46,Male,3,Influencer
1045,8098121719,customer1045@example.com,38,Female,2,Google Ads
1046,8106194422,customer1046@example.com,22,Male,1,Organic
1047,8253212353,customer1047@example.com,50,Male,3,Influencer
1048,9722273019,customer1048@example.com,26,Other,1,Google Ads
1049,7125708091,customer1049@example.com,20,Female,2,Google Ads
1050,8268278963,customer1050@example.com,31,Male,1,Instagram
1051,8335348674,customer1051@example.com,35,Male,3,Referral
1052,9467812196,customer1052@example.com,29,Male,2,Referral
1053,8111301269,customer1053@example.com,40,Male,2,Instagram
1054,9052233627,customer1054@example.com,31,Male,1,Influencer
1055,7761459394,customer1055@example.com,33,Female,3,Organic
1056,9861012129,customer1056@example.com,54,Male,1,Instagram
1057,9838204991,customer1057@example.com,37,Female,2,Instagram
1058,9311243191,customer1058@example.com,37,Male,3,Instagram
1059,9569560520,customer1059@example.com,32,Female,1,Instagram
1060,7739793393,customer1060@example.com,58,Male,3,Organic
1061,7584977398,customer1061@example.com,42,Female,1,Google Ads
1062,8845427838,customer1062@example.com,34,Male,2,Referral
1063,7867242652,customer1063@example.com,29,Male,2,Instagram
1064,7809296221,customer1064@example.com,59,Female,3,Organic
1065,8839518694,customer1065@example.com,56,Male,1,Google Ads
1066,7639616330,customer1066@example.com,24,Female,2,Instagram
1067,9244130805,customer1067@example.com,25,Female,3,Influencer
1068,9620629553,customer1068@example.com,41,Male,3,Google Ads
1069,8593781688,customer1069@example.com,42,Other,2,Referral
1070,8405701041,customer1070@example.com,38,Male,1,Referral
1071,8993067417,customer1071@example.com,50,Male,2,Influencer
1072,9060554118,customer1072@example.com,27,Female,3,Instagram
1073,7446510432,customer1073@example.com,39,Other,1,Referral
1074,9191313286,customer1074@example.com,36,Male,3,Instagram
1075,8278653472,customer1075@example.com,46,Female,2,Referral
1076,7126706822,customer1076@example.com,20,Male,1,Organic
1077,7737423375,customer1077@example.com,56,Female,2,Google Ads
1078,9685222910,customer1078@example.com,21,Male,2,Organic
1079,8903248784,customer1079@example.com,54,Male,2,Google Ads
1080,9734242445,customer1080@example.com,48,Male,3,Organic
1081,7809505172,customer1081@example.com,23,Female,1,Google Ads
1082,9955341997,customer1082@example.com,45,Female,2,Google Ads
1083,9969560460,customer1083@example.com,27,Male,3,Google Ads
1084,8182568431,customer1084@example.com,29,Female,2,Google Ads
1085,8241303629,customer1085@example.com,19,Female,2,Google Ads
1086,7755042907,customer1086@example.com,20,Male,3,Instagram
1087,9669993582,customer1087@example.com,18,Female,1,Organic
1088,9834659777,customer1088@example.com,52,Male,2,Google Ads
1089,9295689934,customer1089@example.com,41,Male,3,Organic
1090,7705344171,customer1090@example.com,51,Male,2,Google Ads
1091,7340514578,customer1091@example.com,37,Male,3,Influencer
1092,8543116460,customer1092@example.com,33,Female,1,Influencer
1093,8041720199,customer1093@example.com,47,Female,2,Referral
1094,8657697256,customer1094@example.com,56,Male,3,Instagram
1095,9900622451,customer1095@example.com,42,Female,1,Instagram
1096,9252482544,customer1096@example.com,22,Female,3,Google Ads
1097,8550840766,customer1097@example.com,46,Female,2,Influencer
1098,9408874270,customer1098@example.com,54,Female,3,Organic
1099,8263645696,customer1099@example.com,45,Male,3,Google Ads
1100,7666226112,customer1100@example.com,58,Female,2,Organic
1101,8357996311,customer1101@example.com,40,Male,3,Organic
1102,7352544174,customer1102@example.com,49,Male,2,Organic
1103,9168806850,customer1103@example.com,35,Female,3,Google Ads
1104,8133171238,customer1104@example.com,58,Female,2,Google Ads
1105,9907467479,customer1105@example.com,52,Male,3,Organic
1106,7781203407,customer1106@example.com,41,Male,1,Organic
1107,7101488112,customer1107@example.com,45,Male,2,Instagram
1108,7620520300,customer1108@example.com,53,Male,1,Instagram
1109,9197119975,customer1109@example.com,38,Female,1,Google Ads
1110,9320284540,customer1110@example.com,22,Female,2,Influencer
1111,9903276679,customer1111@example.com,43,Male,2,Google Ads
1112,9691352250,customer1112@example.com,40,Male,1,Referral
1113,7040971599,customer1113@example.com,50,Female,2,Organic
1114,7493023111,customer1114@example.com,43,Male,3,Influencer
1115,8091529407,customer1115@example.com,39,Male,2,Instagram
1116,8383124956,customer1116@example.com,37,Male,2,Instagram
1117,9369263786,customer1117@example.com,19,Male,3,Instagram
1118,7771853494,customer1118@example.com,58,Male,2,Organic
1119,7686839935,customer1119@example.com,35,Male,1,Google Ads
1120,7780076829,customer1120@example.com,22,Female,3,Instagram
1121,8424903516,customer1121@example.com,49,Female,1,Organic
1122,8703343861,customer1122@example.com,28,Female,1,Google Ads
1123,7080513545,customer1123@example.com,38,Female,2,Organic
1124,7241620772,customer1124@example.com,39,Female,2,Referral
1125,7687219668,customer1125@example.com,20,Male,2,Referral
1126,8437331036,customer1126@example.com,26,Female,2,Google Ads
1127,7889046695,customer1127@example.com,19,Female,3,Instagram
1128,7932893706,customer1128@example.com,45,Female,3,Google Ads
1129,9503473213,customer1129@example.com,51,Male,1,Instagram
1130,9939468149,customer1130@example.com,27,Female,1,Instagram
1131,8820154003,customer1131@example.com,36,Female,1,Referral
1132,7355950986,customer1132@example.com,46,Female,2,Referral
1133,7661156232,customer1133@example.com,19,Male,3,Google Ads
1134,9663640936,customer1134@example.com,23,Male,2,Influencer
1135,8110197770,customer1135@example.com,24,Female,3,Instagram
1136,9093571259,customer1136@example.com,53,Male,1,Google Ads
1137,9316377698,customer1137@example.com,25,Male,3,Organic
1138,9369903184,customer1138@example.com,36,Female,3,Organic
1139,9235906766,customer1139@example.com,27,Male,2,Influencer
1140,7836841437,customer1140@example.com,50,Male,1,Referral
1141,7488295539,customer1141@example.com,54,Female,2,Instagram
1142,9206496072,customer1142@example.com,55,Male,1,Referral
1143,8622981352,customer1143@example.com,44,Male,2,Google Ads
1144,8996642133,customer1144@example.com,46,Female,2,Google Ads
1145,8774570433,customer1145@example.com,36,Male,3,Instagram
1146,8190564781,customer1146@example.com,35,Male,2,Influencer
1147,9384252425,customer1147@example.com,40,Male,2,Organic
1148,7948257651,customer1148@example.com,18,Male,3,Influencer
1149,8670837969,customer1149@example.com,20,Female,1,Instagram
1150,9610317967,customer1150@example.com,27,Female,3,Instagram
1151,8508590075,customer1151@example.com,24,Male,2,Google Ads
1152,8777966938,customer1152@example.com,43,Male,1,Google Ads
1153,9189213410,customer1153@example.com,33,Male,1,Google Ads
1154,7948498952,customer1154@example.com,56,Male,1,Instagram
1155,7330220808,customer1155@example.com,49,Female,1,Instagram
1156,9011560217,customer1156@example.com,29,Female,2,Instagram
1157,7811983485,customer1157@example.com,25,Male,2,Google Ads
1158,9988698447,customer1158@example.com,25,Male,2,Google Ads
1159,9938662364,customer1159@example.com,28,Male,1,Organic
1160,9206596131,customer1160@example.com,50,Female,2,Influencer
1161,7760113201,customer1161@example.com,42,Male,2,Organic
1162,9808611443,customer1162@example.com,34,Male,3,Influencer
1163,8992393144,customer1163@example.com,48,Female,1,Instagram
1164,7490516344,customer1164@example.com,36,Female,3,Google Ads
1165,7414231387,customer1165@example.com,32,Male,1,Instagram
1166,7200523070,customer1166@example.com,52,Male,1,Instagram
1167,7451660334,customer1167@example.com,56,Male,2,Organic
1168,8006801551,customer1168@example.com,19,Male,2,Influencer
1169,7836527682,customer1169@example.com,51,Female,1,Instagram
1170,7010491279,customer1170@example.com,42,Female,1,Instagram
1171,9434956803,customer1171@example.com,55,Female,2,Organic
1172,7847038003,customer1172@example.com,21,Male,2,Instagram
1173,8262091930,customer1173@example.com,33,Female,1,Organic
1174,8076735273,customer1174@example.com,49,Female,3,Influencer
1175,8235663761,customer1175@example.com,32,Male,2,Google Ads
1176,8784333536,customer1176@example.com,59,Female,2,Referral
1177,7644976656,customer1177@example.com,31,Other,2,Instagram
1178,7691919696,customer1178@example.com,58,Male,1,Instagram
1179,8640187790,customer1179@example.com,32,Male,1,Organic
1180,8587232587,customer1180@example.com,24,Male,3,Referral
1181,7931775780,customer1181@example.com,24,Male,1,Referral
1182,8810773761,customer1182@example.com,25,Female,2,Instagram
1183,9493204978,customer1183@example.com,36,Female,1,Organic
1184,8600010398,customer1184@example.com,35,Female,1,Instagram
1185,8336860033,customer1185@example.com,34,Female,1,Organic
1186,9059147286,customer1186@example.com,35,Other,2,Organic
1187,9804233697,customer1187@example.com,36,Male,2,Influencer
1188,7949622235,customer1188@example.com,57,Female,2,Google Ads
1189,7474491461,customer1189@example.com,30,Male,3,Influencer
1190,9564839077,customer1190@example.com,28,Male,2,Referral
1191,9671280776,customer1191@example.com,24,Female,2,Google Ads
1192,7439999504,customer1192@example.com,44,Female,2,Google Ads
1193,8336877451,customer1193@example.com,54,Male,2,Google Ads
1194,9241235493,customer1194@example.com,22,Male,3,Google Ads
1195,7144603477,customer1195@example.com,25,Female,2,Organic
1196,8049001183,customer1196@example.com,27,Female,1,Instagram
1197,9201584348,customer1197@example.com,54,Female,2,Google Ads
1198,8673754652,customer1198@example.com,43,Male,1,Google Ads
1199,7486364156,customer1199@example.com,32,Male,1,Instagram
1200,9757615853,customer1200@example.com,33,Male,1,Google Ads
1201,8624092788,customer1201@example.com,46,Female,2,Google Ads
1202,9913420591,customer1202@example.com,45,Male,2,Organic
1203,8808691571,customer1203@example.com,27,Male,1,Google Ads
1204,7452152107,customer1204@example.com,57,Female,3,Referral
1205,7045261614,customer1205@example.com,21,Female,2,Google Ads
1206,9623028947,customer1206@example.com,57,Female,3,Organic
1207,8126938603,customer1207@example.com,31,Female,2,Instagram
1208,9955954212,customer1208@example.com,50,Female,3,Organic
1209,9822012175,customer1209@example.com,35,Male,3,Google Ads
1210,8605152628,customer1210@example.com,29,Female,2,Google Ads
1211,8263717875,customer1211@example.com,27,Male,3,Google Ads
1212,8906061712,customer1212@example.com,38,Male,3,Google Ads
1213,7204494855,customer1213@example.com,50,Female,2,Google Ads
1214,9249621424,customer1214@example.com,31,Male,3,Instagram
1215,9890394110,customer1215@example.com,26,Male,1,Instagram
1216,7712130249,customer1216@example.com,43,Female,1,Referral
1217,8035366581,customer1217@example.com,32,Other,3,Google Ads
1218,7977935540,customer1218@example.com,38,Female,3,Organic
1219,7267123424,customer1219@example.com,39,Male,2,Google Ads
1220,7771538917,customer1220@example.com,58,Male,1,Influencer
1221,9059012849,customer1221@example.com,22,Male,1,Organic
1222,7919440248,customer1222@example.com,33,Male,2,Google Ads
1223,9907085074,customer1223@example.com,52,Male,1,Organic
1224,9666578161,customer1224@example.com,22,Female,1,Organic
1225,9519510623,customer1225@example.com,43,Female,3,Instagram
1226,8543855156,customer1226@example.com,43,Female,1,Organic
1227,9778929660,customer1227@example.com,22,Female,2,Influencer
1228,9734524940,customer1228@example.com,53,Male,2,Instagram
1229,8220606386,customer1229@example.com,41,Male,3,Google Ads
1230,9468950503,customer1230@example.com,32,Female,2,Influencer
1231,7744977044,customer1231@example.com,47,Female,1,Referral
1232,7706681230,customer1232@example.com,22,Other,1,Organic
1233,9692227891,customer1233@example.com,57,Other,3,Google Ads
1234,8990858510,customer1234@example.com,39,Other,1,Organic
1235,7720707088,customer1235@example.com,50,Female,3,Instagram
1236,8823458350,customer1236@example.com,22,Female,2,Google Ads
1237,8173963883,customer1237@example.com,49,Male,2,Organic
1238,7750602782,customer1238@example.com,40,Female,2,Instagram
1239,8006405536,customer1239@example.com,27,Female,1,Organic
1240,7680492633,customer1240@example.com,53,Female,2,Organic
1241,8009110755,customer1241@example.com,34,Male,1,Instagram
1242,7998435706,customer1242@example.com,44,Female,3,Organic
1243,9787621233,customer1243@example.com,25,Female,2,Google Ads
1244,7563958520,customer1244@example.com,57,Male,3,Google Ads
1245,7994992790,customer1245@example.com,23,Male,3,Google Ads
1246,7122747513,customer1246@example.com,24,Female,2,Influencer
1247,7834497596,customer1247@example.com,43,Male,2,Google Ads
1248,8544269461,customer1248@example.com,34,Male,2,Organic
1249,9874157673,customer1249@example.com,54,Male,2,Instagram
1250,7261460315,customer1250@example.com,40,Male,2,Instagram
1251,8062076162,customer1251@example.com,44,Female,2,Google Ads
1252,9874620017,customer1252@example.com,57,Male,1,Google Ads
1253,9048816025,customer1253@example.com,36,Male,3,Google Ads
1254,9891631259,customer1254@example.com,44,Female,2,Organic
1255,9879833871,customer1255@example.com,42,Female,1,Organic
1256,7708874424,customer1256@example.com,57,Female,3,Google Ads
1257,7308932504,customer1257@example.com,42,Male,3,Influencer
1258,8619851770,customer1258@example.com,38,Female,2,Instagram
1259,8003370920,customer1259@example.com,42,Female,3,Influencer
1260,8898670410,customer1260@example.com,24,Male,3,Influencer
1261,9260113229,customer1261@example.com,52,Female,3,Instagram
1262,9426432310,customer1262@example.com,23,Female,1,Organic
1263,7210018487,customer1263@example.com,57,Female,1,Instagram
1264,9509406977,customer1264@example.com,32,Other,2,Referral
1265,9614349837,customer1265@example.com,41,Female,3,Google Ads
1266,9715419360,customer1266@example.com,21,Female,3,Instagram
1267,8890467131,customer1267@example.com,24,Male,3,Organic
1268,8355133012,customer1268@example.com,47,Female,2,Organic
1269,7475256595,customer1269@example.com,34,Female,1,Organic
1270,9026336818,customer1270@example.com,55,Female,1,Instagram
1271,9253085716,customer1271@example.com,47,Female,2,Organic
1272,7511332761,customer1272@example.com,56,Female,3,Referral
1273,9298412731,customer1273@example.com,26,Female,2,Referral
1274,9157631838,customer1274@example.com,36,Female,2,Organic
1275,8464156529,customer1275@example.com,30,Female,3,Influencer
1276,7724846641,customer1276@example.com,54,Male,1,Referral
1277,7466305243,customer1277@example.com,36,Male,3,Instagram
1278,7164683489,customer1278@example.com,23,Female,2,Google Ads
1279,7344733645,customer1279@example.com,29,Female,2,Instagram
1280,8559448736,customer1280@example.com,32,Male,3,Google Ads
1281,8784239594,customer1281@example.com,20,Male,1,Referral
1282,9821564022,customer1282@example.com,21,Male,2,Referral
1283,9395405807,customer1283@example.com,54,Female,1,Referral
1284,9728729424,customer1284@example.com,55,Female,1,Instagram
1285,9835224772,customer1285@example.com,23,Male,2,Influencer
1286,8772991918,customer1286@example.com,45,Male,1,Influencer
1287,7656707225,customer1287@example.com,25,Male,3,Organic
1288,8333987200,customer1288@example.com,48,Male,2,Organic
1289,9035327758,customer1289@example.com,38,Male,2,Referral
1290,8907503467,customer1290@example.com,46,Male,3,Referral
1291,7859837239,customer1291@example.com,32,Male,1,Instagram
1292,7358504845,customer1292@example.com,41,Female,1,Instagram
1293,8279334987,customer1293@example.com,38,Male,2,Referral
1294,8648899137,customer1294@example.com,40,Female,3,Google Ads
1295,8047117986,customer1295@example.com,48,Female,3,Instagram
1296,9740312289,customer1296@example.com,51,Male,1,Google Ads
1297,8312267535,customer1297@example.com,45,Female,3,Google Ads
1298,8097041584,customer1298@example.com,49,Female,1,Google Ads
1299,8312577449,customer1299@example.com,39,Female,2,Organic
1300,7265035525,customer1300@example.com,20,Other,2,Organic
1301,7958813837,customer1301@example.com,26,Female,1,Google Ads
1302,9922897091,customer1302@example.com,23,Female,1,Referral
1303,9212756995,customer1303@example.com,18,Female,2,Influencer
1304,7020988438,customer1304@example.com,39,Male,3,Influencer
1305,7824291091,customer1305@example.com,21,Female,1,Organic
1306,7772661821,customer1306@example.com,25,Male,1,Organic
1307,8217424765,customer1307@example.com,54,Male,3,Google Ads
1308,8090097765,customer1308@example.com,59,Male,2,Google Ads
1309,7308032644,customer1309@example.com,36,Female,1,Influencer
1310,8304397170,customer1310@example.com,18,Male,2,Organic
1311,8324443723,customer1311@example.com,58,Male,2,Google Ads
1312,9060160255,customer1312@example.com,41,Male,3,Influencer
1313,7511594664,customer1313@example.com,34,Female,1,Google Ads
1314,7795436344,customer1314@example.com,49,Male,3,Google Ads
1315,8002211505,customer1315@example.com,31,Female,1,Instagram
1316,7454602506,customer1316@example.com,34,Female,2,Organic
1317,9329807049,customer1317@example.com,49,Female,2,Google Ads
1318,9756755547,customer1318@example.com,50,Male,2,Google Ads
1319,9163042364,customer1319@example.com,47,Male,2,Instagram
1320,7305956038,customer1320@example.com,51,Male,3,Instagram
1321,7951353962,customer1321@example.com,45,Female,2,Instagram
1322,7532212902,customer1322@example.com,41,Male,2,Influencer
1323,7832704064,customer1323@example.com,31,Female,3,Google Ads
1324,7106025560,customer1324@example.com,51,Male,1,Organic
1325,9615749277,customer1325@example.com,18,Female,1,Google Ads
1326,8374426880,customer1326@example.com,39,Male,1,Google Ads
1327,9094030113,customer1327@example.com,50,Female,2,Influencer
1328,7718810998,customer1328@example.com,35,Female,1,Organic
1329,9172009165,customer1329@example.com,56,Male,3,Instagram
1330,7131023944,customer1330@example.com,29,Male,2,Organic
1331,7697864879,customer1331@example.com,27,Male,3,Organic
1332,9897538899,customer1332@example.com,19,Female,3,Google Ads
1333,7892255544,customer1333@example.com,19,Female,1,Instagram
1334,8163273370,customer1334@example.com,23,Male,1,Google Ads
1335,7861574597,customer1335@example.com,37,Male,1,Google Ads
1336,8588858241,customer1336@example.com,55,Male,3,Organic
1337,8735540697,customer1337@example.com,45,Male,2,Influencer
1338,7096358474,customer1338@example.com,59,Male,1,Google Ads
1339,9131662600,customer1339@example.com,20,Male,3,Organic
1340,8854550483,customer1340@example.com,54,Male,3,Organic
1341,9201236578,customer1341@example.com,54,Female,3,Organic
1342,8563188329,customer1342@example.com,59,Female,1,Organic
1343,7520301279,customer1343@example.com,42,Male,2,Organic
1344,7339861233,customer1344@example.com,40,Male,2,Influencer
1345,8979952897,customer1345@example.com,30,Female,2,Referral
1346,7842348826,customer1346@example.com,41,Male,2,Instagram
1347,8534916315,customer1347@example.com,20,Male,3,Instagram
1348,7191606940,customer1348@example.com,55,Male,1,Google Ads
1349,9560860243,customer1349@example.com,45,Female,1,Google Ads
1350,7103638774,customer1350@example.com,43,Male,2,Google Ads
1351,9081594972,customer1351@example.com,37,Other,2,Google Ads
1352,7559263485,customer1352@example.com,44,Male,2,Influencer
1353,9937894157,customer1353@example.com,18,Male,3,Organic
1354,7407807913,customer1354@example.com,27,Female,2,Google Ads
1355,9119273692,customer1355@example.com,27,Male,2,Google Ads
1356,8921550632,customer1356@example.com,18,Male,2,Influencer
1357,8718772311,customer1357@example.com,49,Female,2,Instagram
1358,9354090522,customer1358@example.com,49,Male,3,Instagram
1359,7600927093,customer1359@example.com,44,Female,2,Google Ads
1360,9839762669,customer1360@example.com,30,Female,3,Referral
1361,7218063117,customer1361@example.com,34,Male,2,Influencer
1362,8664971140,customer1362@example.com,45,Male,1,Google Ads
1363,7535627605,customer1363@example.com,42,Male,2,Instagram
1364,8631986072,customer1364@example.com,53,Female,2,Organic
1365,7340595195,customer1365@example.com,19,Female,2,Influencer
1366,7753385776,customer1366@example.com,49,Female,1,Organic
1367,7290499191,customer1367@example.com,49,Male,2,Google Ads
1368,9627875422,customer1368@example.com,23,Female,1,Organic
1369,9645580794,customer1369@example.com,48,Male,2,Referral
1370,8550258550,customer1370@example.com,26,Male,3,Organic
1371,8831022406,customer1371@example.com,33,Female,2,Organic
1372,9035069623,customer1372@example.com,42,Male,1,Google Ads
1373,8563988895,customer1373@example.com,57,Female,2,Organic
1374,9113825104,customer1374@example.com,45,Male,2,Organic
1375,7799198720,customer1375@example.com,34,Male,2,Instagram
1376,8372916354,customer1376@example.com,48,Female,2,Organic
1377,8191891770,customer1377@example.com,40,Female,3,Instagram
1378,9031082017,customer1378@example.com,48,Female,3,Referral
1379,8465056377,customer1379@example.com,43,Female,2,Instagram
1380,8615565173,customer1380@example.com,21,Female,2,Referral
1381,7872271835,customer1381@example.com,56,Male,1,Referral
1382,8222917879,customer1382@example.com,32,Female,2,Google Ads
1383,7269135489,customer1383@example.com,54,Female,1,Google Ads
1384,9343772051,customer1384@example.com,55,Other,1,Instagram
1385,8127269987,customer1385@example.com,40,Male,3,Instagram
1386,7066794988,customer1386@example.com,22,Male,3,Instagram
1387,9755053313,customer1387@example.com,58,Female,3,Google Ads
1388,8444309721,customer1388@example.com,42,Male,3,Organic
1389,9868189889,customer1389@example.com,47,Male,3,Google Ads
1390,8939252821,customer1390@example.com,43,Female,2,Organic
1391,9757627900,customer1391@example.com,20,Female,3,Organic
1392,9978954185,customer1392@example.com,21,Male,2,Instagram
1393,7788797221,customer1393@example.com,35,Male,1,Instagram
1394,9031143083,customer1394@example.com,54,Female,2,Organic
1395,8461719411,customer1395@example.com,28,Female,2,Instagram
1396,8337597693,customer1396@example.com,28,Male,2,Organic
1397,7181079806,customer1397@example.com,53,Female,2,Google Ads
1398,8154011995,customer1398@example.com,33,Male,2,Organic
1399,8039411665,customer1399@example.com,42,Female,1,Instagram
1400,8028901768,customer1400@example.com,18,Female,1,Influencer
1401,9933609810,customer1401@example.com,43,Female,2,Google Ads
1402,9652049340,customer1402@example.com,47,Female,1,Organic
1403,8045418449,customer1403@example.com,23,Other,1,Instagram
1404,7824413149,customer1404@example.com,44,Male,3,Google Ads
1405,9198957874,customer1405@example.com,36,Male,3,Instagram
1406,7450715821,customer1406@example.com,55,Female,1,Google Ads
1407,8948577641,customer1407@example.com,36,Female,1,Referral
1408,8994661656,customer1408@example.com,56,Female,3,Instagram
1409,9730772242,customer1409@example.com,49,Male,3,Instagram
1410,8470113818,customer1410@example.com,18,Male,2,Instagram
1411,9697048315,customer1411@example.com,42,Female,2,Instagram
1412,8127215202,customer1412@example.com,30,Female,1,Instagram
1413,8528641846,customer1413@example.com,27,Female,2,Organic
1414,9838051742,customer1414@example.com,35,Female,2,Instagram
1415,9176873111,customer1415@example.com,53,Male,1,Instagram
1416,9565132346,customer1416@example.com,39,Female,2,Organic
1417,8817289329,customer1417@example.com,23,Male,2,Google Ads
1418,8598632932,customer1418@example.com,44,Female,3,Instagram
1419,7283894640,customer1419@example.com,25,Female,3,Referral
1420,9145619851,customer1420@example.com,41,Male,3,Organic
1421,8120893460,customer1421@example.com,37,Female,2,Organic
1422,8221740105,customer1422@example.com,39,Male,1,Influencer
1423,9864279384,customer1423@example.com,26,Female,3,Referral
1424,7549660167,customer1424@example.com,57,Male,2,Instagram
1425,9359262672,customer1425@example.com,56,Female,2,Instagram
1426,7153713111,customer1426@example.com,36,Male,2,Organic
1427,8031886526,customer1427@example.com,18,Female,3,Organic
1428,7083552392,customer1428@example.com,28,Female,1,Instagram
1429,8507785020,customer1429@example.com,58,Male,3,Google Ads
1430,9421287214,customer1430@example.com,59,Female,2,Organic
1431,9037043568,customer1431@example.com,27,Female,1,Organic
1432,9093596679,customer1432@example.com,18,Female,3,Organic
1433,7777758254,customer1433@example.com,44,Male,3,Organic
1434,8733994531,customer1434@example.com,34,Female,1,Instagram
1435,9121074908,customer1435@example.com,34,Male,3,Google Ads
1436,9737966053,customer1436@example.com,56,Female,1,Instagram
1437,8999196847,customer1437@example.com,19,Male,2,Referral
1438,9466820159,customer1438@example.com,40,Male,2,Influencer
1439,8982910126,customer1439@example.com,58,Male,2,Organic
1440,8141697779,customer1440@example.com,27,Female,1,Instagram
1441,8800915044,customer1441@example.com,59,Female,2,Organic
1442,8340567165,customer1442@example.com,47,Other,1,Influencer
1443,8873805731,customer1443@example.com,52,Female,3,Influencer
1444,7190453344,customer1444@example.com,42,Female,1,Organic
1445,9878220953,customer1445@example.com,34,Female,3,Google Ads
1446,7711640669,customer1446@example.com,36,Female,3,Organic
1447,9537111250,customer1447@example.com,35,Female,1,Google Ads
1448,7191029606,customer1448@example.com,35,Female,3,Google Ads
1449,8481087954,customer1449@example.com,52,Female,2,Referral
1450,9774603192,customer1450@example.com,27,Female,3,Instagram
1451,9010732012,customer1451@example.com,40,Female,2,Influencer
1452,7259751160,customer1452@example.com,39,Male,1,Google Ads
1453,7068404098,customer1453@example.com,26,Male,1,Google Ads
1454,9381613511,customer1454@example.com,49,Female,3,Google Ads
1455,7124858945,customer1455@example.com,43,Male,3,Google Ads
1456,7972128593,customer1456@example.com,46,Female,2,Influencer
1457,7921383471,customer1457@example.com,59,Other,2,Instagram
1458,8256306800,customer1458@example.com,36,Female,2,Organic
1459,8096827822,customer1459@example.com,46,Female,2,Google Ads
1460,7016264974,customer1460@example.com,52,Male,1,Referral
1461,7286469846,customer1461@example.com,29,Female,3,Google Ads
1462,8803072132,customer1462@example.com,25,Female,1,Instagram
1463,8479767499,customer1463@example.com,42,Male,3,Referral
1464,9570554309,customer1464@example.com,44,Male,2,Referral
1465,9752256749,customer1465@example.com,23,Male,3,Instagram
1466,8505893908,customer1466@example.com,30,Female,1,Referral
1467,7310269181,customer1467@example.com,28,Male,2,Google Ads
1468,7479721827,customer1468@example.com,55,Male,2,Referral
1469,7120563028,customer1469@example.com,23,Male,1,Google Ads
1470,7453044451,customer1470@example.com,22,Female,3,Instagram
1471,9019544596,customer1471@example.com,24,Other,3,Organic
1472,8861586127,customer1472@example.com,36,Female,2,Influencer
1473,7838141041,customer1473@example.com,23,Female,2,Instagram
1474,9671630204,customer1474@example.com,42,Male,2,Organic
1475,7708248489,customer1475@example.com,26,Female,2,Influencer
1476,8760389730,customer1476@example.com,37,Male,3,Google Ads
1477,9932544125,customer1477@example.com,42,Male,2,Organic
1478,8131829950,customer1478@example.com,25,Male,3,Organic
1479,8927471686,customer1479@example.com,54,Male,1,Organic
1480,9267024523,customer1480@example.com,55,Male,2,Referral
1481,9423419897,customer1481@example.com,19,Female,2,Google Ads
1482,9592167905,customer1482@example.com,39,Male,2,Organic
1483,9682149058,customer1483@example.com,53,Female,2,Organic
1484,9986679154,customer1484@example.com,21,Female,1,Google Ads
1485,9422599602,customer1485@example.com,18,Female,2,Google Ads
1486,9092482998,customer1486@example.com,50,Female,3,Influencer
1487,7058491408,customer1487@example.com,41,Other,2,Instagram
1488,8998582353,customer1488@example.com,22,Male,2,Google Ads
1489,9064784700,customer1489@example.com,52,Female,3,Referral
1490,7654480716,customer1490@example.com,59,Male,3,Instagram
1491,7591236717,customer1491@example.com,43,Male,1,Influencer
1492,7860574147,customer1492@example.com,58,Male,1,Google Ads
1493,8103382321,customer1493@example.com,43,Male,2,Organic
1494,9370772995,customer1494@example.com,58,Female,1,Google Ads
1495,7300470167,customer1495@example.com,22,Male,2,Instagram
1496,8270811392,customer1496@example.com,35,Female,2,Organic
1497,8356412924,customer1497@example.com,42,Female,1,Referral
1498,8437550525,customer1498@example.com,58,Other,1,Influencer
1499,7951024363,customer1499@example.com,57,Female,3,Referral
1500,9769804350,customer1500@example.com,55,Male,3,Organic
1501,7500719555,customer1501@example.com,38,Female,2,Instagram
1502,7732531594,customer1502@example.com,41,Female,2,Organic
1503,9852497872,customer1503@example.com,45,Female,1,Organic
1504,9827986398,customer1504@example.com,21,Female,2,Instagram
1505,9221920374,customer1505@example.com,25,Female,3,Influencer
1506,8120101208,customer1506@example.com,50,Female,3,Organic
1507,9947476365,customer1507@example.com,20,Male,2,Google Ads
1508,7289847686,customer1508@example.com,37,Female,2,Instagram
1509,9337589663,customer1509@example.com,52,Female,2,Instagram
1510,7276330609,customer1510@example.com,56,Male,3,Referral
1511,8932203070,customer1511@example.com,24,Female,3,Influencer
1512,7569132861,customer1512@example.com,44,Male,2,Organic
1513,7582522387,customer1513@example.com,22,Female,1,Referral
1514,9006268221,customer1514@example.com,54,Female,1,Instagram
1515,9908557484,customer1515@example.com,18,Female,1,Influencer
1516,7158293975,customer1516@example.com,39,Female,1,Organic
1517,9663582763,customer1517@example.com,24,Female,1,Referral
1518,8926989298,customer1518@example.com,25,Male,2,Organic
1519,8727359178,customer1519@example.com,47,Male,1,Organic
1520,9676930266,customer1520@example.com,45,Female,3,Instagram
1521,8209856003,customer1521@example.com,43,Male,2,Google Ads
1522,9679803326,customer1522@example.com,51,Other,3,Google Ads
1523,7087117068,customer1523@example.com,49,Male,2,Organic
1524,7265669029,customer1524@example.com,39,Female,3,Google Ads
1525,8042019425,customer1525@example.com,37,Male,2,Influencer
1526,9851177596,customer1526@example.com,31,Male,1,Instagram
1527,9084817632,customer1527@example.com,40,Male,2,Organic
1528,8339973413,customer1528@example.com,20,Male,1,Influencer
1529,7620775691,customer1529@example.com,36,Male,2,Organic
1530,8468025650,customer1530@example.com,31,Female,2,Instagram
1531,7357936270,customer1531@example.com,57,Male,2,Google Ads
1532,9379311331,customer1532@example.com,56,Male,3,Google Ads
1533,7652770241,customer1533@example.com,54,Female,3,Google Ads
1534,8492803958,customer1534@example.com,52,Male,2,Organic
1535,9224647465,customer1535@example.com,18,Female,3,Google Ads
1536,8912348502,customer1536@example.com,36,Female,1,Instagram
1537,8676497868,customer1537@example.com,32,Other,1,Influencer
1538,7082572366,customer1538@example.com,42,Female,2,Google Ads
1539,8382773630,customer1539@example.com,18,Male,2,Instagram
1540,7001594178,customer1540@example.com,48,Female,2,Influencer
1541,9683644289,customer1541@example.com,54,Female,3,Influencer
1542,7452968899,customer1542@example.com,39,Female,1,Organic
1543,9462577156,customer1543@example.com,37,Male,2,Google Ads
1544,7628121831,customer1544@example.com,58,Male,1,Instagram
1545,8239542977,customer1545@example.com,22,Female,2,Organic
1546,7620405643,customer1546@example.com,32,Male,1,Instagram
1547,7148315718,customer1547@example.com,19,Male,2,Google Ads
1548,9614464582,customer1548@example.com,29,Male,1,Organic
1549,8279592111,customer1549@example.com,24,Female,3,Organic
1550,7440113624,customer1550@example.com,19,Female,1,Organic
1551,8848084745,customer1551@example.com,25,Female,2,Organic
1552,7712844892,customer1552@example.com,26,Female,3,Instagram
1553,7361740284,customer1553@example.com,44,Male,2,Google Ads
1554,8706672080,customer1554@example.com,45,Male,3,Organic
1555,7581313102,customer1555@example.com,54,Male,3,Instagram
1556,8743455458,customer1556@example.com,32,Female,2,Referral
1557,7453254346,customer1557@example.com,36,Female,1,Instagram
1558,9000184846,customer1558@example.com,47,Male,2,Instagram
1559,8512435772,customer1559@example.com,30,Female,2,Organic
1560,7301899156,customer1560@example.com,23,Female,2,Referral
1561,7578747998,customer1561@example.com,47,Female,2,Instagram
1562,9711268785,customer1562@example.com,18,Male,3,Instagram
1563,8035570115,customer1563@example.com,59,Male,1,Instagram
1564,7614530298,customer1564@example.com,55,Male,2,Organic
1565,9518379627,customer1565@example.com,42,Male,2,Organic
1566,7314077203,customer1566@example.com,52,Female,1,Organic
1567,8880656677,customer1567@example.com,43,Male,2,Instagram
1568,7913397221,customer1568@example.com,30,Female,2,Instagram
1569,7078874085,customer1569@example.com,36,Male,3,Instagram
1570,7674566107,customer1570@example.com,27,Male,2,Organic
1571,7491259574,customer1571@example.com,24,Female,2,Organic
1572,9469485674,customer1572@example.com,32,Female,1,Organic
1573,9379802365,customer1573@example.com,40,Male,1,Organic
1574,8990352119,customer1574@example.com,53,Female,1,Organic
1575,9309191330,customer1575@example.com,48,Male,1,Referral
1576,9669990796,customer1576@example.com,25,Female,3,Organic
1577,8653716226,customer1577@example.com,47,Male,1,Organic
1578,9247366179,customer1578@example.com,51,Male,3,Organic
1579,9985400830,customer1579@example.com,50,Other,3,Organic
1580,8925791701,customer1580@example.com,18,Female,2,Referral
1581,8764918473,customer1581@example.com,33,Male,3,Organic
1582,8896121414,customer1582@example.com,28,Female,3,Instagram
1583,7818664765,customer1583@example.com,44,Male,3,Organic
1584,7151084993,customer1584@example.com,39,Female,2,Organic
1585,8746277287,customer1585@example.com,57,Female,3,Referral
1586,8073598460,customer1586@example.com,36,Male,3,Instagram
1587,8853542621,customer1587@example.com,23,Female,1,Referral
1588,7364896881,customer1588@example.com,57,Female,2,Organic
1589,7033122408,customer1589@example.com,56,Male,2,Referral
1590,9772105904,customer1590@example.com,37,Male,2,Organic
1591,9883663486,customer1591@example.com,20,Female,2,Influencer
1592,8696845201,customer1592@example.com,18,Female,2,Google Ads
1593,7709645735,customer1593@example.com,40,Male,1,Instagram
1594,7261767123,customer1594@example.com,55,Male,2,Organic
1595,7845033977,customer1595@example.com,20,Male,2,Google Ads
1596,8957840011,customer1596@example.com,51,Male,3,Referral
1597,9466339212,customer1597@example.com,34,Male,2,Google Ads
1598,8703641054,customer1598@example.com,44,Female,1,Instagram
1599,9282148752,customer1599@example.com,56,Male,2,Google Ads
1600,9540468027,customer1600@example.com,40,Male,3,Google Ads
1601,8549121062,customer1601@example.com,55,Female,2,Instagram
1602,9667049860,customer1602@example.com,28,Male,2,Instagram
1603,9723397078,customer1603@example.com,32,Female,3,Instagram
1604,7843387996,customer1604@example.com,43,Male,1,Organic
1605,9238702911,customer1605@example.com,28,Female,1,Instagram
1606,8755306711,customer1606@example.com,24,Female,2,Instagram
1607,8035433966,customer1607@example.com,25,Male,3,Influencer
1608,9161304038,customer1608@example.com,22,Female,2,Instagram
1609,7757467634,customer1609@example.com,34,Female,1,Organic
1610,7955891521,customer1610@example.com,40,Male,2,Organic
1611,9534423260,customer1611@example.com,19,Female,2,Organic
1612,9530044963,customer1612@example.com,44,Female,3,Instagram
1613,8836445742,customer1613@example.com,38,Female,3,Influencer
1614,9517727844,customer1614@example.com,24,Male,3,Google Ads
1615,7562409430,customer1615@example.com,55,Male,2,Instagram
1616,9607919458,customer1616@example.com,43,Female,1,Organic
1617,8654530847,customer1617@example.com,47,Male,3,Influencer
1618,8670802700,customer1618@example.com,29,Female,2,Google Ads
1619,8545299517,customer1619@example.com,28,Female,2,Google Ads
1620,8533622580,customer1620@example.com,34,Female,2,Google Ads
1621,8400223253,customer1621@example.com,27,Female,1,Instagram
1622,9707006087,customer1622@example.com,33,Female,2,Organic
1623,9011153709,customer1623@example.com,32,Other,3,Referral
1624,9394842396,customer1624@example.com,32,Male,2,Google Ads
1625,9057076082,customer1625@example.com,37,Male,2,Instagram
1626,8162092524,customer1626@example.com,21,Female,1,Google Ads
1627,7861063656,customer1627@example.com,49,Male,3,Referral
1628,9324223713,customer1628@example.com,39,Male,3,Organic
1629,7261090526,customer1629@example.com,52,Female,2,Instagram
1630,9744179098,customer1630@example.com,31,Female,2,Organic
1631,9000636469,customer1631@example.com,47,Female,1,Google Ads
1632,7631718488,customer1632@example.com,48,Male,1,Instagram
1633,8773313352,customer1633@example.com,27,Female,2,Referral
1634,9171762559,customer1634@example.com,23,Female,2,Organic
1635,9474656829,customer1635@example.com,44,Female,2,Referral
1636,9692163055,customer1636@example.com,28,Male,2,Organic
1637,7510215549,customer1637@example.com,53,Male,2,Google Ads
1638,8948495390,customer1638@example.com,27,Male,3,Google Ads
1639,7319266076,customer1639@example.com,33,Female,1,Instagram
1640,7071729654,customer1640@example.com,41,Female,2,Google Ads
1641,8911087704,customer1641@example.com,38,Female,1,Instagram
1642,7519458909,customer1642@example.com,57,Female,2,Google Ads
1643,8280006457,customer1643@example.com,58,Female,2,Organic
1644,9112223218,customer1644@example.com,53,Female,1,Instagram
1645,8528337669,customer1645@example.com,59,Female,1,Referral
1646,9694637826,customer1646@example.com,40,Other,2,Organic
1647,7980161602,customer1647@example.com,38,Female,1,Instagram
1648,7458827365,customer1648@example.com,49,Male,1,Instagram
1649,9753163886,customer1649@example.com,34,Female,1,Instagram
1650,7422883094,customer1650@example.com,34,Male,1,Referral
1651,8793993886,customer1651@example.com,38,Female,2,Instagram
1652,9973752626,customer1652@example.com,21,Female,3,Instagram
1653,7432737929,customer1653@example.com,40,Male,3,Instagram
1654,9854421506,customer1654@example.com,42,Male,2,Google Ads
1655,8438903254,customer1655@example.com,49,Female,3,Organic
1656,8604111892,customer1656@example.com,23,Female,1,Instagram
1657,7343349885,customer1657@example.com,31,Female,1,Instagram
1658,8259325518,customer1658@example.com,58,Female,3,Referral
1659,9750136894,customer1659@example.com,55,Female,2,Organic
1660,8910904688,customer1660@example.com,59,Female,2,Instagram
1661,9704553029,customer1661@example.com,55,Male,3,Organic
1662,9333483880,customer1662@example.com,58,Male,3,Instagram
1663,8483431911,customer1663@example.com,33,Male,3,Referral
1664,7029030328,customer1664@example.com,49,Male,1,Google Ads
1665,8078603903,customer1665@example.com,33,Female,3,Instagram
1666,9210565881,customer1666@example.com,36,Female,2,Organic
1667,9180406851,customer1667@example.com,54,Female,3,Instagram
1668,8582876795,customer1668@example.com,38,Female,2,Google Ads
1669,7263947667,customer1669@example.com,32,Female,1,Influencer
1670,7922109559,customer1670@example.com,43,Male,2,Google Ads
1671,9755066986,customer1671@example.com,47,Female,2,Google Ads
1672,9738072015,customer1672@example.com,57,Female,2,Instagram
1673,7428721748,customer1673@example.com,32,Male,2,Organic
1674,8092412338,customer1674@example.com,30,Other,2,Instagram
1675,9088505744,customer1675@example.com,44,Male,3,Google Ads
1676,9007479139,customer1676@example.com,40,Male,2,Influencer
1677,7825620196,customer1677@example.com,51,Female,1,Instagram
1678,8609695566,customer1678@example.com,51,Male,2,Influencer
1679,7094772263,customer1679@example.com,40,Female,3,Organic
1680,8589115201,customer1680@example.com,37,Female,3,Instagram
1681,8631733100,customer1681@example.com,26,Female,2,Instagram
1682,8256848702,customer1682@example.com,37,Male,3,Organic
1683,9783538152,customer1683@example.com,56,Female,1,Organic
1684,7931797095,customer1684@example.com,31,Female,1,Organic
1685,7056187893,customer1685@example.com,43,Male,2,Organic
1686,8370766896,customer1686@example.com,44,Male,2,Google Ads
1687,9100643499,customer1687@example.com,51,Male,2,Instagram
1688,9595012358,customer1688@example.com,46,Female,2,Google Ads
1689,7178186851,customer1689@example.com,49,Male,2,Organic
1690,9798717228,customer1690@example.com,58,Female,2,Organic
1691,9883674085,customer1691@example.com,22,Female,1,Instagram
1692,8229071068,customer1692@example.com,21,Female,3,Instagram
1693,9577868805,customer1693@example.com,40,Female,3,Influencer
1694,8798318872,customer1694@example.com,38,Female,3,Influencer
1695,7412034125,customer1695@example.com,50,Male,2,Referral
1696,9568341534,customer1696@example.com,58,Female,2,Google Ads
1697,7657597362,customer1697@example.com,41,Male,3,Instagram
1698,7088517956,customer1698@example.com,33,Female,3,Google Ads
1699,9020900366,customer1699@example.com,49,Female,3,Google Ads
1700,9451468593,customer1700@example.com,36,Male,2,Instagram
1701,7286567422,customer1701@example.com,43,Female,1,Organic
1702,9170728198,customer1702@example.com,20,Male,2,Instagram
1703,8504985630,customer1703@example.com,52,Female,2,Instagram
1704,8417309612,customer1704@example.com,56,Female,3,Organic
1705,9881280119,customer1705@example.com,35,Male,2,Instagram
1706,7292917771,customer1706@example.com,24,Female,1,Organic
1707,9864678158,customer1707@example.com,49,Female,1,Instagram
1708,9510246992,customer1708@example.com,41,Male,1,Google Ads
1709,7893912424,customer1709@example.com,33,Male,2,Influencer
1710,7392573854,customer1710@example.com,41,Male,3,Organic
1711,8244352906,customer1711@example.com,21,Male,2,Influencer
1712,7638102681,customer1712@example.com,49,Male,1,Organic
1713,8524820407,customer1713@example.com,59,Female,2,Organic
1714,7618463070,customer1714@example.com,51,Male,2,Influencer
1715,9257718331,customer1715@example.com,36,Male,2,Instagram
1716,8096923850,customer1716@example.com,31,Female,2,Google Ads
1717,8884767819,customer1717@example.com,55,Male,1,Referral
1718,8472556277,customer1718@example.com,30,Male,3,Instagram
1719,9872580217,customer1719@example.com,39,Male,2,Organic
1720,9597156784,customer1720@example.com,48,Male,2,Organic
1721,9217095127,customer1721@example.com,47,Female,3,Referral
1722,9052527438,customer1722@example.com,40,Male,3,Influencer
1723,9437773013,customer1723@example.com,29,Other,3,Organic
1724,8919288863,customer1724@example.com,31,Male,1,Organic
1725,9027399176,customer1725@example.com,53,Female,3,Google Ads
1726,8981451193,customer1726@example.com,25,Female,2,Instagram
1727,9748329708,customer1727@example.com,41,Male,1,Referral
1728,7387228238,customer1728@example.com,20,Female,3,Referral
1729,8326509703,customer1729@example.com,31,Female,1,Google Ads
1730,7556443569,customer1730@example.com,28,Male,3,Google Ads
1731,8908768293,customer1731@example.com,55,Female,1,Google Ads
1732,7651196886,customer1732@example.com,45,Male,2,Google Ads
1733,9792067183,customer1733@example.com,40,Female,1,Influencer
1734,9982712043,customer1734@example.com,35,Male,3,Google Ads
1735,9098551685,customer1735@example.com,37,Female,1,Influencer
1736,8741300515,customer1736@example.com,50,Female,2,Organic
1737,7092817556,customer1737@example.com,19,Female,2,Referral
1738,9435734653,customer1738@example.com,56,Female,3,Organic
1739,7393047642,customer1739@example.com,54,Male,3,Google Ads
1740,7062347682,customer1740@example.com,43,Other,1,Referral
1741,9900901168,customer1741@example.com,19,Female,2,Instagram
1742,9731294872,customer1742@example.com,20,Male,2,Referral
1743,7892970335,customer1743@example.com,37,Female,3,Instagram
1744,9164955597,customer1744@example.com,27,Male,3,Organic
1745,9939783020,customer1745@example.com,59,Female,3,Instagram
1746,9603010462,customer1746@example.com,38,Male,2,Instagram
1747,8744471178,customer1747@example.com,57,Male,3,Google Ads
1748,7991371390,customer1748@example.com,26,Female,1,Instagram
1749,7160013634,customer1749@example.com,19,Female,1,Referral
1750,8338525667,customer1750@example.com,45,Female,2,Organic
1751,7305742375,customer1751@example.com,20,Male,2,Influencer
1752,9489268399,customer1752@example.com,33,Male,2,Referral
1753,7208018438,customer1753@example.com,21,Female,2,Organic
1754,9812242951,customer1754@example.com,40,Male,1,Instagram
1755,8551555464,customer1755@example.com,47,Male,1,Organic
1756,9082195713,customer1756@example.com,55,Female,1,Organic
1757,7189191446,customer1757@example.com,30,Male,2,Instagram
1758,7015139569,customer1758@example.com,23,Male,3,Google Ads
1759,7475435550,customer1759@example.com,27,Female,2,Organic
1760,8504600565,customer1760@example.com,34,Male,3,Google Ads
1761,8452841996,customer1761@example.com,25,Male,1,Instagram
1762,7202846230,customer1762@example.com,26,Male,1,Google Ads
1763,9263144159,customer1763@example.com,51,Male,1,Instagram
1764,8302896508,customer1764@example.com,34,Female,2,Influencer
1765,7805619775,customer1765@example.com,39,Female,1,Organic
1766,7821156524,customer1766@example.com,20,Female,3,Google Ads
1767,8751673013,customer1767@example.com,58,Female,1,Referral
1768,8615161283,customer1768@example.com,57,Male,2,Google Ads
1769,8486723631,customer1769@example.com,46,Male,2,Organic
1770,9958107002,customer1770@example.com,56,Male,1,Google Ads
1771,9489100799,customer1771@example.com,44,Female,2,Instagram
1772,7918812156,customer1772@example.com,56,Female,2,Google Ads
1773,8522114758,customer1773@example.com,57,Female,1,Instagram
1774,9493894044,customer1774@example.com,54,Female,3,Instagram
1775,8415419759,customer1775@example.com,20,Male,2,Organic
1776,7283267600,customer1776@example.com,36,Female,1,Google Ads
1777,9479272396,customer1777@example.com,51,Male,2,Instagram
1778,9237383340,customer1778@example.com,31,Female,1,Organic
1779,9688052373,customer1779@example.com,38,Female,3,Influencer
1780,7738509169,customer1780@example.com,19,Male,3,Organic
1781,8620799697,customer1781@example.com,27,Female,2,Referral
1782,9021042975,customer1782@example.com,59,Female,1,Influencer
1783,7988518125,customer1783@example.com,34,Male,3,Organic
1784,8141324569,customer1784@example.com,19,Male,1,Organic
1785,7783369981,customer1785@example.com,44,Male,2,Google Ads
1786,8599744705,customer1786@example.com,18,Male,2,Organic
1787,7985639085,customer1787@example.com,53,Female,2,Referral
1788,8239558344,customer1788@example.com,50,Male,3,Organic
1789,9217989848,customer1789@example.com,39,Male,3,Google Ads
1790,8312040061,customer1790@example.com,52,Female,1,Referral
1791,7753897922,customer1791@example.com,51,Other,2,Influencer
1792,7388485779,customer1792@example.com,35,Male,1,Instagram
1793,8633586447,customer1793@example.com,53,Male,3,Organic
1794,9500875019,customer1794@example.com,20,Male,3,Referral
1795,9292115630,customer1795@example.com,33,Female,2,Google Ads
1796,8563583939,customer1796@example.com,28,Female,3,Instagram
1797,8429180447,customer1797@example.com,27,Male,2,Organic
1798,7555302954,customer1798@example.com,59,Male,2,Instagram
1799,9904103568,customer1799@example.com,38,Male,2,Organic
1800,8477822863,customer1800@example.com,42,Male,1,Instagram
1801,9069524274,customer1801@example.com,52,Male,2,Google Ads
1802,8995178255,customer1802@example.com,23,Female,1,Influencer
1803,8197477246,customer1803@example.com,25,Male,2,Organic
1804,9451745091,customer1804@example.com,51,Female,2,Instagram
1805,8385719403,customer1805@example.com,58,Female,1,Organic
1806,8908162136,customer1806@example.com,18,Male,1,Google Ads
1807,7682659669,customer1807@example.com,20,Female,2,Referral
1808,8486620474,customer1808@example.com,55,Male,2,Instagram
1809,8928123903,customer1809@example.com,44,Male,3,Google Ads
1810,8387165634,customer1810@example.com,30,Male,2,Google Ads
1811,7581890348,customer1811@example.com,36,Male,2,Organic
1812,9531477507,customer1812@example.com,36,Male,2,Instagram
1813,7310613390,customer1813@example.com,23,Female,2,Referral
1814,7105207396,customer1814@example.com,31,Female,2,Organic
1815,9915560011,customer1815@example.com,22,Female,2,Referral
1816,7401523043,customer1816@example.com,53,Female,2,Organic
1817,9729094048,customer1817@example.com,26,Female,2,Instagram
1818,7411984793,customer1818@example.com,40,Female,2,Instagram
1819,9133895954,customer1819@example.com,49,Male,2,Google Ads
1820,8504573436,customer1820@example.com,46,Female,2,Referral
1821,7953537271,customer1821@example.com,45,Male,1,Influencer
1822,7570589910,customer1822@example.com,57,Female,2,Influencer
1823,7145063858,customer1823@example.com,28,Male,3,Organic
1824,7031538200,customer1824@example.com,36,Male,1,Instagram
1825,8884187995,customer1825@example.com,18,Male,3,Instagram
1826,7654363999,customer1826@example.com,26,Female,2,Influencer
1827,8847532501,customer1827@example.com,19,Female,1,Instagram
1828,8634901379,customer1828@example.com,21,Female,1,Instagram
1829,8322427467,customer1829@example.com,46,Male,1,Organic
1830,8472676175,customer1830@example.com,21,Female,3,Instagram
1831,9923620529,customer1831@example.com,18,Male,1,Organic
1832,9592533991,customer1832@example.com,45,Female,2,Instagram
1833,7336476987,customer1833@example.com,35,Female,2,Google Ads
1834,9809248796,customer1834@example.com,30,Male,2,Instagram
1835,9153443331,customer1835@example.com,57,Male,3,Organic
1836,7016053126,customer1836@example.com,23,Male,3,Google Ads
1837,7557750967,customer1837@example.com,56,Female,2,Instagram
1838,7436552934,customer1838@example.com,39,Other,1,Instagram
1839,9872590296,customer1839@example.com,47,Male,1,Referral
1840,9612656987,customer1840@example.com,44,Male,3,Organic
1841,7539864186,customer1841@example.com,25,Male,1,Organic
1842,8889464297,customer1842@example.com,45,Male,3,Google Ads
1843,7785129501,customer1843@example.com,19,Other,2,Google Ads
1844,8775215095,customer1844@example.com,37,Other,1,Organic
1845,8868148685,customer1845@example.com,28,Male,3,Influencer
1846,7694500138,customer1846@example.com,31,Male,3,Instagram
1847,7650434823,customer1847@example.com,41,Female,2,Influencer
1848,7722849066,customer1848@example.com,30,Male,2,Organic
1849,9552298069,customer1849@example.com,25,Female,2,Google Ads
1850,8675700832,customer1850@example.com,38,Female,2,Google Ads
1851,9598938462,customer1851@example.com,39,Male,2,Influencer
1852,9227588705,customer1852@example.com,26,Male,3,Organic
1853,7332810923,customer1853@example.com,59,Other,1,Instagram
1854,9350013658,customer1854@example.com,28,Female,1,Google Ads
1855,7645980853,customer1855@example.com,33,Male,1,Referral
1856,8406741796,customer1856@example.com,26,Male,2,Organic
1857,7983832291,customer1857@example.com,20,Male,2,Referral
1858,9927711196,customer1858@example.com,53,Male,1,Organic
1859,9501065111,customer1859@example.com,59,Male,2,Google Ads
1860,7760336130,customer1860@example.com,30,Female,1,Organic
1861,7301192755,customer1861@example.com,18,Female,2,Organic
1862,9871508338,customer1862@example.com,28,Female,3,Organic
1863,8240520959,customer1863@example.com,41,Male,3,Organic
1864,8171328126,customer1864@example.com,22,Male,3,Referral
1865,7352053169,customer1865@example.com,19,Female,2,Google Ads
1866,8455815835,customer1866@example.com,34,Female,2,Influencer
1867,9604391116,customer1867@example.com,34,Female,3,Organic
1868,7356819845,customer1868@example.com,37,Female,1,Influencer
1869,9529667412,customer1869@example.com,32,Male,3,Organic
1870,9857740568,customer1870@example.com,21,Female,2,Referral
1871,8119041213,customer1871@example.com,28,Female,2,Google Ads
1872,7289162973,customer1872@example.com,40,Male,3,Instagram
1873,7382606915,customer1873@example.com,18,Female,2,Organic
1874,8852033799,customer1874@example.com,59,Female,3,Organic
1875,9696618510,customer1875@example.com,21,Female,1,Organic
1876,9003380227,customer1876@example.com,55,Female,2,Organic
1877,9153954880,customer1877@example.com,19,Male,2,Instagram
1878,9205205471,customer1878@example.com,44,Female,3,Referral
1879,7747933935,customer1879@example.com,51,Female,2,Instagram
1880,7388264812,customer1880@example.com,30,Female,3,Google Ads
1881,8944967700,customer1881@example.com,35,Male,2,Google Ads
1882,8200970818,customer1882@example.com,28,Female,2,Referral
1883,7682009568,customer1883@example.com,22,Female,2,Organic
1884,7541170796,customer1884@example.com,46,Female,2,Organic
1885,9642666122,customer1885@example.com,42,Male,2,Instagram
1886,9389066302,customer1886@example.com,31,Female,3,Google Ads
1887,8416996949,customer1887@example.com,58,Female,1,Google Ads
1888,7503371065,customer1888@example.com,55,Female,1,Instagram
1889,8471180524,customer1889@example.com,58,Male,2,Organic
1890,7763791645,customer1890@example.com,54,Male,3,Instagram
1891,9296610917,customer1891@example.com,28,Female,2,Influencer
1892,8923725120,customer1892@example.com,49,Male,3,Influencer
1893,8835617891,customer1893@example.com,23,Female,1,Organic
1894,7414653169,customer1894@example.com,23,Male,2,Google Ads
1895,9802684696,customer1895@example.com,39,Female,3,Instagram
1896,8341701265,customer1896@example.com,20,Female,3,Organic
1897,9643629617,customer1897@example.com,36,Male,2,Organic
1898,8522425178,customer1898@example.com,51,Male,2,Organic
1899,9629391841,customer1899@example.com,58,Female,3,Google Ads
1900,7956106023,customer1900@example.com,58,Male,3,Instagram
1901,8164079631,customer1901@example.com,24,Male,2,Instagram
1902,8615066339,customer1902@example.com,33,Female,2,Instagram
1903,9418938280,customer1903@example.com,55,Other,1,Instagram
1904,9636953376,customer1904@example.com,26,Male,2,Instagram
1905,8355013550,customer1905@example.com,30,Male,2,Instagram
1906,7714344979,customer1906@example.com,51,Female,1,Organic
1907,9680551759,customer1907@example.com,54,Female,3,Instagram
1908,9894654532,customer1908@example.com,23,Male,2,Organic
1909,9005871878,customer1909@example.com,55,Female,2,Google Ads
1910,8381089767,customer1910@example.com,21,Male,1,Organic
1911,8089885313,customer1911@example.com,22,Female,1,Instagram
1912,8608234234,customer1912@example.com,23,Female,1,Instagram
1913,8089938304,customer1913@example.com,30,Male,2,Instagram
1914,7824220118,customer1914@example.com,41,Female,1,Referral
1915,7671829108,customer1915@example.com,45,Female,2,Google Ads
1916,8736223193,customer1916@example.com,30,Female,3,Organic
1917,7927182399,customer1917@example.com,59,Male,1,Referral
1918,9227753037,customer1918@example.com,35,Female,3,Organic
1919,9512633476,customer1919@example.com,24,Male,1,Instagram
1920,9840355894,customer1920@example.com,21,Female,3,Google Ads
1921,8455257542,customer1921@example.com,48,Female,2,Influencer
1922,9045552321,customer1922@example.com,41,Female,1,Organic
1923,7767560943,customer1923@example.com,39,Male,3,Instagram
1924,8921879152,customer1924@example.com,38,Male,1,Influencer
1925,7246690665,customer1925@example.com,59,Female,2,Organic
1926,9512221851,customer1926@example.com,43,Male,2,Organic
1927,9295365527,customer1927@example.com,47,Male,1,Organic
1928,9851022740,customer1928@example.com,52,Female,2,Google Ads
1929,8364959318,customer1929@example.com,40,Male,1,Organic
1930,7111025604,customer1930@example.com,57,Male,3,Influencer
1931,8403900662,customer1931@example.com,47,Female,2,Google Ads
1932,8621939260,customer1932@example.com,36,Male,1,Instagram
1933,9517429614,customer1933@example.com,49,Male,1,Organic
1934,8700226563,customer1934@example.com,36,Female,1,Instagram
1935,8119086921,customer1935@example.com,39,Female,1,Google Ads
1936,9264281695,customer1936@example.com,21,Female,2,Google Ads
1937,8565142879,customer1937@example.com,29,Female,3,Google Ads
1938,9103391626,customer1938@example.com,32,Male,1,Instagram
1939,9605377230,customer1939@example.com,32,Male,2,Instagram
1940,9916689885,customer1940@example.com,27,Female,2,Instagram
1941,9786335367,customer1941@example.com,36,Female,1,Google Ads
1942,8771911134,customer1942@example.com,25,Female,1,Instagram
1943,9343690010,customer1943@example.com,48,Female,1,Organic
1944,9992595054,customer1944@example.com,26,Female,3,Organic
1945,8656106816,customer1945@example.com,46,Female,3,Organic
1946,8252941776,customer1946@example.com,24,Female,2,Instagram
1947,7507071793,customer1947@example.com,25,Female,3,Organic
1948,8647540298,customer1948@example.com,58,Male,3,Google Ads
1949,8842540148,customer1949@example.com,34,Male,2,Google Ads
1950,7382059639,customer1950@example.com,32,Female,2,Google Ads
1951,8432059404,customer1951@example.com,33,Female,2,Google Ads
1952,8594049021,customer1952@example.com,24,Female,1,Organic
1953,8031490909,customer1953@example.com,59,Female,3,Organic
1954,8361104551,customer1954@example.com,36,Female,2,Organic
1955,7657589164,customer1955@example.com,55,Female,2,Referral
1956,8023160281,customer1956@example.com,42,Female,1,Influencer
1957,8432450102,customer1957@example.com,29,Male,3,Instagram
1958,7773586112,customer1958@example.com,49,Female,2,Google Ads
1959,9798289749,customer1959@example.com,27,Male,1,Instagram
1960,7268524673,customer1960@example.com,41,Female,1,Google Ads
1961,9191270651,customer1961@example.com,21,Female,2,Organic
1962,7841266909,customer1962@example.com,54,Female,2,Instagram
1963,7357227770,customer1963@example.com,59,Female,1,Instagram
1964,8771867136,customer1964@example.com,56,Female,1,Instagram
1965,9560763079,customer1965@example.com,21,Male,3,Google Ads
1966,8679048492,customer1966@example.com,53,Female,1,Organic
1967,9883376452,customer1967@example.com,54,Female,1,Google Ads
1968,7579827214,customer1968@example.com,42,Female,2,Organic
1969,7345203511,customer1969@example.com,58,Male,1,Organic
1970,9082135088,customer1970@example.com,47,Female,2,Instagram
1971,8753176325,customer1971@example.com,18,Male,2,Instagram
1972,8016201998,customer1972@example.com,46,Female,1,Referral
1973,8669778177,customer1973@example.com,33,Male,1,Google Ads
1974,8443411420,customer1974@example.com,54,Female,1,Google Ads
1975,7819131690,customer1975@example.com,54,Female,2,Organic
1976,7141838000,customer1976@example.com,24,Male,3,Instagram
1977,7387602884,customer1977@example.com,57,Female,2,Influencer
1978,7559304004,customer1978@example.com,50,Female,2,Organic
1979,7461519439,customer1979@example.com,39,Male,1,Instagram
1980,8417752308,customer1980@example.com,44,Female,3,Instagram
1981,8947233782,customer1981@example.com,46,Female,2,Instagram
1982,8681327380,customer1982@example.com,33,Female,2,Instagram
1983,8032291991,customer1983@example.com,38,Other,1,Google Ads
1984,7707921844,customer1984@example.com,28,Male,1,Instagram
1985,7536685089,customer1985@example.com,38,Female,3,Instagram
1986,7846039345,customer1986@example.com,26,Female,2,Organic
1987,9359628701,customer1987@example.com,44,Female,2,Instagram
1988,8198880628,customer1988@example.com,56,Male,1,Instagram
1989,8720890255,customer1989@example.com,39,Female,2,Organic
1990,7931959456,customer1990@example.com,32,Female,3,Organic
1991,8863945844,customer1991@example.com,40,Male,3,Referral
1992,8612199125,customer1992@example.com,46,Male,3,Google Ads
1993,7441102646,customer1993@example.com,56,Female,2,Instagram
1994,9851009855,customer1994@example.com,33,Female,3,Organic
1995,9319227568,customer1995@example.com,20,Male,3,Referral
1996,9018430883,customer1996@example.com,33,Female,3,Influencer
1997,7890403421,customer1997@example.com,25,Female,3,Organic
1998,8529041133,customer1998@example.com,43,Male,2,Organic
1999,7360798953,customer1999@example.com,59,Other,2,Organic
2000,7596504779,customer2000@example.com,26,Female,2,Instagram
2001,8839564727,customer2001@example.com,52,Female,3,Google Ads
2002,9405168293,customer2002@example.com,24,Male,2,Organic
2003,9332487918,customer2003@example.com,25,Male,1,Instagram
2004,7916464570,customer2004@example.com,52,Female,1,Referral
2005,9040298657,customer2005@example.com,56,Female,1,Instagram
2006,7753335015,customer2006@example.com,53,Male,2,Instagram
2007,7085607445,customer2007@example.com,23,Female,1,Instagram
2008,8664085831,customer2008@example.com,24,Female,2,Google Ads
2009,8239727536,customer2009@example.com,29,Female,3,Google Ads
2010,8448293406,customer2010@example.com,56,Female,3,Instagram
2011,7758214800,customer2011@example.com,18,Male,2,Organic
2012,8929243577,customer2012@example.com,42,Other,2,Instagram
2013,9306543575,customer2013@example.com,29,Female,3,Organic
2014,9282341991,customer2014@example.com,44,Male,3,Google Ads
2015,7519079909,customer2015@example.com,40,Male,2,Referral
2016,7507424003,customer2016@example.com,36,Male,2,Influencer
2017,8880231620,customer2017@example.com,38,Female,2,Instagram
2018,7025306147,customer2018@example.com,38,Female,1,Google Ads
2019,7679568581,customer2019@example.com,41,Female,3,Referral
2020,9115127738,customer2020@example.com,30,Male,2,Google Ads
2021,9707039569,customer2021@example.com,59,Female,2,Instagram
2022,8377853169,customer2022@example.com,53,Female,2,Organic
2023,7222314294,customer2023@example.com,32,Female,1,Google Ads
2024,7681895529,customer2024@example.com,18,Male,2,Referral
2025,9834247775,customer2025@example.com,51,Male,2,Organic
2026,7095968776,customer2026@example.com,59,Male,1,Google Ads
2027,9101519392,customer2027@example.com,48,Male,1,Referral
2028,8575145859,customer2028@example.com,49,Male,3,Google Ads
2029,9409445636,customer2029@example.com,53,Female,2,Organic
2030,7453781377,customer2030@example.com,46,Male,2,Influencer
2031,8820802280,customer2031@example.com,27,Female,1,Organic
2032,9616099799,customer2032@example.com,38,Male,1,Instagram
2033,9127208737,customer2033@example.com,53,Female,2,Organic
2034,8420945362,customer2034@example.com,41,Female,2,Google Ads
2035,8606001130,customer2035@example.com,44,Male,3,Referral
2036,9313388046,customer2036@example.com,38,Male,1,Instagram
2037,7341269630,customer2037@example.com,35,Male,3,Organic
2038,9033568894,customer2038@example.com,21,Female,2,Instagram
2039,8922506246,customer2039@example.com,35,Female,2,Organic
2040,9680287177,customer2040@example.com,26,Other,2,Google Ads
2041,8172683584,customer2041@example.com,47,Male,3,Referral
2042,8028291346,customer2042@example.com,52,Female,1,Google Ads
2043,7687177428,customer2043@example.com,47,Female,3,Influencer
2044,8607945897,customer2044@example.com,56,Male,1,Organic
2045,8243049603,customer2045@example.com,23,Male,3,Google Ads
2046,7587129462,customer2046@example.com,31,Male,2,Google Ads
2047,8649553781,customer2047@example.com,46,Female,3,Instagram
2048,7835637970,customer2048@example.com,49,Female,2,Instagram
2049,7792497533,customer2049@example.com,31,Male,1,Instagram
2050,8356497673,customer2050@example.com,37,Male,1,Instagram
2051,8752769430,customer2051@example.com,26,Male,1,Organic
2052,9921774430,customer2052@example.com,29,Male,2,Referral
2053,7053328271,customer2053@example.com,31,Female,3,Organic
2054,9304100148,customer2054@example.com,40,Male,1,Instagram
2055,8532720344,customer2055@example.com,51,Male,1,Organic
2056,9477380444,customer2056@example.com,33,Female,2,Google Ads
2057,7782872131,customer2057@example.com,35,Male,1,Organic
2058,9341702690,customer2058@example.com,58,Male,2,Organic
2059,7121156558,customer2059@example.com,57,Female,2,Instagram
2060,8775481656,customer2060@example.com,50,Female,3,Referral
2061,8386134197,customer2061@example.com,22,Female,1,Organic
2062,7020476817,customer2062@example.com,56,Female,3,Organic
2063,8752175344,customer2063@example.com,27,Male,2,Google Ads
2064,8887712746,customer2064@example.com,39,Male,1,Instagram
2065,8754700029,customer2065@example.com,50,Female,3,Organic
2066,8554641306,customer2066@example.com,48,Male,1,Referral
2067,7333273780,customer2067@example.com,23,Other,3,Organic
2068,9357559386,customer2068@example.com,53,Male,2,Instagram
2069,9501504026,customer2069@example.com,20,Female,2,Organic
2070,8490078625,customer2070@example.com,21,Female,3,Google Ads
2071,9293329548,customer2071@example.com,44,Male,1,Google Ads
2072,9828230481,customer2072@example.com,55,Male,3,Referral
2073,8391782855,customer2073@example.com,42,Female,2,Organic
2074,8645028447,customer2074@example.com,54,Female,3,Google Ads
2075,9168645360,customer2075@example.com,44,Female,2,Google Ads
2076,7323018651,customer2076@example.com,58,Male,2,Instagram
2077,8016127683,customer2077@example.com,53,Female,1,Google Ads
2078,7601615984,customer2078@example.com,53,Male,1,Google Ads
2079,9960784573,customer2079@example.com,59,Male,2,Instagram
2080,8197145455,customer2080@example.com,24,Male,2,Google Ads
2081,7228221699,customer2081@example.com,47,Male,3,Google Ads
2082,8305415023,customer2082@example.com,46,Female,3,Organic
2083,9253044877,customer2083@example.com,57,Male,2,Organic
2084,7479606728,customer2084@example.com,58,Male,2,Instagram
2085,9715325981,customer2085@example.com,22,Female,2,Instagram
2086,9999453616,customer2086@example.com,23,Male,2,Instagram
2087,8104177038,customer2087@example.com,24,Female,3,Google Ads
2088,7495240751,customer2088@example.com,56,Male,3,Google Ads
2089,9338842057,customer2089@example.com,49,Female,1,Instagram
2090,9006612157,customer2090@example.com,32,Male,2,Organic
2091,7708788520,customer2091@example.com,30,Male,2,Organic
2092,9792695252,customer2092@example.com,35,Female,3,Influencer
2093,9807430884,customer2093@example.com,27,Female,2,Instagram
2094,7898670399,customer2094@example.com,57,Female,2,Google Ads
2095,7382990463,customer2095@example.com,28,Male,2,Organic
2096,7855299495,customer2096@example.com,57,Male,1,Instagram
2097,7324651044,customer2097@example.com,57,Female,2,Referral
2098,8520339175,customer2098@example.com,19,Male,2,Organic
2099,7202732331,customer2099@example.com,44,Male,3,Instagram
2100,8383000455,customer2100@example.com,25,Female,2,Organic
2101,8580957724,customer2101@example.com,55,Female,3,Instagram
2102,8930841163,customer2102@example.com,33,Female,1,Influencer
2103,9041680157,customer2103@example.com,41,Female,3,Instagram
2104,8681832644,customer2104@example.com,40,Male,3,Referral
2105,8155346754,customer2105@example.com,31,Male,1,Influencer
2106,9267241993,customer2106@example.com,44,Female,2,Google Ads
2107,9372441838,customer2107@example.com,27,Male,2,Organic
2108,9818815831,customer2108@example.com,45,Female,1,Instagram
2109,7685303269,customer2109@example.com,42,Male,3,Google Ads
2110,9421147741,customer2110@example.com,19,Female,3,Instagram
2111,9365964171,customer2111@example.com,50,Female,2,Google Ads
2112,8762363860,customer2112@example.com,52,Female,3,Google Ads
2113,9038340133,customer2113@example.com,58,Other,1,Google Ads
2114,7955780053,customer2114@example.com,30,Female,1,Google Ads
2115,9308249072,customer2115@example.com,22,Female,1,Influencer
2116,7095024365,customer2116@example.com,22,Male,1,Google Ads
2117,9277160170,customer2117@example.com,39,Male,2,Influencer
2118,9104655574,customer2118@example.com,51,Female,3,Influencer
2119,9962892520,customer2119@example.com,18,Male,1,Instagram
2120,9023187263,customer2120@example.com,34,Female,2,Organic
2121,7438637160,customer2121@example.com,26,Other,2,Organic
2122,7754882881,customer2122@example.com,27,Male,1,Google Ads
2123,8410634351,customer2123@example.com,32,Male,1,Instagram
2124,7737242627,customer2124@example.com,46,Male,1,Organic
2125,9812649613,customer2125@example.com,42,Male,1,Instagram
2126,8047066602,customer2126@example.com,38,Male,2,Influencer
2127,8141443695,customer2127@example.com,34,Male,1,Referral
2128,8136882087,customer2128@example.com,44,Female,2,Google Ads
2129,9659685922,customer2129@example.com,45,Female,1,Google Ads
2130,7399798791,customer2130@example.com,40,Female,2,Google Ads
2131,9331721605,customer2131@example.com,56,Male,2,Instagram
2132,8224232629,customer2132@example.com,53,Male,2,Instagram
2133,9311800902,customer2133@example.com,20,Male,3,Referral
2134,9124810526,customer2134@example.com,50,Female,2,Google Ads
2135,7564022624,customer2135@example.com,24,Female,2,Organic
2136,7336067223,customer2136@example.com,22,Other,3,Organic
2137,8560361009,customer2137@example.com,43,Male,2,Influencer
2138,9540926885,customer2138@example.com,34,Male,1,Instagram
2139,9202914740,customer2139@example.com,34,Male,3,Influencer
2140,7246494677,customer2140@example.com,20,Male,3,Google Ads
2141,9621058248,customer2141@example.com,20,Female,3,Referral
2142,9863113035,customer2142@example.com,51,Female,2,Google Ads
2143,9564811333,customer2143@example.com,25,Female,1,Instagram
2144,7034822495,customer2144@example.com,23,Female,3,Instagram
2145,8209701253,customer2145@example.com,54,Male,1,Referral
2146,8385162857,customer2146@example.com,39,Male,3,Instagram
2147,9015205485,customer2147@example.com,50,Male,2,Google Ads
2148,8400065437,customer2148@example.com,24,Female,1,Google Ads
2149,7743164288,customer2149@example.com,57,Female,1,Google Ads
2150,7970213170,customer2150@example.com,36,Male,2,Google Ads
2151,8349371811,customer2151@example.com,27,Male,1,Google Ads
2152,8197299769,customer2152@example.com,40,Male,2,Instagram
2153,9367552491,customer2153@example.com,19,Male,1,Organic
2154,8446358358,customer2154@example.com,38,Female,1,Google Ads
2155,9907032368,customer2155@example.com,41,Female,1,Instagram
2156,9890908328,customer2156@example.com,30,Female,1,Google Ads
2157,7450069776,customer2157@example.com,22,Male,2,Organic
2158,7801243377,customer2158@example.com,35,Female,3,Organic
2159,7609304223,customer2159@example.com,28,Female,2,Instagram
2160,7163415877,customer2160@example.com,54,Female,3,Organic
2161,8137072756,customer2161@example.com,49,Male,2,Google Ads
2162,7105238211,customer2162@example.com,45,Female,1,Influencer
2163,8151666169,customer2163@example.com,39,Female,3,Referral
2164,7771458595,customer2164@example.com,45,Female,2,Organic
2165,8995896003,customer2165@example.com,18,Female,2,Organic
2166,9126621089,customer2166@example.com,23,Male,2,Organic
2167,8283956950,customer2167@example.com,28,Male,2,Google Ads
2168,8554292967,customer2168@example.com,59,Male,3,Instagram
2169,7226968569,customer2169@example.com,50,Male,3,Organic
2170,8061628467,customer2170@example.com,33,Male,3,Organic
2171,9106551232,customer2171@example.com,30,Male,2,Instagram
2172,9125835052,customer2172@example.com,38,Female,3,Instagram
2173,7836356195,customer2173@example.com,56,Female,2,Instagram
2174,9751306791,customer2174@example.com,41,Female,1,Organic
2175,8947747543,customer2175@example.com,44,Male,1,Google Ads
2176,9430276628,customer2176@example.com,54,Male,2,Instagram
2177,7577235161,customer2177@example.com,20,Male,3,Influencer
2178,8438166607,customer2178@example.com,29,Female,1,Organic
2179,7141465437,customer2179@example.com,24,Male,2,Organic
2180,8709120297,customer2180@example.com,37,Male,3,Referral
2181,9366409364,customer2181@example.com,32,Male,3,Instagram
2182,7171714307,customer2182@example.com,18,Female,2,Organic
2183,7923342839,customer2183@example.com,27,Male,1,Organic
2184,8357633494,customer2184@example.com,31,Male,1,Google Ads
2185,7079422364,customer2185@example.com,32,Female,1,Google Ads
2186,8044564113,customer2186@example.com,51,Female,2,Referral
2187,8060296564,customer2187@example.com,42,Male,2,Instagram
2188,8753015326,customer2188@example.com,48,Female,1,Organic
2189,8617096902,customer2189@example.com,27,Male,1,Referral
2190,9291943513,customer2190@example.com,54,Other,1,Instagram
2191,8602018943,customer2191@example.com,23,Female,2,Google Ads
2192,7372315835,customer2192@example.com,23,Female,3,Referral
2193,9315636721,customer2193@example.com,45,Male,3,Instagram
2194,7419495753,customer2194@example.com,55,Female,1,Organic
2195,9210114803,customer2195@example.com,31,Female,2,Google Ads
2196,8969272714,customer2196@example.com,30,Female,2,Organic
2197,9382498510,customer2197@example.com,30,Female,3,Google Ads
2198,9061603934,customer2198@example.com,27,Male,2,Google Ads
2199,7906117850,customer2199@example.com,33,Male,2,Google Ads
2200,7067283327,customer2200@example.com,56,Female,2,Google Ads
2201,8801039665,customer2201@example.com,52,Male,1,Instagram
2202,9437690513,customer2202@example.com,32,Male,2,Google Ads
2203,9475144507,customer2203@example.com,40,Male,3,Referral
2204,9246295469,customer2204@example.com,54,Male,2,Google Ads
2205,8213236435,customer2205@example.com,25,Female,3,Influencer
2206,8646262575,customer2206@example.com,43,Female,2,Instagram
2207,8924875818,customer2207@example.com,39,Female,1,Organic
2208,8995834120,customer2208@example.com,22,Female,3,Organic
2209,8311091356,customer2209@example.com,51,Female,1,Instagram
2210,7663420796,customer2210@example.com,44,Female,1,Google Ads
2211,9893446876,customer2211@example.com,36,Male,2,Instagram
2212,9095986082,customer2212@example.com,52,Female,3,Referral
2213,9838763830,customer2213@example.com,37,Female,2,Google Ads
2214,9539242852,customer2214@example.com,55,Female,3,Instagram
2215,9477544013,customer2215@example.com,30,Male,2,Organic
2216,9560708365,customer2216@example.com,35,Male,3,Influencer
2217,9816460980,customer2217@example.com,35,Female,3,Organic
2218,9470616685,customer2218@example.com,18,Other,2,Instagram
2219,7366318744,customer2219@example.com,49,Female,3,Google Ads
2220,9089749599,customer2220@example.com,42,Female,1,Organic
2221,7759326160,customer2221@example.com,38,Male,2,Influencer
2222,8948078873,customer2222@example.com,44,Male,3,Instagram
2223,9606540790,customer2223@example.com,28,Female,3,Instagram
2224,8027764717,customer2224@example.com,18,Male,2,Influencer
2225,8194304601,customer2225@example.com,36,Male,2,Instagram
2226,8846166648,customer2226@example.com,49,Female,3,Google Ads
2227,7131708423,customer2227@example.com,25,Female,1,Organic
2228,8027118440,customer2228@example.com,36,Male,3,Referral
2229,8575631058,customer2229@example.com,33,Female,3,Google Ads
2230,8941023687,customer2230@example.com,52,Female,1,Google Ads
2231,9869770816,customer2231@example.com,19,Female,3,Organic
2232,9994300207,customer2232@example.com,29,Female,3,Instagram
2233,7291533115,customer2233@example.com,46,Other,1,Google Ads
2234,7483401244,customer2234@example.com,27,Female,2,Google Ads
2235,9392805693,customer2235@example.com,39,Male,3,Instagram
2236,7927809860,customer2236@example.com,51,Male,1,Instagram
2237,9649687517,customer2237@example.com,38,Male,2,Instagram
2238,8376371856,customer2238@example.com,54,Male,2,Google Ads
2239,8902946084,customer2239@example.com,22,Male,1,Referral
2240,7269799266,customer2240@example.com,23,Male,1,Referral
2241,9398004298,customer2241@example.com,49,Female,2,Organic
2242,9460138448,customer2242@example.com,20,Male,2,Influencer
2243,7716098213,customer2243@example.com,27,Male,2,Referral
2244,9321434718,customer2244@example.com,22,Male,1,Influencer
2245,8907417499,customer2245@example.com,41,Male,3,Google Ads
2246,7263959701,customer2246@example.com,37,Male,3,Organic
2247,7769817503,customer2247@example.com,54,Male,2,Instagram
2248,9168534039,customer2248@example.com,48,Female,1,Organic
2249,7285323740,customer2249@example.com,34,Male,1,Google Ads
2250,9473128624,customer2250@example.com,41,Female,1,Organic
2251,9293722799,customer2251@example.com,35,Female,2,Organic
2252,9669169926,customer2252@example.com,43,Male,3,Instagram
2253,9377525523,customer2253@example.com,59,Male,1,Influencer
2254,9101694821,customer2254@example.com,24,Male,1,Instagram
2255,7316957413,customer2255@example.com,31,Female,2,Instagram
2256,8013533991,customer2256@example.com,58,Other,2,Google Ads
2257,8897742587,customer2257@example.com,19,Male,2,Instagram
2258,7673541724,customer2258@example.com,47,Male,3,Referral
2259,7788416677,customer2259@example.com,34,Male,2,Instagram
2260,8403327241,customer2260@example.com,37,Male,2,Instagram
2261,8557704194,customer2261@example.com,27,Female,1,Instagram
2262,8983707575,customer2262@example.com,41,Other,2,Instagram
2263,8274946586,customer2263@example.com,29,Female,1,Instagram
2264,8248910771,customer2264@example.com,44,Female,3,Google Ads
2265,9741662031,customer2265@example.com,32,Male,1,Instagram
2266,7371029655,customer2266@example.com,26,Male,1,Organic
2267,9672297694,customer2267@example.com,35,Female,1,Organic
2268,8358570512,customer2268@example.com,24,Female,1,Google Ads
2269,8513545578,customer2269@example.com,45,Female,3,Referral
2270,8455513000,customer2270@example.com,53,Male,1,Organic
2271,9605155273,customer2271@example.com,20,Female,2,Instagram
2272,9630548876,customer2272@example.com,33,Female,2,Referral
2273,8172596543,customer2273@example.com,53,Male,2,Influencer
2274,9186634513,customer2274@example.com,21,Female,3,Organic
2275,9336666149,customer2275@example.com,52,Male,1,Organic
2276,8145254398,customer2276@example.com,26,Female,1,Organic
2277,9760885624,customer2277@example.com,29,Female,1,Referral
2278,7600486047,customer2278@example.com,27,Female,2,Google Ads
2279,7716948203,customer2279@example.com,19,Male,2,Instagram
2280,7601480324,customer2280@example.com,36,Female,2,Instagram
2281,7491484916,customer2281@example.com,30,Male,3,Google Ads
2282,8567941667,customer2282@example.com,59,Male,1,Google Ads
2283,8696871169,customer2283@example.com,50,Male,2,Instagram
2284,8920820530,customer2284@example.com,18,Female,1,Instagram
2285,7376098512,customer2285@example.com,45,Male,3,Instagram
2286,7622422448,customer2286@example.com,57,Female,3,Organic
2287,9008431858,customer2287@example.com,23,Male,1,Organic
2288,9436477149,customer2288@example.com,20,Male,2,Instagram
2289,7726251557,customer2289@example.com,42,Female,3,Google Ads
2290,7407804531,customer2290@example.com,33,Male,1,Instagram
2291,7436528342,customer2291@example.com,21,Male,1,Google Ads
2292,7766762210,customer2292@example.com,25,Male,2,Google Ads
2293,9431025196,customer2293@example.com,56,Male,1,Influencer
2294,7620841799,customer2294@example.com,33,Female,3,Influencer
2295,9396429710,customer2295@example.com,55,Female,3,Instagram
2296,7439685071,customer2296@example.com,40,Female,3,Instagram
2297,7325148211,customer2297@example.com,23,Female,1,Influencer
2298,7851201116,customer2298@example.com,33,Female,1,Google Ads
2299,9231488674,customer2299@example.com,33,Male,2,Google Ads
2300,9425021683,customer2300@example.com,40,Female,3,Instagram
2301,8679162752,customer2301@example.com,33,Female,2,Organic
2302,7728201313,customer2302@example.com,53,Male,3,Instagram
2303,8330896127,customer2303@example.com,29,Male,3,Instagram
2304,8633844602,customer2304@example.com,54,Female,2,Google Ads
2305,9195590591,customer2305@example.com,26,Male,1,Organic
2306,9352223833,customer2306@example.com,35,Female,1,Instagram
2307,8364162084,customer2307@example.com,26,Female,2,Organic
2308,7900087595,customer2308@example.com,38,Other,3,Instagram
2309,9534922964,customer2309@example.com,18,Female,2,Instagram
2310,7743212674,customer2310@example.com,40,Female,3,Instagram
2311,7023930989,customer2311@example.com,22,Male,2,Organic
2312,8318335747,customer2312@example.com,36,Male,1,Organic
2313,8030260405,customer2313@example.com,52,Female,3,Influencer
2314,8825351365,customer2314@example.com,50,Male,2,Instagram
2315,8860527091,customer2315@example.com,35,Female,1,Referral
2316,9226786751,customer2316@example.com,57,Male,3,Google Ads
2317,9028610125,customer2317@example.com,31,Female,3,Instagram
2318,8879876575,customer2318@example.com,37,Female,2,Google Ads
2319,9188281253,customer2319@example.com,30,Male,1,Instagram
2320,8705150185,customer2320@example.com,33,Female,2,Instagram
2321,7768836463,customer2321@example.com,58,Male,2,Influencer
2322,7903928437,customer2322@example.com,48,Female,1,Instagram
2323,7421717474,customer2323@example.com,56,Female,1,Instagram
2324,8015274296,customer2324@example.com,52,Male,1,Organic
2325,7738504466,customer2325@example.com,37,Male,2,Google Ads
2326,9571696391,customer2326@example.com,18,Male,3,Google Ads
2327,7335629028,customer2327@example.com,57,Male,3,Instagram
2328,7071526139,customer2328@example.com,30,Male,1,Instagram
2329,7853198381,customer2329@example.com,24,Male,1,Influencer
2330,9647733726,customer2330@example.com,39,Male,1,Google Ads
2331,8779389375,customer2331@example.com,24,Male,2,Instagram
2332,9434067828,customer2332@example.com,37,Other,3,Instagram
2333,8949508857,customer2333@example.com,54,Female,1,Instagram
2334,8344666437,customer2334@example.com,53,Male,2,Google Ads
2335,7005123196,customer2335@example.com,21,Female,1,Influencer
2336,8902187242,customer2336@example.com,23,Female,1,Google Ads
2337,9541975204,customer2337@example.com,20,Male,1,Organic
2338,9118965091,customer2338@example.com,20,Female,3,Organic
2339,8621577154,customer2339@example.com,20,Female,1,Organic
2340,7631928978,customer2340@example.com,53,Female,1,Organic
2341,7446604761,customer2341@example.com,26,Female,2,Organic
2342,9719022526,customer2342@example.com,33,Female,2,Google Ads
2343,7728022643,customer2343@example.com,33,Male,1,Google Ads
2344,8162696165,customer2344@example.com,29,Male,1,Google Ads
2345,8934742155,customer2345@example.com,55,Female,2,Google Ads
2346,9673705528,customer2346@example.com,37,Male,2,Google Ads
2347,8406929935,customer2347@example.com,48,Male,2,Google Ads
2348,9738799567,customer2348@example.com,47,Male,1,Google Ads
2349,8146742547,customer2349@example.com,38,Male,1,Google Ads
2350,9885338378,customer2350@example.com,20,Male,2,Influencer
2351,7452441958,customer2351@example.com,38,Male,2,Instagram
2352,8671829463,customer2352@example.com,45,Female,3,Influencer
2353,8679934247,customer2353@example.com,45,Male,2,Organic
2354,9249012088,customer2354@example.com,22,Male,2,Instagram
2355,9434346713,customer2355@example.com,24,Male,2,Instagram
2356,8768457483,customer2356@example.com,22,Female,3,Instagram
2357,9724796031,customer2357@example.com,26,Female,3,Influencer
2358,8162255005,customer2358@example.com,38,Male,1,Influencer
2359,7683952380,customer2359@example.com,37,Male,3,Google Ads
2360,9462110426,customer2360@example.com,55,Female,1,Instagram
2361,8081793586,customer2361@example.com,57,Female,3,Influencer
2362,7761801229,customer2362@example.com,54,Male,2,Instagram
2363,7345075984,customer2363@example.com,34,Female,2,Referral
2364,8635535741,customer2364@example.com,59,Male,1,Google Ads
2365,9833699535,customer2365@example.com,45,Male,2,Organic
2366,8265209491,customer2366@example.com,48,Female,3,Google Ads
2367,7663501513,customer2367@example.com,50,Male,1,Instagram
2368,8398966042,customer2368@example.com,49,Female,2,Instagram
2369,9253737324,customer2369@example.com,49,Male,2,Referral
2370,7499077793,customer2370@example.com,40,Female,1,Google Ads
2371,8892658335,customer2371@example.com,38,Male,3,Instagram
2372,9727766411,customer2372@example.com,42,Male,3,Organic
2373,7975720518,customer2373@example.com,50,Male,1,Influencer
2374,9449752893,customer2374@example.com,20,Male,3,Instagram
2375,7931236277,customer2375@example.com,23,Male,1,Organic
2376,8913700310,customer2376@example.com,45,Male,3,Instagram
2377,9713217289,customer2377@example.com,19,Male,2,Influencer
2378,7482495871,customer2378@example.com,49,Female,3,Instagram
2379,9144437409,customer2379@example.com,43,Female,1,Google Ads
2380,9403055073,customer2380@example.com,22,Male,3,Google Ads
2381,8102699746,customer2381@example.com,28,Male,2,Organic
2382,9135451678,customer2382@example.com,27,Female,1,Instagram
2383,7560853980,customer2383@example.com,32,Female,3,Google Ads
2384,7120116958,customer2384@example.com,35,Male,2,Organic
2385,7489818228,customer2385@example.com,31,Male,3,Influencer
2386,7676873141,customer2386@example.com,45,Female,1,Google Ads
2387,8314507147,customer2387@example.com,47,Male,3,Instagram
2388,9425007699,customer2388@example.com,30,Male,2,Instagram
2389,8277096111,customer2389@example.com,37,Female,2,Referral
2390,9463389869,customer2390@example.com,19,Male,1,Referral
2391,9379226833,customer2391@example.com,42,Male,3,Instagram
2392,9002683155,customer2392@example.com,29,Female,3,Organic
2393,8837218579,customer2393@example.com,42,Male,3,Instagram
2394,9800486612,customer2394@example.com,21,Female,3,Influencer
2395,8319846845,customer2395@example.com,59,Female,3,Instagram
2396,7370049812,customer2396@example.com,29,Female,3,Google Ads
2397,7742554451,customer2397@example.com,24,Female,3,Organic
2398,9512100834,customer2398@example.com,55,Female,3,Influencer
2399,8961983990,customer2399@example.com,57,Female,3,Influencer
2400,7736284428,customer2400@example.com,49,Male,1,Instagram
2401,8218893395,customer2401@example.com,23,Male,2,Referral
2402,8879256528,customer2402@example.com,44,Female,1,Organic
2403,9318254108,customer2403@example.com,52,Female,1,Organic
2404,7268895782,customer2404@example.com,38,Male,2,Influencer
2405,9546680543,customer2405@example.com,37,Female,3,Google Ads
2406,9903963090,customer2406@example.com,36,Male,1,Google Ads
2407,7094687183,customer2407@example.com,50,Female,1,Referral
2408,7944350133,customer2408@example.com,21,Female,1,Instagram
2409,8783533835,customer2409@example.com,36,Female,2,Influencer
2410,7826601475,customer2410@example.com,45,Female,1,Influencer
2411,8625825649,customer2411@example.com,39,Female,1,Instagram
2412,8775626639,customer2412@example.com,41,Female,1,Influencer
2413,8329642555,customer2413@example.com,47,Other,1,Google Ads
2414,7196693533,customer2414@example.com,46,Male,2,Organic
2415,9586154577,customer2415@example.com,27,Male,1,Google Ads
2416,8285686980,customer2416@example.com,49,Female,2,Instagram
2417,9028004713,customer2417@example.com,26,Female,2,Influencer
2418,9503388579,customer2418@example.com,42,Female,1,Google Ads
2419,7397215470,customer2419@example.com,33,Female,2,Google Ads
2420,9926939470,customer2420@example.com,32,Female,2,Influencer
2421,9068379614,customer2421@example.com,35,Female,3,Google Ads
2422,7882216546,customer2422@example.com,40,Female,3,Organic
2423,8348835128,customer2423@example.com,59,Male,3,Influencer
2424,9574165157,customer2424@example.com,20,Male,3,Google Ads
2425,7030105503,customer2425@example.com,24,Female,2,Organic
2426,9375143937,customer2426@example.com,56,Male,2,Google Ads
2427,9429305935,customer2427@example.com,28,Female,1,Instagram
2428,8148720927,customer2428@example.com,41,Male,3,Instagram
2429,9241094451,customer2429@example.com,52,Male,2,Organic
2430,7811483513,customer2430@example.com,42,Male,1,Instagram
2431,9810330321,customer2431@example.com,45,Female,2,Influencer
2432,8937687011,customer2432@example.com,29,Male,2,Instagram
2433,8738130258,customer2433@example.com,40,Female,2,Organic
2434,7041634712,customer2434@example.com,34,Male,3,Instagram
2435,8493428750,customer2435@example.com,58,Female,3,Organic
2436,9369438725,customer2436@example.com,54,Male,1,Organic
2437,8360059686,customer2437@example.com,35,Male,2,Referral
2438,7898762246,customer2438@example.com,26,Male,2,Organic
2439,8960703145,customer2439@example.com,52,Female,1,Instagram
2440,8336313603,customer2440@example.com,53,Male,3,Influencer
2441,8577841218,customer2441@example.com,35,Male,2,Google Ads
2442,7502664264,customer2442@example.com,37,Male,2,Influencer
2443,8525671157,customer2443@example.com,38,Male,1,Referral
2444,8400983907,customer2444@example.com,37,Female,2,Instagram
2445,9110080563,customer2445@example.com,23,Male,3,Instagram
2446,7433905996,customer2446@example.com,26,Male,3,Influencer
2447,8676572823,customer2447@example.com,46,Female,1,Influencer
2448,7957295444,customer2448@example.com,46,Male,3,Organic
2449,8868855371,customer2449@example.com,30,Male,1,Influencer
2450,8409105134,customer2450@example.com,53,Female,3,Referral
2451,8690436967,customer2451@example.com,44,Female,3,Organic
2452,9339442447,customer2452@example.com,23,Female,3,Organic
2453,9674178105,customer2453@example.com,56,Male,3,Organic
2454,9205785504,customer2454@example.com,49,Male,3,Instagram
2455,7268546844,customer2455@example.com,45,Male,1,Google Ads
2456,7934623817,customer2456@example.com,18,Female,2,Organic
2457,9846507890,customer2457@example.com,48,Female,2,Organic
2458,7725974766,customer2458@example.com,47,Male,1,Instagram
2459,8685585661,customer2459@example.com,35,Male,2,Referral
2460,8753670933,customer2460@example.com,46,Male,3,Organic
2461,8985307844,customer2461@example.com,59,Female,2,Instagram
2462,9977435947,customer2462@example.com,55,Female,2,Google Ads
2463,7808859467,customer2463@example.com,40,Female,1,Referral
2464,9889270641,customer2464@example.com,39,Male,2,Google Ads
2465,7174206261,customer2465@example.com,19,Female,2,Organic
2466,8313471929,customer2466@example.com,22,Male,1,Instagram
2467,9489483948,customer2467@example.com,59,Male,2,Google Ads
2468,7344334565,customer2468@example.com,32,Male,3,Influencer
2469,7016291534,customer2469@example.com,49,Other,3,Google Ads
2470,8520225361,customer2470@example.com,23,Male,3,Influencer
2471,9375929120,customer2471@example.com,31,Male,2,Instagram
2472,9012878664,customer2472@example.com,41,Female,1,Organic
2473,9634032117,customer2473@example.com,38,Female,3,Instagram
2474,8078509648,customer2474@example.com,31,Female,1,Influencer
2475,9641318111,customer2475@example.com,29,Male,3,Referral
2476,8087114317,customer2476@example.com,21,Female,3,Organic
2477,8733839821,customer2477@example.com,38,Female,3,Instagram
2478,8721774854,customer2478@example.com,34,Female,3,Google Ads
2479,7268362105,customer2479@example.com,46,Female,1,Google Ads
2480,9412826068,customer2480@example.com,33,Male,1,Influencer
2481,9769731823,customer2481@example.com,35,Female,1,Google Ads
2482,8617974870,customer2482@example.com,55,Female,3,Google Ads
2483,8848899276,customer2483@example.com,58,Female,1,Organic
2484,9691111361,customer2484@example.com,28,Male,3,Organic
2485,8468786209,customer2485@example.com,49,Male,1,Influencer
2486,9651093354,customer2486@example.com,45,Female,3,Referral
2487,7878968281,customer2487@example.com,33,Female,1,Influencer
2488,8853192486,customer2488@example.com,51,Female,2,Organic
2489,9231752440,customer2489@example.com,47,Female,3,Google Ads
2490,8459912942,customer2490@example.com,55,Male,2,Influencer
2491,9447987202,customer2491@example.com,39,Other,1,Google Ads
2492,9082752872,customer2492@example.com,22,Female,3,Organic
2493,8641703394,customer2493@example.com,26,Female,2,Google Ads
2494,7306919247,customer2494@example.com,30,Female,2,Instagram
2495,9971858324,customer2495@example.com,56,Female,3,Organic
2496,9436748667,customer2496@example.com,40,Male,3,Organic
2497,9395408157,customer2497@example.com,44,Male,2,Instagram
2498,7246340369,customer2498@example.com,49,Other,3,Google Ads
2499,7699354076,customer2499@example.com,48,Male,1,Google Ads
2500,8499692741,customer2500@example.com,50,Male,2,Organic
2501,7136938153,customer2501@example.com,59,Female,1,Organic
2502,8598988828,customer2502@example.com,43,Female,2,Instagram
2503,8292458073,customer2503@example.com,35,Male,2,Instagram
2504,7965563524,customer2504@example.com,29,Male,3,Organic
2505,8128521494,customer2505@example.com,20,Other,2,Referral
2506,7026843298,customer2506@example.com,22,Female,3,Referral
2507,8667903440,customer2507@example.com,31,Male,2,Google Ads
2508,7216427005,customer2508@example.com,29,Female,2,Google Ads
2509,7035083885,customer2509@example.com,21,Male,2,Referral
2510,8604299538,customer2510@example.com,33,Male,2,Google Ads
2511,9635126396,customer2511@example.com,28,Male,3,Instagram
2512,8840451718,customer2512@example.com,53,Female,3,Organic
2513,7127503420,customer2513@example.com,55,Female,2,Google Ads
2514,9281066410,customer2514@example.com,19,Male,2,Organic
2515,8493849138,customer2515@example.com,30,Female,2,Organic
2516,8727124997,customer2516@example.com,25,Male,2,Referral
2517,8030045054,customer2517@example.com,38,Other,1,Instagram
2518,9394781521,customer2518@example.com,43,Male,3,Google Ads
2519,7037249448,customer2519@example.com,55,Female,1,Organic
2520,8770017903,customer2520@example.com,52,Female,1,Google Ads
2521,8812592388,customer2521@example.com,32,Female,2,Organic
2522,8946876744,customer2522@example.com,57,Male,1,Influencer
2523,8405477159,customer2523@example.com,47,Male,3,Google Ads
2524,8952069494,customer2524@example.com,19,Other,3,Google Ads
2525,7744014620,customer2525@example.com,33,Male,2,Instagram
2526,7128737825,customer2526@example.com,30,Female,3,Influencer
2527,8796860845,customer2527@example.com,18,Male,2,Organic
2528,9113346093,customer2528@example.com,45,Male,1,Organic
2529,7872587660,customer2529@example.com,18,Female,3,Google Ads
2530,9461512026,customer2530@example.com,57,Male,1,Organic
2531,7437708811,customer2531@example.com,51,Female,2,Instagram
2532,8752147528,customer2532@example.com,30,Female,2,Google Ads
2533,7795013127,customer2533@example.com,19,Female,2,Google Ads
2534,8853169698,customer2534@example.com,21,Female,2,Instagram
2535,7493951186,customer2535@example.com,42,Male,3,Instagram
2536,8646894802,customer2536@example.com,51,Female,3,Influencer
2537,8631267859,customer2537@example.com,30,Female,3,Referral
2538,8834088829,customer2538@example.com,53,Male,2,Google Ads
2539,8997254720,customer2539@example.com,49,Female,1,Instagram
2540,9898213759,customer2540@example.com,38,Female,2,Referral
2541,8074549423,customer2541@example.com,43,Female,3,Referral
2542,9415130367,customer2542@example.com,32,Female,3,Organic
2543,9120639748,customer2543@example.com,46,Female,1,Google Ads
2544,8591008021,customer2544@example.com,43,Male,3,Instagram
2545,9300336777,customer2545@example.com,38,Male,2,Referral
2546,7808970683,customer2546@example.com,29,Female,1,Referral
2547,8808534693,customer2547@example.com,29,Female,2,Organic
2548,9721051793,customer2548@example.com,22,Female,3,Referral
2549,8833774218,customer2549@example.com,59,Male,2,Instagram
2550,8847624832,customer2550@example.com,43,Female,3,Instagram
2551,8674748648,customer2551@example.com,49,Female,1,Instagram
2552,9473855223,customer2552@example.com,19,Female,2,Instagram
2553,7050365738,customer2553@example.com,25,Male,1,Influencer
2554,7974545038,customer2554@example.com,44,Female,1,Referral
2555,9315126308,customer2555@example.com,54,Female,2,Instagram
2556,8582485108,customer2556@example.com,25,Male,2,Google Ads
2557,9040446690,customer2557@example.com,41,Female,1,Google Ads
2558,9804671033,customer2558@example.com,30,Male,1,Instagram
2559,9950024544,customer2559@example.com,46,Female,2,Influencer
2560,8810586749,customer2560@example.com,30,Female,1,Google Ads
2561,9352038303,customer2561@example.com,40,Female,2,Organic
2562,8629503202,customer2562@example.com,32,Male,3,Instagram
2563,9345115402,customer2563@example.com,41,Male,3,Organic
2564,7410841932,customer2564@example.com,40,Female,1,Organic
2565,9609369433,customer2565@example.com,27,Male,3,Google Ads
2566,9173189626,customer2566@example.com,55,Female,3,Instagram
2567,7003338525,customer2567@example.com,22,Male,1,Organic
2568,8116262133,customer2568@example.com,22,Female,2,Organic
2569,8285457436,customer2569@example.com,48,Male,3,Instagram
2570,9434377023,customer2570@example.com,57,Male,1,Instagram
2571,7147186571,customer2571@example.com,18,Female,1,Instagram
2572,8437029743,customer2572@example.com,19,Male,2,Referral
2573,9542430063,customer2573@example.com,46,Male,1,Instagram
2574,7050782642,customer2574@example.com,24,Female,1,Instagram
2575,8496687344,customer2575@example.com,46,Female,2,Influencer
2576,8916688346,customer2576@example.com,26,Male,2,Influencer
2577,7969771830,customer2577@example.com,53,Female,2,Google Ads
2578,7046426001,customer2578@example.com,24,Female,2,Organic
2579,7083646600,customer2579@example.com,45,Male,3,Google Ads
2580,7291626802,customer2580@example.com,27,Male,3,Instagram
2581,9584274513,customer2581@example.com,33,Male,2,Google Ads
2582,7030315578,customer2582@example.com,27,Female,3,Google Ads
2583,8702507509,customer2583@example.com,56,Female,2,Instagram
2584,8159740913,customer2584@example.com,43,Male,3,Instagram
2585,9361666255,customer2585@example.com,51,Female,2,Influencer
2586,8308187069,customer2586@example.com,51,Female,3,Google Ads
2587,8299842726,customer2587@example.com,57,Male,3,Google Ads
2588,7660406760,customer2588@example.com,31,Female,3,Influencer
2589,8292632595,customer2589@example.com,35,Female,1,Instagram
2590,9945294831,customer2590@example.com,18,Male,3,Instagram
2591,7422334636,customer2591@example.com,34,Female,1,Influencer
2592,7824384919,customer2592@example.com,39,Female,2,Instagram
2593,9060786895,customer2593@example.com,54,Male,3,Organic
2594,7628253808,customer2594@example.com,33,Male,3,Organic
2595,7394005901,customer2595@example.com,24,Female,2,Instagram
2596,9261489771,customer2596@example.com,32,Female,1,Instagram
2597,7089386598,customer2597@example.com,38,Female,3,Google Ads
2598,9930455067,customer2598@example.com,19,Male,3,Organic
2599,9411466328,customer2599@example.com,42,Male,1,Organic
2600,8610124298,customer2600@example.com,26,Male,3,Instagram
2601,8936329080,customer2601@example.com,37,Male,3,Google Ads
2602,7004669058,customer2602@example.com,27,Male,2,Google Ads
2603,7539829333,customer2603@example.com,38,Female,1,Influencer
2604,9568277049,customer2604@example.com,21,Female,3,Instagram
2605,7477121019,customer2605@example.com,47,Male,1,Referral
2606,9505017580,customer2606@example.com,51,Female,2,Google Ads
2607,9468833327,customer2607@example.com,47,Male,2,Instagram
2608,7469582521,customer2608@example.com,31,Female,3,Google Ads
2609,9211969271,customer2609@example.com,39,Female,3,Google Ads
2610,8628681541,customer2610@example.com,18,Male,3,Organic
2611,7337648034,customer2611@example.com,25,Female,1,Referral
2612,8724269261,customer2612@example.com,28,Female,2,Referral
2613,7684592944,customer2613@example.com,18,Female,2,Instagram
2614,9275209091,customer2614@example.com,22,Female,1,Instagram
2615,7946003958,customer2615@example.com,27,Male,3,Referral
2616,8094876918,customer2616@example.com,56,Male,1,Influencer
2617,9799888260,customer2617@example.com,30,Male,2,Instagram
2618,7882475998,customer2618@example.com,38,Female,2,Influencer
2619,7265434326,customer2619@example.com,53,Female,3,Organic
2620,7538008619,customer2620@example.com,50,Male,2,Instagram
2621,8430855317,customer2621@example.com,45,Female,2,Referral
2622,8726644730,customer2622@example.com,26,Male,2,Google Ads
2623,7083019610,customer2623@example.com,28,Female,2,Google Ads
2624,9984330204,customer2624@example.com,57,Male,1,Organic
2625,9487446160,customer2625@example.com,46,Female,1,Instagram
2626,8459088037,customer2626@example.com,24,Female,3,Organic
2627,9179880837,customer2627@example.com,44,Male,1,Organic
2628,8825209542,customer2628@example.com,39,Female,1,Instagram
2629,7319933250,customer2629@example.com,48,Male,3,Google Ads
2630,8892226710,customer2630@example.com,47,Male,1,Organic
2631,8472525369,customer2631@example.com,45,Female,2,Referral
2632,7004843740,customer2632@example.com,37,Female,2,Influencer
2633,9639456102,customer2633@example.com,32,Male,2,Instagram
2634,8903543652,customer2634@example.com,32,Female,2,Organic
2635,8849054973,customer2635@example.com,29,Female,1,Instagram
2636,7017974518,customer2636@example.com,34,Female,2,Instagram
2637,9589259489,customer2637@example.com,40,Female,1,Organic
2638,8084097651,customer2638@example.com,23,Female,3,Instagram
2639,7421908106,customer2639@example.com,33,Female,2,Influencer
2640,8857686508,customer2640@example.com,44,Female,3,Influencer
2641,7941732042,customer2641@example.com,40,Female,1,Google Ads
2642,9386475916,customer2642@example.com,18,Male,2,Google Ads
2643,9020045222,customer2643@example.com,24,Female,3,Influencer
2644,9040992552,customer2644@example.com,56,Female,3,Instagram
2645,9872444244,customer2645@example.com,57,Female,3,Instagram
2646,8331860419,customer2646@example.com,57,Male,1,Google Ads
2647,8561528322,customer2647@example.com,56,Female,2,Google Ads
2648,9187481565,customer2648@example.com,35,Male,1,Referral
2649,9299987778,customer2649@example.com,53,Other,3,Instagram
2650,9071305904,customer2650@example.com,39,Male,1,Google Ads
2651,8808327568,customer2651@example.com,19,Female,3,Influencer
2652,9412239695,customer2652@example.com,43,Male,2,Organic
2653,9263976687,customer2653@example.com,49,Female,3,Organic
2654,9062354714,customer2654@example.com,40,Female,1,Google Ads
2655,7429434986,customer2655@example.com,57,Female,2,Instagram
2656,9028339522,customer2656@example.com,35,Male,1,Referral
2657,7846457718,customer2657@example.com,36,Other,2,Instagram
2658,7956235654,customer2658@example.com,41,Male,3,Influencer
2659,9164839166,customer2659@example.com,21,Female,2,Influencer
2660,7042886819,customer2660@example.com,19,Female,2,Google Ads
2661,9799902779,customer2661@example.com,47,Male,2,Influencer
2662,8761281602,customer2662@example.com,55,Female,2,Instagram
2663,8053043991,customer2663@example.com,48,Female,3,Influencer
2664,8673825665,customer2664@example.com,57,Female,2,Organic
2665,8808834261,customer2665@example.com,33,Male,1,Instagram
2666,7785852921,customer2666@example.com,50,Other,2,Organic
2667,9435453204,customer2667@example.com,20,Female,2,Referral
2668,9544533772,customer2668@example.com,35,Male,3,Organic
2669,9644212621,customer2669@example.com,27,Female,2,Organic
2670,8346079253,customer2670@example.com,19,Male,2,Organic
2671,8495127709,customer2671@example.com,47,Male,3,Organic
2672,9719979407,customer2672@example.com,47,Male,1,Google Ads
2673,8403089173,customer2673@example.com,42,Female,1,Organic
2674,9812194020,customer2674@example.com,41,Male,3,Google Ads
2675,9973278752,customer2675@example.com,52,Female,2,Google Ads
2676,9744806792,customer2676@example.com,27,Male,1,Instagram
2677,9707636969,customer2677@example.com,47,Male,2,Referral
2678,9026486204,customer2678@example.com,43,Male,2,Google Ads
2679,9946091573,customer2679@example.com,52,Female,2,Instagram
2680,9222104944,customer2680@example.com,41,Male,2,Instagram
2681,8322143511,customer2681@example.com,37,Male,2,Instagram
2682,9752421206,customer2682@example.com,56,Male,3,Instagram
2683,9545722440,customer2683@example.com,57,Male,1,Google Ads
2684,8387244678,customer2684@example.com,52,Female,2,Influencer
2685,8617715906,customer2685@example.com,56,Female,2,Instagram
2686,8914698084,customer2686@example.com,27,Male,2,Referral
2687,9571638565,customer2687@example.com,44,Male,3,Instagram
2688,7756709350,customer2688@example.com,32,Female,3,Organic
2689,7356536915,customer2689@example.com,32,Male,1,Organic
2690,8418626563,customer2690@example.com,54,Female,2,Organic
2691,7977669705,customer2691@example.com,52,Male,3,Google Ads
2692,8109654488,customer2692@example.com,20,Female,3,Organic
2693,9526346697,customer2693@example.com,46,Male,2,Google Ads
2694,7048610789,customer2694@example.com,21,Female,2,Instagram
2695,9451437747,customer2695@example.com,33,Male,2,Instagram
2696,7595392849,customer2696@example.com,22,Male,1,Instagram
2697,9935359775,customer2697@example.com,38,Male,2,Google Ads
2698,7002100567,customer2698@example.com,57,Male,3,Organic
2699,9204731882,customer2699@example.com,59,Male,2,Referral
2700,9607724366,customer2700@example.com,38,Male,2,Instagram
2701,7744740219,customer2701@example.com,19,Female,3,Google Ads
2702,9478800008,customer2702@example.com,31,Male,1,Instagram
2703,9065883854,customer2703@example.com,22,Male,1,Organic
2704,9868439248,customer2704@example.com,24,Female,1,Referral
2705,7201942575,customer2705@example.com,28,Female,2,Instagram
2706,7985431514,customer2706@example.com,52,Female,3,Referral
2707,9029467661,customer2707@example.com,47,Female,2,Instagram
2708,9548936752,customer2708@example.com,18,Female,1,Instagram
2709,7407196803,customer2709@example.com,33,Male,1,Instagram
2710,7681152320,customer2710@example.com,18,Female,3,Instagram
2711,9511647197,customer2711@example.com,39,Male,2,Instagram
2712,9697275154,customer2712@example.com,30,Male,3,Google Ads
2713,9206100608,customer2713@example.com,44,Male,3,Organic
2714,8533414139,customer2714@example.com,32,Female,2,Instagram
2715,7455834535,customer2715@example.com,34,Female,2,Instagram
2716,8162938489,customer2716@example.com,26,Female,2,Instagram
2717,7999574426,customer2717@example.com,22,Male,3,Influencer
2718,7121739777,customer2718@example.com,40,Female,2,Instagram
2719,7778187904,customer2719@example.com,28,Female,1,Instagram
2720,7194788067,customer2720@example.com,41,Female,2,Instagram
2721,7925282187,customer2721@example.com,25,Female,3,Instagram
2722,7715414380,customer2722@example.com,51,Male,2,Google Ads
2723,7565434849,customer2723@example.com,59,Female,2,Instagram
2724,8763946529,customer2724@example.com,48,Male,3,Instagram
2725,9212908124,customer2725@example.com,39,Female,2,Influencer
2726,9934549058,customer2726@example.com,31,Female,2,Referral
2727,8215235512,customer2727@example.com,22,Male,2,Influencer
2728,8812830128,customer2728@example.com,34,Male,3,Referral
2729,8855243998,customer2729@example.com,35,Other,3,Organic
2730,8807843931,customer2730@example.com,36,Female,1,Referral
2731,7842588473,customer2731@example.com,24,Male,1,Google Ads
2732,9466674088,customer2732@example.com,43,Male,1,Organic
2733,7654429057,customer2733@example.com,42,Male,3,Referral
2734,9177979297,customer2734@example.com,35,Male,2,Organic
2735,9328791729,customer2735@example.com,32,Female,3,Referral
2736,8547865504,customer2736@example.com,46,Male,1,Instagram
2737,7750442785,customer2737@example.com,59,Female,1,Google Ads
2738,8519157188,customer2738@example.com,18,Female,2,Google Ads
2739,7333471417,customer2739@example.com,21,Male,1,Google Ads
2740,9062372608,customer2740@example.com,26,Male,2,Influencer
2741,8526477853,customer2741@example.com,53,Female,3,Influencer
2742,8124791481,customer2742@example.com,49,Female,2,Organic
2743,9727336436,customer2743@example.com,41,Male,3,Instagram
2744,9284216643,customer2744@example.com,54,Female,3,Instagram
2745,9116963331,customer2745@example.com,35,Female,2,Organic
2746,8807596455,customer2746@example.com,32,Male,2,Google Ads
2747,7893430954,customer2747@example.com,37,Male,3,Instagram
2748,8354215392,customer2748@example.com,57,Male,2,Instagram
2749,7786174964,customer2749@example.com,19,Other,1,Organic
2750,8134549002,customer2750@example.com,42,Male,2,Influencer
2751,8819486714,customer2751@example.com,30,Male,1,Instagram
2752,9800971898,customer2752@example.com,44,Male,3,Google Ads
2753,7312902422,customer2753@example.com,30,Other,1,Organic
2754,8952281097,customer2754@example.com,45,Male,2,Google Ads
2755,8261787776,customer2755@example.com,32,Female,1,Referral
2756,9174530428,customer2756@example.com,46,Male,2,Instagram
2757,9391322404,customer2757@example.com,38,Female,1,Influencer
2758,7798011500,customer2758@example.com,48,Female,3,Google Ads
2759,8131322879,customer2759@example.com,40,Male,2,Organic
2760,7804382479,customer2760@example.com,54,Male,3,Instagram
2761,8481548676,customer2761@example.com,20,Male,1,Referral
2762,7994431899,customer2762@example.com,52,Male,2,Instagram
2763,9992227502,customer2763@example.com,31,Female,2,Google Ads
2764,8315900730,customer2764@example.com,19,Male,2,Referral
2765,7689600076,customer2765@example.com,30,Female,2,Google Ads
2766,9222136829,customer2766@example.com,19,Male,3,Influencer
2767,9630472932,customer2767@example.com,29,Male,2,Referral
2768,7979731223,customer2768@example.com,44,Male,2,Instagram
2769,8112075202,customer2769@example.com,51,Male,3,Google Ads
2770,8023566873,customer2770@example.com,57,Male,3,Organic
2771,9507517383,customer2771@example.com,22,Female,2,Influencer
2772,8069494350,customer2772@example.com,42,Male,1,Instagram
2773,8267803110,customer2773@example.com,28,Female,3,Organic
2774,8413827959,customer2774@example.com,30,Female,3,Instagram
2775,9412786056,customer2775@example.com,45,Female,1,Organic
2776,7591825573,customer2776@example.com,38,Other,2,Instagram
2777,8508860243,customer2777@example.com,43,Female,1,Instagram
2778,9468042215,customer2778@example.com,44,Male,1,Organic
2779,9520617209,customer2779@example.com,43,Male,3,Influencer
2780,7840959237,customer2780@example.com,32,Female,2,Google Ads
2781,8459352905,customer2781@example.com,23,Male,1,Google Ads
2782,8092767991,customer2782@example.com,21,Other,1,Organic
2783,7963024971,customer2783@example.com,21,Male,1,Organic
2784,7178901320,customer2784@example.com,47,Female,3,Organic
2785,9319407912,customer2785@example.com,30,Female,2,Google Ads
2786,9236820905,customer2786@example.com,26,Female,1,Google Ads
2787,7496626872,customer2787@example.com,59,Female,3,Instagram
2788,8947169967,customer2788@example.com,31,Male,3,Referral
2789,9070283980,customer2789@example.com,45,Male,2,Organic
2790,9726166817,customer2790@example.com,57,Female,1,Google Ads
2791,8498722978,customer2791@example.com,20,Female,2,Google Ads
2792,9127174593,customer2792@example.com,58,Female,3,Instagram
2793,8278780467,customer2793@example.com,46,Female,2,Google Ads
2794,8136401450,customer2794@example.com,50,Male,2,Organic
2795,8255692062,customer2795@example.com,32,Female,1,Referral
2796,7430630533,customer2796@example.com,56,Female,3,Organic
2797,7102948637,customer2797@example.com,32,Male,3,Organic
2798,7350594105,customer2798@example.com,24,Female,3,Organic
2799,8188047324,customer2799@example.com,29,Male,2,Google Ads
2800,8475102132,customer2800@example.com,56,Female,2,Instagram
2801,7843983590,customer2801@example.com,24,Female,3,Influencer
2802,9138558326,customer2802@example.com,58,Female,2,Google Ads
2803,8685157583,customer2803@example.com,23,Male,1,Referral
2804,9242113286,customer2804@example.com,43,Male,1,Google Ads
2805,9597829680,customer2805@example.com,26,Female,3,Organic
2806,8986935551,customer2806@example.com,41,Other,3,Google Ads
2807,8465247492,customer2807@example.com,47,Male,2,Instagram
2808,9821575070,customer2808@example.com,33,Male,1,Referral
2809,9875187315,customer2809@example.com,44,Female,2,Organic
2810,7060549253,customer2810@example.com,50,Male,3,Google Ads
2811,7530475983,customer2811@example.com,40,Male,1,Instagram
2812,8987253083,customer2812@example.com,36,Female,3,Referral
2813,7423867226,customer2813@example.com,53,Female,2,Influencer
2814,7740242060,customer2814@example.com,36,Male,2,Google Ads
2815,7955602814,customer2815@example.com,39,Other,2,Instagram
2816,7246025692,customer2816@example.com,59,Male,2,Instagram
2817,9354804076,customer2817@example.com,50,Male,1,Instagram
2818,8453821615,customer2818@example.com,27,Male,2,Google Ads
2819,7722208484,customer2819@example.com,49,Female,1,Influencer
2820,9608036805,customer2820@example.com,32,Female,3,Google Ads
2821,9942910135,customer2821@example.com,56,Male,3,Google Ads
2822,9437639494,customer2822@example.com,25,Male,2,Google Ads
2823,7284913347,customer2823@example.com,42,Male,1,Instagram
2824,7401229589,customer2824@example.com,35,Male,3,Instagram
2825,8058392551,customer2825@example.com,32,Female,2,Google Ads
2826,7408824260,customer2826@example.com,43,Female,3,Instagram
2827,7456263954,customer2827@example.com,58,Male,2,Google Ads
2828,9352244834,customer2828@example.com,38,Female,3,Instagram
2829,8832667338,customer2829@example.com,39,Female,1,Influencer
2830,7962843085,customer2830@example.com,51,Male,3,Organic
2831,7162572450,customer2831@example.com,54,Male,2,Organic
2832,9963966477,customer2832@example.com,54,Female,2,Google Ads
2833,9446531721,customer2833@example.com,31,Female,3,Google Ads
2834,7969575619,customer2834@example.com,21,Female,3,Organic
2835,8158297455,customer2835@example.com,41,Female,3,Organic
2836,8924019238,customer2836@example.com,19,Male,2,Influencer
2837,9022542362,customer2837@example.com,18,Male,2,Google Ads
2838,9871434290,customer2838@example.com,19,Female,1,Instagram
2839,7787313898,customer2839@example.com,30,Female,1,Google Ads
2840,9449256986,customer2840@example.com,44,Female,2,Instagram
2841,7260136847,customer2841@example.com,34,Other,1,Google Ads
2842,8642259323,customer2842@example.com,34,Male,1,Instagram
2843,8295632228,customer2843@example.com,22,Male,2,Organic
2844,7227362724,customer2844@example.com,41,Female,1,Organic
2845,9045611890,customer2845@example.com,25,Female,2,Instagram
2846,8119658622,customer2846@example.com,26,Male,2,Instagram
2847,9070160387,customer2847@example.com,35,Male,2,Google Ads
2848,8724376699,customer2848@example.com,33,Male,2,Organic
2849,7606324178,customer2849@example.com,49,Female,2,Organic
2850,7429609281,customer2850@example.com,57,Female,2,Referral
2851,7803956283,customer2851@example.com,56,Female,1,Organic
2852,8472707975,customer2852@example.com,58,Male,2,Google Ads
2853,9485050525,customer2853@example.com,49,Male,2,Google Ads
2854,9508711491,customer2854@example.com,59,Male,1,Organic
2855,9014964065,customer2855@example.com,19,Male,3,Referral
2856,8614765500,customer2856@example.com,55,Other,3,Google Ads
2857,8625425276,customer2857@example.com,21,Male,2,Organic
2858,8840971505,customer2858@example.com,22,Male,1,Instagram
2859,8349650855,customer2859@example.com,54,Female,2,Influencer
2860,8894556844,customer2860@example.com,54,Male,1,Organic
2861,9393719710,customer2861@example.com,43,Female,2,Google Ads
2862,8987531729,customer2862@example.com,26,Male,1,Influencer
2863,8343780130,customer2863@example.com,32,Female,2,Referral
2864,9546524281,customer2864@example.com,41,Female,2,Instagram
2865,8589641139,customer2865@example.com,41,Male,3,Instagram
2866,9179662674,customer2866@example.com,52,Male,2,Influencer
2867,9003162381,customer2867@example.com,58,Male,1,Organic
2868,7702350714,customer2868@example.com,42,Male,1,Influencer
2869,7572847387,customer2869@example.com,43,Male,2,Google Ads
2870,7420443997,customer2870@example.com,40,Female,2,Organic
2871,7298235891,customer2871@example.com,23,Male,1,Organic
2872,8114522150,customer2872@example.com,58,Male,1,Instagram
2873,7893154224,customer2873@example.com,44,Male,1,Referral
2874,9341040277,customer2874@example.com,36,Female,3,Organic
2875,8803564697,customer2875@example.com,48,Female,3,Organic
2876,7953049993,customer2876@example.com,55,Male,2,Instagram
2877,9438229618,customer2877@example.com,49,Male,3,Organic
2878,8758236000,customer2878@example.com,19,Male,3,Influencer
2879,8752965423,customer2879@example.com,35,Male,1,Influencer
2880,7084186726,customer2880@example.com,45,Female,2,Referral
2881,8059595252,customer2881@example.com,24,Male,1,Instagram
2882,9986325827,customer2882@example.com,40,Female,2,Instagram
2883,8534218254,customer2883@example.com,53,Male,2,Organic
2884,9974749541,customer2884@example.com,41,Female,2,Influencer
2885,8995622693,customer2885@example.com,45,Male,1,Organic
2886,7188512448,customer2886@example.com,42,Female,3,Instagram
2887,9921976825,customer2887@example.com,56,Female,3,Organic
2888,8449700211,customer2888@example.com,21,Other,1,Organic
2889,8130984484,customer2889@example.com,36,Female,2,Instagram
2890,8700372088,customer2890@example.com,21,Male,3,Instagram
2891,9881316286,customer2891@example.com,30,Male,1,Instagram
2892,9787680334,customer2892@example.com,18,Female,1,Instagram
2893,9790589716,customer2893@example.com,51,Female,3,Instagram
2894,7410195724,customer2894@example.com,24,Male,2,Instagram
2895,7173952772,customer2895@example.com,42,Female,3,Google Ads
2896,9894986925,customer2896@example.com,40,Female,2,Instagram
2897,8915426358,customer2897@example.com,47,Male,2,Organic
2898,7539183314,customer2898@example.com,24,Male,2,Instagram
2899,9595286236,customer2899@example.com,34,Male,1,Google Ads
2900,8753197087,customer2900@example.com,50,Male,2,Referral
2901,7293931942,customer2901@example.com,19,Female,2,Influencer
2902,8016019606,customer2902@example.com,55,Male,2,Google Ads
2903,8713605457,customer2903@example.com,30,Female,3,Google Ads
2904,8028739861,customer2904@example.com,49,Female,3,Instagram
2905,8002913744,customer2905@example.com,39,Female,1,Influencer
2906,7544659100,customer2906@example.com,26,Female,3,Instagram
2907,7315899731,customer2907@example.com,34,Female,3,Instagram
2908,7069254418,customer2908@example.com,35,Female,3,Google Ads
2909,9390186916,customer2909@example.com,57,Male,1,Instagram
2910,7391343250,customer2910@example.com,57,Male,1,Organic
2911,8747933445,customer2911@example.com,44,Female,2,Instagram
2912,7447513345,customer2912@example.com,28,Male,2,Instagram
2913,8457328279,customer2913@example.com,45,Male,3,Organic
2914,9482997669,customer2914@example.com,25,Male,1,Organic
2915,8872554286,customer2915@example.com,35,Male,1,Instagram
2916,8354010884,customer2916@example.com,30,Female,2,Instagram
2917,8793036115,customer2917@example.com,50,Male,1,Instagram
2918,9826988310,customer2918@example.com,32,Male,1,Influencer
2919,7545689955,customer2919@example.com,39,Female,1,Organic
2920,7278056797,customer2920@example.com,55,Female,1,Google Ads
2921,9678962807,customer2921@example.com,47,Female,2,Instagram
2922,8528561002,customer2922@example.com,23,Male,3,Organic
2923,7276970379,customer2923@example.com,51,Male,3,Instagram
2924,9167868100,customer2924@example.com,36,Male,2,Google Ads
2925,7306720215,customer2925@example.com,50,Female,2,Organic
2926,9684305730,customer2926@example.com,31,Female,2,Influencer
2927,8494159857,customer2927@example.com,58,Female,3,Influencer
2928,7929138820,customer2928@example.com,36,Female,3,Instagram
2929,9033954596,customer2929@example.com,57,Male,1,Referral
2930,7699857178,customer2930@example.com,32,Male,3,Instagram
2931,7344148392,customer2931@example.com,27,Female,3,Google Ads
2932,7679554581,customer2932@example.com,19,Female,1,Instagram
2933,7920315079,customer2933@example.com,19,Male,2,Organic
2934,9585964779,customer2934@example.com,38,Male,2,Google Ads
2935,8850828628,customer2935@example.com,29,Female,1,Instagram
2936,9666139713,customer2936@example.com,27,Female,2,Instagram
2937,9972517702,customer2937@example.com,29,Male,2,Instagram
2938,9166372841,customer2938@example.com,56,Female,3,Referral
2939,8807503266,customer2939@example.com,19,Male,3,Organic
2940,7599763602,customer2940@example.com,18,Female,1,Instagram
2941,7168487015,customer2941@example.com,19,Male,2,Influencer
2942,7468373217,customer2942@example.com,40,Female,3,Instagram
2943,8720547539,customer2943@example.com,45,Female,3,Organic
2944,7917474594,customer2944@example.com,34,Female,2,Google Ads
2945,8297235164,customer2945@example.com,57,Male,1,Instagram
2946,7944198264,customer2946@example.com,38,Female,3,Instagram
2947,7994395667,customer2947@example.com,51,Male,2,Google Ads
2948,9463842487,customer2948@example.com,26,Male,1,Referral
2949,8045915832,customer2949@example.com,34,Male,3,Organic
2950,9818919261,customer2950@example.com,59,Female,3,Organic
2951,9085822921,customer2951@example.com,49,Male,2,Influencer
2952,9524492205,customer2952@example.com,22,Male,3,Organic
2953,8209804410,customer2953@example.com,31,Male,2,Instagram
2954,8568792805,customer2954@example.com,42,Male,2,Referral
2955,7919887651,customer2955@example.com,39,Female,2,Google Ads
2956,9396584595,customer2956@example.com,22,Female,3,Google Ads
2957,7775760499,customer2957@example.com,55,Male,2,Organic
2958,9949866917,customer2958@example.com,26,Female,2,Google Ads
2959,8285886971,customer2959@example.com,48,Female,1,Instagram
2960,8420581878,customer2960@example.com,58,Female,1,Google Ads
2961,8419956255,customer2961@example.com,38,Female,2,Google Ads
2962,9703071727,customer2962@example.com,53,Male,3,Google Ads
2963,8506650400,customer2963@example.com,18,Female,2,Organic
2964,9570147349,customer2964@example.com,39,Male,2,Instagram
2965,7425419336,customer2965@example.com,40,Female,2,Organic
2966,9689151815,customer2966@example.com,40,Other,2,Referral
2967,7752430494,customer2967@example.com,32,Male,3,Organic
2968,9661304439,customer2968@example.com,18,Male,3,Organic
2969,7659213894,customer2969@example.com,23,Male,1,Instagram
2970,8028620386,customer2970@example.com,57,Female,3,Organic
2971,7450646442,customer2971@example.com,52,Female,2,Influencer
2972,8477101627,customer2972@example.com,34,Male,3,Instagram
2973,8399714500,customer2973@example.com,40,Male,3,Instagram
2974,7843023494,customer2974@example.com,37,Female,2,Organic
2975,9972659995,customer2975@example.com,45,Female,2,Organic
2976,9986600889,customer2976@example.com,54,Female,3,Influencer
2977,9278025378,customer2977@example.com,35,Male,2,Organic
2978,9601083974,customer2978@example.com,24,Female,1,Influencer
2979,9444250735,customer2979@example.com,37,Male,2,Instagram
2980,8117079908,customer2980@example.com,41,Male,2,Instagram
2981,9038087454,customer2981@example.com,33,Male,3,Organic
2982,8393977829,customer2982@example.com,30,Female,2,Google Ads
2983,8721183418,customer2983@example.com,45,Male,3,Instagram
2984,8625659957,customer2984@example.com,24,Male,2,Instagram
2985,7743489522,customer2985@example.com,32,Female,2,Organic
2986,7045786069,customer2986@example.com,40,Male,3,Influencer
2987,8836809837,customer2987@example.com,40,Other,1,Google Ads
2988,7217727598,customer2988@example.com,48,Other,1,Influencer
2989,9957109913,customer2989@example.com,22,Female,1,Google Ads
2990,9986888759,customer2990@example.com,44,Female,1,Referral
2991,8610472649,customer2991@example.com,27,Female,2,Referral
2992,9755663999,customer2992@example.com,59,Male,1,Influencer
2993,8757603681,customer2993@example.com,24,Female,3,Instagram
2994,8488568979,customer2994@example.com,49,Female,3,Google Ads
2995,9556618398,customer2995@example.com,40,Female,2,Google Ads
2996,7924463305,customer2996@example.com,26,Female,1,Google Ads
2997,9399483084,customer2997@example.com,46,Female,2,Influencer
2998,9962398904,customer2998@example.com,44,Male,3,Referral
2999,8796360582,customer2999@example.com,55,Female,2,Referral
3000,8374405105,customer3000@example.com,38,Female,1,Google Ads
3001,8448992074,customer3001@example.com,23,Female,1,Instagram
3002,8477129902,customer3002@example.com,43,Male,1,Instagram
3003,7368401918,customer3003@example.com,37,Female,2,Instagram
3004,7961040821,customer3004@example.com,32,Male,2,Instagram
3005,7524979147,customer3005@example.com,55,Male,3,Instagram
3006,8099349212,customer3006@example.com,37,Male,1,Google Ads
3007,8461656686,customer3007@example.com,32,Other,1,Instagram
3008,8597653677,customer3008@example.com,46,Female,3,Influencer
3009,7398282634,customer3009@example.com,23,Female,3,Organic
3010,8217667079,customer3010@example.com,33,Male,2,Organic
3011,9478125899,customer3011@example.com,18,Female,3,Google Ads
3012,9754236623,customer3012@example.com,23,Female,2,Instagram
3013,8215634786,customer3013@example.com,33,Male,3,Referral
3014,9902420176,customer3014@example.com,50,Other,3,Instagram
3015,9923237868,customer3015@example.com,24,Male,3,Organic
3016,7866792705,customer3016@example.com,27,Other,1,Instagram
3017,8162949104,customer3017@example.com,25,Female,2,Referral
3018,8886832367,customer3018@example.com,38,Male,1,Referral
3019,7144825941,customer3019@example.com,43,Male,2,Instagram
3020,9133605814,customer3020@example.com,54,Male,1,Referral
3021,9993375682,customer3021@example.com,35,Male,2,Organic
3022,8127894768,customer3022@example.com,21,Female,1,Organic
3023,9392876018,customer3023@example.com,37,Male,3,Instagram
3024,7408074501,customer3024@example.com,59,Other,3,Instagram
3025,7614842569,customer3025@example.com,57,Female,1,Influencer
3026,8972393163,customer3026@example.com,36,Female,3,Instagram
3027,7375583808,customer3027@example.com,50,Female,1,Referral
3028,7065689382,customer3028@example.com,40,Female,1,Google Ads
3029,8980494002,customer3029@example.com,26,Male,2,Instagram
3030,7865833244,customer3030@example.com,55,Female,2,Organic
3031,7966536186,customer3031@example.com,35,Female,1,Google Ads
3032,7191568379,customer3032@example.com,19,Female,2,Referral
3033,9153781667,customer3033@example.com,34,Male,2,Google Ads
3034,8420321569,customer3034@example.com,33,Female,3,Google Ads
3035,8671955901,customer3035@example.com,41,Female,1,Organic
3036,8873514146,customer3036@example.com,48,Female,1,Organic
3037,9682387678,customer3037@example.com,18,Male,2,Referral
3038,9348635008,customer3038@example.com,45,Female,3,Instagram
3039,8701301475,customer3039@example.com,50,Female,1,Google Ads
3040,9531255455,customer3040@example.com,59,Female,1,Organic
3041,8054785932,customer3041@example.com,54,Female,2,Instagram
3042,9906438697,customer3042@example.com,56,Female,2,Google Ads
3043,7399730702,customer3043@example.com,21,Female,1,Influencer
3044,7627424478,customer3044@example.com,18,Female,2,Instagram
3045,8592128685,customer3045@example.com,50,Female,1,Google Ads
3046,9798268164,customer3046@example.com,27,Female,2,Google Ads
3047,9730975727,customer3047@example.com,20,Male,2,Organic
3048,7703602254,customer3048@example.com,54,Female,3,Instagram
3049,7620274275,customer3049@example.com,38,Female,2,Instagram
3050,9240586754,customer3050@example.com,26,Male,2,Instagram
3051,9568746707,customer3051@example.com,57,Female,2,Referral
3052,9611520763,customer3052@example.com,41,Male,2,Google Ads
3053,9018327364,customer3053@example.com,25,Male,1,Instagram
3054,9453154232,customer3054@example.com,41,Male,3,Instagram
3055,9231391979,customer3055@example.com,41,Female,3,Instagram
3056,8463959350,customer3056@example.com,27,Male,2,Instagram
3057,9551998561,customer3057@example.com,52,Male,1,Organic
3058,7119823003,customer3058@example.com,21,Male,2,Organic
3059,8173225555,customer3059@example.com,26,Male,2,Organic
3060,9778097429,customer3060@example.com,28,Male,1,Instagram
3061,7257918440,customer3061@example.com,30,Male,3,Instagram
3062,8546634971,customer3062@example.com,44,Male,3,Google Ads
3063,7053926739,customer3063@example.com,47,Male,3,Google Ads
3064,9517585514,customer3064@example.com,56,Female,3,Instagram
3065,9803992000,customer3065@example.com,29,Male,2,Google Ads
3066,9014138213,customer3066@example.com,36,Male,2,Instagram
3067,9834373131,customer3067@example.com,57,Male,1,Instagram
3068,8878302607,customer3068@example.com,21,Male,3,Organic
3069,8874838023,customer3069@example.com,51,Female,2,Instagram
3070,7905330485,customer3070@example.com,40,Male,2,Influencer
3071,9738667156,customer3071@example.com,43,Other,2,Influencer
3072,7270092561,customer3072@example.com,24,Male,2,Google Ads
3073,8545096768,customer3073@example.com,35,Male,2,Referral
3074,9098215433,customer3074@example.com,59,Female,3,Google Ads
3075,9792047210,customer3075@example.com,21,Other,1,Referral
3076,8317989015,customer3076@example.com,25,Male,2,Referral
3077,8961798785,customer3077@example.com,39,Male,3,Influencer
3078,8656238216,customer3078@example.com,43,Female,1,Instagram
3079,8525650085,customer3079@example.com,30,Female,3,Organic
3080,8101746613,customer3080@example.com,34,Female,1,Organic
3081,9164015361,customer3081@example.com,53,Male,3,Instagram
3082,8157040565,customer3082@example.com,58,Male,3,Influencer
3083,9827264038,customer3083@example.com,32,Female,3,Influencer
3084,9721808614,customer3084@example.com,35,Male,1,Referral
3085,8146414954,customer3085@example.com,44,Male,1,Google Ads
3086,8155136005,customer3086@example.com,23,Male,1,Google Ads
3087,9649732630,customer3087@example.com,51,Male,3,Google Ads
3088,8747747623,customer3088@example.com,58,Other,1,Organic
3089,8635112962,customer3089@example.com,22,Male,2,Google Ads
3090,8239505775,customer3090@example.com,29,Female,3,Google Ads
3091,7521679543,customer3091@example.com,46,Female,2,Instagram
3092,9089313416,customer3092@example.com,54,Female,3,Google Ads
3093,7273424816,customer3093@example.com,29,Male,2,Google Ads
3094,8972391982,customer3094@example.com,42,Other,2,Organic
3095,7865262574,customer3095@example.com,51,Female,2,Google Ads
3096,8257924899,customer3096@example.com,28,Male,3,Instagram
3097,7217683294,customer3097@example.com,40,Male,1,Google Ads
3098,8042024497,customer3098@example.com,41,Female,2,Organic
3099,7064232732,customer3099@example.com,35,Female,3,Referral
3100,7126594702,customer3100@example.com,27,Male,1,Instagram
3101,7110442859,customer3101@example.com,22,Female,1,Google Ads
3102,9595199752,customer3102@example.com,48,Male,2,Influencer
3103,7981625457,customer3103@example.com,42,Female,3,Instagram
3104,9217019047,customer3104@example.com,34,Female,1,Google Ads
3105,8133608259,customer3105@example.com,45,Male,1,Organic
3106,7438806984,customer3106@example.com,18,Male,2,Google Ads
3107,8074569660,customer3107@example.com,19,Male,2,Google Ads
3108,8624947665,customer3108@example.com,57,Female,1,Referral
3109,7664433498,customer3109@example.com,19,Female,3,Instagram
3110,9578364362,customer3110@example.com,44,Female,2,Instagram
3111,7068169129,customer3111@example.com,25,Male,2,Instagram
3112,8923528165,customer3112@example.com,44,Male,2,Google Ads
3113,8125930027,customer3113@example.com,54,Female,3,Google Ads
3114,7307950995,customer3114@example.com,34,Male,1,Instagram
3115,9099213143,customer3115@example.com,21,Male,3,Influencer
3116,9561178468,customer3116@example.com,55,Male,1,Organic
3117,8079988969,customer3117@example.com,48,Female,2,Instagram
3118,8241929602,customer3118@example.com,22,Male,2,Instagram
3119,9432553858,customer3119@example.com,42,Male,1,Instagram
3120,7991531425,customer3120@example.com,45,Female,2,Google Ads
3121,8733456568,customer3121@example.com,36,Female,1,Instagram
3122,9390863976,customer3122@example.com,54,Male,3,Organic
3123,8108690344,customer3123@example.com,59,Male,2,Google Ads
3124,7424346477,customer3124@example.com,40,Female,2,Referral
3125,9243473462,customer3125@example.com,53,Female,2,Organic
3126,8583355202,customer3126@example.com,30,Male,2,Instagram
3127,7775618214,customer3127@example.com,34,Male,2,Organic
3128,8049354847,customer3128@example.com,47,Male,2,Instagram
3129,7122256662,customer3129@example.com,40,Male,1,Google Ads
3130,7052228342,customer3130@example.com,20,Male,1,Organic
3131,9903066349,customer3131@example.com,30,Female,3,Google Ads
3132,7653319134,customer3132@example.com,49,Female,1,Organic
3133,8321340054,customer3133@example.com,52,Female,2,Influencer
3134,7306326190,customer3134@example.com,19,Male,3,Influencer
3135,7375800457,customer3135@example.com,20,Female,2,Instagram
3136,9252731897,customer3136@example.com,46,Male,2,Organic
3137,7521330897,customer3137@example.com,27,Male,1,Referral
3138,7652316190,customer3138@example.com,37,Female,2,Organic
3139,8537085174,customer3139@example.com,51,Male,2,Google Ads
3140,9446696917,customer3140@example.com,32,Male,1,Referral
3141,9016399882,customer3141@example.com,57,Female,2,Instagram
3142,9289705671,customer3142@example.com,18,Female,2,Instagram
3143,7030123578,customer3143@example.com,43,Male,3,Organic
3144,9304485499,customer3144@example.com,49,Male,1,Google Ads
3145,7470406697,customer3145@example.com,19,Female,3,Instagram
3146,7687729330,customer3146@example.com,49,Female,3,Google Ads
3147,8518009502,customer3147@example.com,58,Other,1,Instagram
3148,8918451757,customer3148@example.com,46,Other,2,Google Ads
3149,8706171316,customer3149@example.com,37,Male,1,Instagram
3150,8484712569,customer3150@example.com,40,Male,2,Instagram
3151,8726795358,customer3151@example.com,29,Male,2,Google Ads
3152,7214624361,customer3152@example.com,27,Male,2,Instagram
3153,7612465650,customer3153@example.com,36,Male,1,Google Ads
3154,9406340732,customer3154@example.com,27,Female,2,Google Ads
3155,7032784806,customer3155@example.com,36,Male,3,Organic
3156,7653820121,customer3156@example.com,43,Male,2,Organic
3157,8564465781,customer3157@example.com,41,Female,2,Instagram
3158,7106385667,customer3158@example.com,26,Male,1,Google Ads
3159,8322972714,customer3159@example.com,46,Male,2,Influencer
3160,9464828023,customer3160@example.com,46,Female,2,Instagram
3161,9597675552,customer3161@example.com,54,Male,3,Referral
3162,7935623506,customer3162@example.com,45,Female,1,Instagram
3163,9098988316,customer3163@example.com,20,Other,2,Instagram
3164,7340956291,customer3164@example.com,40,Female,2,Instagram
3165,9960123439,customer3165@example.com,21,Female,3,Google Ads
3166,8206951127,customer3166@example.com,31,Male,3,Instagram
3167,8799997610,customer3167@example.com,55,Female,3,Google Ads
3168,8570209867,customer3168@example.com,30,Male,3,Referral
3169,8829154355,customer3169@example.com,45,Female,2,Google Ads
3170,7218735272,customer3170@example.com,56,Female,3,Influencer
3171,9162827180,customer3171@example.com,37,Female,1,Instagram
3172,7216471764,customer3172@example.com,45,Female,1,Influencer
3173,8196933758,customer3173@example.com,49,Female,1,Referral
3174,7145736630,customer3174@example.com,31,Male,2,Instagram
3175,9212404135,customer3175@example.com,30,Female,3,Google Ads
3176,7895917489,customer3176@example.com,28,Female,2,Instagram
3177,9830887449,customer3177@example.com,55,Female,3,Instagram
3178,7508467425,customer3178@example.com,56,Female,3,Organic
3179,9638391833,customer3179@example.com,59,Female,3,Organic
3180,9901268431,customer3180@example.com,32,Female,1,Organic
3181,8656789443,customer3181@example.com,26,Female,2,Google Ads
3182,9264618884,customer3182@example.com,20,Male,3,Instagram
3183,8980194457,customer3183@example.com,22,Female,1,Google Ads
3184,8098374087,customer3184@example.com,45,Male,3,Instagram
3185,8437863652,customer3185@example.com,59,Female,3,Instagram
3186,7920475761,customer3186@example.com,32,Female,1,Instagram
3187,7734744568,customer3187@example.com,20,Male,1,Organic
3188,7659391894,customer3188@example.com,52,Male,1,Instagram
3189,7422042189,customer3189@example.com,24,Male,3,Instagram
3190,9526880170,customer3190@example.com,47,Male,1,Instagram
3191,9267412896,customer3191@example.com,41,Female,2,Organic
3192,7028615839,customer3192@example.com,48,Female,1,Instagram
3193,9126364774,customer3193@example.com,31,Female,2,Instagram
3194,9657846072,customer3194@example.com,33,Male,1,Instagram
3195,8057202478,customer3195@example.com,21,Male,2,Google Ads
3196,8837424150,customer3196@example.com,20,Male,2,Google Ads
3197,8548656940,customer3197@example.com,52,Male,2,Instagram
3198,8843540137,customer3198@example.com,26,Female,2,Google Ads
3199,9461743853,customer3199@example.com,21,Male,3,Organic
3200,7729163398,customer3200@example.com,36,Male,3,Organic
3201,9106721311,customer3201@example.com,41,Male,3,Google Ads
3202,9494781025,customer3202@example.com,28,Female,1,Google Ads
3203,9477183015,customer3203@example.com,32,Female,1,Google Ads
3204,8468551616,customer3204@example.com,53,Female,2,Google Ads
3205,8708784308,customer3205@example.com,48,Male,3,Google Ads
3206,8333131769,customer3206@example.com,25,Female,1,Influencer
3207,7111055005,customer3207@example.com,19,Male,1,Google Ads
3208,9532850202,customer3208@example.com,20,Female,3,Organic
3209,7142676199,customer3209@example.com,20,Female,2,Influencer
3210,8692601908,customer3210@example.com,38,Male,2,Google Ads
3211,7115613248,customer3211@example.com,29,Female,2,Influencer
3212,9147539723,customer3212@example.com,31,Male,2,Referral
3213,9845187684,customer3213@example.com,40,Male,3,Google Ads
3214,8484809972,customer3214@example.com,30,Female,3,Google Ads
3215,8741836765,customer3215@example.com,33,Male,3,Influencer
3216,7639047954,customer3216@example.com,34,Male,1,Organic
3217,8194921231,customer3217@example.com,35,Male,2,Organic
3218,8335466286,customer3218@example.com,30,Female,1,Influencer
3219,9619225330,customer3219@example.com,43,Female,3,Organic
3220,8577749543,customer3220@example.com,57,Male,2,Organic
3221,8333554879,customer3221@example.com,56,Male,3,Instagram
3222,9584935376,customer3222@example.com,48,Male,1,Organic
3223,9495618674,customer3223@example.com,57,Male,1,Referral
3224,7211200697,customer3224@example.com,34,Male,3,Organic
3225,8560084653,customer3225@example.com,49,Male,3,Referral
3226,9039970171,customer3226@example.com,18,Female,3,Google Ads
3227,7982252873,customer3227@example.com,52,Female,1,Instagram
3228,7573467673,customer3228@example.com,53,Male,1,Google Ads
3229,8054310818,customer3229@example.com,36,Male,3,Instagram
3230,8551526938,customer3230@example.com,45,Male,2,Instagram
3231,7492003993,customer3231@example.com,19,Male,3,Instagram
3232,9873569730,customer3232@example.com,46,Female,1,Google Ads
3233,7403660814,customer3233@example.com,46,Male,1,Referral
3234,8501655569,customer3234@example.com,36,Female,3,Instagram
3235,9881149622,customer3235@example.com,45,Male,1,Instagram
3236,9322766918,customer3236@example.com,51,Female,2,Referral
3237,7528859577,customer3237@example.com,48,Female,2,Influencer
3238,8563037716,customer3238@example.com,54,Male,2,Influencer
3239,7017932153,customer3239@example.com,36,Female,2,Instagram
3240,7229278840,customer3240@example.com,49,Male,3,Organic
3241,7940897611,customer3241@example.com,46,Male,2,Instagram
3242,9388746823,customer3242@example.com,26,Male,1,Organic
3243,9186546241,customer3243@example.com,24,Male,1,Google Ads
3244,8469682746,customer3244@example.com,29,Male,3,Organic
3245,8003492524,customer3245@example.com,48,Male,2,Google Ads
3246,7026246123,customer3246@example.com,35,Female,2,Referral
3247,7488383190,customer3247@example.com,45,Female,3,Instagram
3248,7637775834,customer3248@example.com,38,Male,3,Instagram
3249,8341497866,customer3249@example.com,26,Male,1,Influencer
3250,9519984504,customer3250@example.com,51,Male,1,Organic
3251,9591634243,customer3251@example.com,51,Male,3,Instagram
3252,7951290681,customer3252@example.com,41,Male,2,Instagram
3253,7624573127,customer3253@example.com,33,Female,2,Google Ads
3254,7654405879,customer3254@example.com,45,Male,3,Google Ads
3255,7052585755,customer3255@example.com,52,Male,2,Instagram
3256,8693736089,customer3256@example.com,23,Female,3,Influencer
3257,9867199602,customer3257@example.com,55,Male,2,Google Ads
3258,7544852189,customer3258@example.com,58,Female,2,Referral
3259,8348461137,customer3259@example.com,28,Male,2,Google Ads
3260,7196089509,customer3260@example.com,21,Female,1,Instagram
3261,7544436831,customer3261@example.com,31,Female,3,Influencer
3262,9116330351,customer3262@example.com,30,Female,3,Instagram
3263,7368175710,customer3263@example.com,32,Female,2,Google Ads
3264,9688130613,customer3264@example.com,25,Male,2,Google Ads
3265,9106513222,customer3265@example.com,41,Male,2,Google Ads
3266,9300642849,customer3266@example.com,28,Male,3,Instagram
3267,8280845172,customer3267@example.com,52,Female,3,Google Ads
3268,8062340861,customer3268@example.com,42,Female,3,Instagram
3269,9012274825,customer3269@example.com,40,Female,3,Google Ads
3270,7370368071,customer3270@example.com,24,Female,1,Referral
3271,9337162847,customer3271@example.com,22,Female,1,Instagram
3272,7408963649,customer3272@example.com,49,Female,2,Influencer
3273,9813540882,customer3273@example.com,45,Male,2,Google Ads
3274,7339751302,customer3274@example.com,20,Female,2,Instagram
3275,8372403134,customer3275@example.com,47,Female,1,Organic
3276,7251434856,customer3276@example.com,22,Male,1,Organic
3277,9784719814,customer3277@example.com,50,Male,1,Google Ads
3278,8537924127,customer3278@example.com,37,Male,1,Instagram
3279,7424829674,customer3279@example.com,47,Male,3,Google Ads
3280,7252812697,customer3280@example.com,39,Female,3,Organic
3281,7444385774,customer3281@example.com,39,Male,1,Organic
3282,7817268473,customer3282@example.com,55,Male,2,Influencer
3283,7005791328,customer3283@example.com,46,Male,2,Instagram
3284,8276078799,customer3284@example.com,38,Female,3,Instagram
3285,8068417864,customer3285@example.com,35,Female,1,Referral
3286,8753057266,customer3286@example.com,28,Female,1,Instagram
3287,8804724083,customer3287@example.com,27,Female,2,Instagram
3288,9421649219,customer3288@example.com,52,Female,3,Influencer
3289,8595280206,customer3289@example.com,43,Female,1,Google Ads
3290,7133732924,customer3290@example.com,21,Male,1,Instagram
3291,7564634585,customer3291@example.com,27,Female,1,Instagram
3292,8906251601,customer3292@example.com,56,Male,2,Instagram
3293,7886143119,customer3293@example.com,33,Male,2,Instagram
3294,8747112977,customer3294@example.com,58,Female,3,Google Ads
3295,7206324508,customer3295@example.com,47,Female,3,Instagram
3296,9520819552,customer3296@example.com,20,Male,2,Instagram
3297,9517050885,customer3297@example.com,51,Male,3,Referral
3298,8584843110,customer3298@example.com,42,Male,1,Influencer
3299,8920568633,customer3299@example.com,55,Female,2,Influencer
3300,8730820899,customer3300@example.com,59,Male,3,Organic
3301,7482564795,customer3301@example.com,53,Female,2,Organic
3302,8567168006,customer3302@example.com,21,Other,1,Instagram
3303,9400198285,customer3303@example.com,59,Female,1,Google Ads
3304,7956972755,customer3304@example.com,27,Female,2,Instagram
3305,8257699629,customer3305@example.com,30,Female,3,Referral
3306,7244889445,customer3306@example.com,23,Male,3,Organic
3307,7755803991,customer3307@example.com,24,Male,1,Referral
3308,8829173136,customer3308@example.com,45,Female,2,Instagram
3309,7600212361,customer3309@example.com,54,Male,3,Organic
3310,9647749786,customer3310@example.com,32,Male,2,Organic
3311,9566255806,customer3311@example.com,47,Male,1,Instagram
3312,7093655468,customer3312@example.com,57,Male,3,Organic
3313,8596865209,customer3313@example.com,27,Female,3,Instagram
3314,7862982261,customer3314@example.com,29,Male,2,Google Ads
3315,9966091432,customer3315@example.com,34,Male,2,Organic
3316,7976829088,customer3316@example.com,47,Female,2,Google Ads
3317,7079058252,customer3317@example.com,18,Female,3,Referral
3318,9469336409,customer3318@example.com,53,Male,3,Instagram
3319,7158631341,customer3319@example.com,57,Male,3,Instagram
3320,7035008411,customer3320@example.com,41,Male,1,Google Ads
3321,8313565392,customer3321@example.com,55,Other,3,Influencer
3322,8343202453,customer3322@example.com,38,Male,2,Influencer
3323,9096855834,customer3323@example.com,59,Male,3,Google Ads
3324,9447099278,customer3324@example.com,49,Male,2,Influencer
3325,9137405880,customer3325@example.com,35,Female,3,Instagram
3326,8306217865,customer3326@example.com,30,Male,1,Instagram
3327,9958441555,customer3327@example.com,54,Female,3,Influencer
3328,9368029845,customer3328@example.com,38,Female,1,Influencer
3329,9787290461,customer3329@example.com,35,Female,1,Instagram
3330,8032301023,customer3330@example.com,57,Male,2,Instagram
3331,7051947348,customer3331@example.com,43,Female,2,Influencer
3332,9115528027,customer3332@example.com,22,Female,2,Instagram
3333,7737970201,customer3333@example.com,22,Male,1,Influencer
3334,9325449668,customer3334@example.com,48,Female,1,Organic
3335,7721095321,customer3335@example.com,45,Male,1,Organic
3336,8130594981,customer3336@example.com,30,Female,2,Organic
3337,8889899347,customer3337@example.com,28,Male,2,Organic
3338,9709095611,customer3338@example.com,18,Female,2,Instagram
3339,7484774774,customer3339@example.com,41,Male,3,Instagram
3340,8430810540,customer3340@example.com,30,Male,1,Organic
3341,9662753999,customer3341@example.com,35,Female,1,Google Ads
3342,9201143186,customer3342@example.com,41,Male,2,Google Ads
3343,8771429885,customer3343@example.com,46,Female,3,Instagram
3344,8374275402,customer3344@example.com,45,Female,1,Google Ads
3345,9620764945,customer3345@example.com,55,Female,3,Instagram
3346,7623069165,customer3346@example.com,39,Female,2,Instagram
3347,7316648284,customer3347@example.com,37,Male,3,Referral
3348,7180062766,customer3348@example.com,28,Male,3,Organic
3349,9001148614,customer3349@example.com,37,Male,1,Google Ads
3350,8478713153,customer3350@example.com,58,Female,2,Organic
3351,9618402325,customer3351@example.com,30,Male,3,Google Ads
3352,8596898602,customer3352@example.com,41,Male,3,Influencer
3353,7495545800,customer3353@example.com,41,Female,2,Organic
3354,7878695813,customer3354@example.com,34,Male,3,Google Ads
3355,8150666374,customer3355@example.com,22,Female,3,Instagram
3356,8149890197,customer3356@example.com,47,Female,2,Instagram
3357,9485708820,customer3357@example.com,31,Other,1,Instagram
3358,7778589834,customer3358@example.com,32,Male,2,Google Ads
3359,9559138685,customer3359@example.com,26,Male,2,Instagram
3360,9683827222,customer3360@example.com,31,Male,2,Google Ads
3361,9892531249,customer3361@example.com,27,Female,3,Instagram
3362,7340392169,customer3362@example.com,39,Female,3,Referral
3363,9806040273,customer3363@example.com,48,Female,2,Instagram
3364,9007733911,customer3364@example.com,30,Male,2,Google Ads
3365,9576621963,customer3365@example.com,34,Female,3,Instagram
3366,9003440259,customer3366@example.com,18,Female,3,Instagram
3367,9607385012,customer3367@example.com,31,Female,1,Referral
3368,9196081372,customer3368@example.com,56,Male,2,Google Ads
3369,7869224494,customer3369@example.com,52,Female,3,Google Ads
3370,9885697857,customer3370@example.com,18,Female,2,Organic
3371,8197171268,customer3371@example.com,44,Male,2,Organic
3372,9248614481,customer3372@example.com,39,Male,3,Google Ads
3373,9033096186,customer3373@example.com,51,Male,2,Organic
3374,7608981981,customer3374@example.com,26,Female,3,Organic
3375,7172269565,customer3375@example.com,53,Female,3,Referral
3376,8817535592,customer3376@example.com,49,Male,2,Organic
3377,8749319069,customer3377@example.com,55,Male,1,Google Ads
3378,7222921592,customer3378@example.com,37,Male,2,Google Ads
3379,7098559819,customer3379@example.com,44,Male,1,Organic
3380,9822209696,customer3380@example.com,20,Female,1,Organic
3381,7153663268,customer3381@example.com,28,Female,3,Google Ads
3382,8356924054,customer3382@example.com,41,Female,3,Google Ads
3383,9683854107,customer3383@example.com,46,Other,1,Referral
3384,8565968400,customer3384@example.com,22,Male,3,Organic
3385,9841205522,customer3385@example.com,50,Male,3,Instagram
3386,7604243581,customer3386@example.com,25,Female,3,Instagram
3387,8971383641,customer3387@example.com,36,Female,3,Influencer
3388,9799129649,customer3388@example.com,21,Male,1,Organic
3389,9215907441,customer3389@example.com,58,Female,2,Google Ads
3390,7647484214,customer3390@example.com,52,Male,1,Google Ads
3391,7994514022,customer3391@example.com,47,Female,3,Google Ads
3392,7227055002,customer3392@example.com,22,Female,1,Instagram
3393,8753492555,customer3393@example.com,57,Male,3,Google Ads
3394,9897513581,customer3394@example.com,55,Male,3,Organic
3395,7599967848,customer3395@example.com,20,Male,2,Organic
3396,8861747164,customer3396@example.com,33,Male,3,Organic
3397,8395458005,customer3397@example.com,25,Male,3,Organic
3398,8176538664,customer3398@example.com,22,Female,2,Instagram
3399,7017414732,customer3399@example.com,55,Female,2,Instagram
3400,7461046779,customer3400@example.com,52,Female,1,Google Ads
3401,9806975936,customer3401@example.com,25,Female,3,Influencer
3402,9215159217,customer3402@example.com,53,Male,3,Google Ads
3403,7336789731,customer3403@example.com,42,Female,2,Google Ads
3404,8946135795,customer3404@example.com,25,Female,2,Instagram
3405,8553201196,customer3405@example.com,38,Female,2,Referral
3406,8578423721,customer3406@example.com,26,Male,1,Organic
3407,9637074105,customer3407@example.com,49,Female,1,Organic
3408,8888359541,customer3408@example.com,30,Female,1,Google Ads
3409,9605447869,customer3409@example.com,40,Female,2,Instagram
3410,9711757885,customer3410@example.com,25,Male,1,Instagram
3411,8717206000,customer3411@example.com,52,Female,3,Influencer
3412,8339592956,customer3412@example.com,45,Male,2,Instagram
3413,7059069493,customer3413@example.com,32,Male,3,Influencer
3414,7086133714,customer3414@example.com,46,Male,2,Google Ads
3415,8975341422,customer3415@example.com,21,Female,2,Organic
3416,9623629919,customer3416@example.com,51,Female,3,Google Ads
3417,9640972659,customer3417@example.com,54,Female,3,Referral
3418,9573320920,customer3418@example.com,41,Male,1,Instagram
3419,9572346516,customer3419@example.com,38,Other,2,Organic
3420,9705864998,customer3420@example.com,19,Male,2,Instagram
3421,7168195827,customer3421@example.com,24,Other,2,Google Ads
3422,8462717161,customer3422@example.com,28,Female,3,Referral
3423,7605963053,customer3423@example.com,29,Male,1,Instagram
3424,9235411250,customer3424@example.com,21,Male,1,Google Ads
3425,9676253424,customer3425@example.com,52,Male,1,Organic
3426,9575899993,customer3426@example.com,57,Female,3,Referral
3427,9182630735,customer3427@example.com,43,Female,2,Instagram
3428,8679189201,customer3428@example.com,35,Male,2,Google Ads
3429,9795086926,customer3429@example.com,54,Male,2,Referral
3430,8527047295,customer3430@example.com,33,Female,1,Organic
3431,9918142988,customer3431@example.com,29,Male,1,Influencer
3432,8694861909,customer3432@example.com,58,Female,3,Organic
3433,7939751485,customer3433@example.com,57,Female,1,Google Ads
3434,9564224348,customer3434@example.com,54,Male,3,Google Ads
3435,8433093383,customer3435@example.com,36,Female,3,Instagram
3436,7606170927,customer3436@example.com,32,Female,2,Google Ads
3437,9974479480,customer3437@example.com,39,Female,2,Instagram
3438,9422126777,customer3438@example.com,37,Male,3,Instagram
3439,9061934033,customer3439@example.com,30,Male,1,Instagram
3440,8889073341,customer3440@example.com,40,Female,3,Google Ads
3441,8046981761,customer3441@example.com,48,Male,2,Organic
3442,7462159530,customer3442@example.com,43,Female,2,Instagram
3443,8407188258,customer3443@example.com,49,Male,1,Organic
3444,8632199090,customer3444@example.com,38,Male,3,Influencer
3445,9338903284,customer3445@example.com,34,Male,3,Organic
3446,9895803399,customer3446@example.com,46,Male,3,Google Ads
3447,9590942052,customer3447@example.com,46,Male,3,Google Ads
3448,9381095006,customer3448@example.com,39,Male,3,Google Ads
3449,9133159173,customer3449@example.com,36,Female,1,Instagram
3450,9065529659,customer3450@example.com,31,Female,3,Organic
3451,9982232350,customer3451@example.com,56,Male,3,Organic
3452,7195505879,customer3452@example.com,40,Male,2,Instagram
3453,7435459267,customer3453@example.com,58,Female,1,Instagram
3454,7443949748,customer3454@example.com,19,Female,3,Google Ads
3455,7064329614,customer3455@example.com,49,Female,2,Referral
3456,9165968186,customer3456@example.com,55,Female,2,Referral
3457,7191310594,customer3457@example.com,50,Female,1,Organic
3458,9208755313,customer3458@example.com,24,Female,2,Organic
3459,7168188704,customer3459@example.com,51,Male,2,Google Ads
3460,8936797129,customer3460@example.com,21,Male,2,Organic
3461,7963577611,customer3461@example.com,40,Male,2,Instagram
3462,7230469464,customer3462@example.com,37,Female,1,Organic
3463,9976004181,customer3463@example.com,39,Male,2,Instagram
3464,7891325388,customer3464@example.com,46,Male,3,Google Ads
3465,8982238587,customer3465@example.com,58,Male,3,Influencer
3466,9648337363,customer3466@example.com,54,Female,2,Referral
3467,9098322879,customer3467@example.com,20,Male,2,Organic
3468,7663235331,customer3468@example.com,39,Female,3,Instagram
3469,9651454382,customer3469@example.com,37,Male,3,Organic
3470,9187892002,customer3470@example.com,42,Female,1,Organic
3471,9317235951,customer3471@example.com,51,Male,3,Referral
3472,9534665955,customer3472@example.com,59,Female,3,Influencer
3473,9320228277,customer3473@example.com,46,Female,1,Instagram
3474,9299577998,customer3474@example.com,27,Male,1,Instagram
3475,8876926317,customer3475@example.com,56,Male,3,Influencer
3476,7104984193,customer3476@example.com,54,Female,2,Referral
3477,8764346476,customer3477@example.com,57,Male,1,Instagram
3478,9687756749,customer3478@example.com,37,Female,3,Organic
3479,9169297531,customer3479@example.com,55,Male,2,Google Ads
3480,7606996923,customer3480@example.com,40,Male,2,Instagram
3481,8338598369,customer3481@example.com,28,Male,2,Influencer
3482,7892257037,customer3482@example.com,25,Male,2,Organic
3483,8517006927,customer3483@example.com,46,Female,2,Instagram
3484,9870050754,customer3484@example.com,53,Female,2,Instagram
3485,7530698338,customer3485@example.com,42,Female,1,Referral
3486,7393738748,customer3486@example.com,56,Female,1,Organic
3487,9793303745,customer3487@example.com,51,Male,2,Influencer
3488,7349782930,customer3488@example.com,49,Female,1,Google Ads
3489,8435595262,customer3489@example.com,58,Male,3,Google Ads
3490,8590768271,customer3490@example.com,40,Male,3,Organic
3491,8809690503,customer3491@example.com,38,Male,3,Influencer
3492,8612358356,customer3492@example.com,36,Female,2,Google Ads
3493,9352493656,customer3493@example.com,42,Female,2,Organic
3494,7516763348,customer3494@example.com,40,Female,1,Organic
3495,8414297991,customer3495@example.com,36,Female,1,Influencer
3496,9343493203,customer3496@example.com,22,Male,1,Google Ads
3497,7806275094,customer3497@example.com,36,Male,3,Google Ads
3498,7723656881,customer3498@example.com,52,Male,2,Instagram
3499,9235457158,customer3499@example.com,29,Male,1,Google Ads
3500,9407373784,customer3500@example.com,56,Female,3,Organic
3501,8418321238,customer3501@example.com,42,Female,2,Referral
3502,7594875269,customer3502@example.com,22,Male,2,Instagram
3503,7575939667,customer3503@example.com,29,Male,3,Referral
3504,9152733155,customer3504@example.com,44,Male,3,Instagram
3505,7072090044,customer3505@example.com,21,Female,2,Instagram
3506,8046483870,customer3506@example.com,36,Female,1,Instagram
3507,7360717370,customer3507@example.com,41,Female,1,Referral
3508,9486239653,customer3508@example.com,59,Female,2,Organic
3509,9219826070,customer3509@example.com,45,Male,1,Instagram
3510,8103100151,customer3510@example.com,50,Female,2,Google Ads
3511,8174771687,customer3511@example.com,52,Female,2,Referral
3512,7873968836,customer3512@example.com,33,Male,2,Influencer
3513,7529571273,customer3513@example.com,29,Female,1,Google Ads
3514,9319063576,customer3514@example.com,33,Female,3,Instagram
3515,8653384883,customer3515@example.com,28,Male,3,Influencer
3516,8118824411,customer3516@example.com,45,Female,1,Referral
3517,8901600813,customer3517@example.com,40,Male,3,Influencer
3518,7236911856,customer3518@example.com,34,Female,3,Referral
3519,8443769115,customer3519@example.com,36,Male,2,Organic
3520,9067972602,customer3520@example.com,28,Male,2,Influencer
3521,9584488549,customer3521@example.com,21,Female,2,Referral
3522,7177672210,customer3522@example.com,27,Male,2,Influencer
3523,7226980702,customer3523@example.com,36,Male,3,Organic
3524,8370145429,customer3524@example.com,53,Female,2,Organic
3525,7601837860,customer3525@example.com,56,Other,2,Organic
3526,9457978835,customer3526@example.com,58,Male,1,Influencer
3527,8205085020,customer3527@example.com,39,Male,1,Instagram
3528,9156094535,customer3528@example.com,19,Male,3,Instagram
3529,8463015914,customer3529@example.com,50,Female,1,Google Ads
3530,7363676104,customer3530@example.com,57,Male,3,Organic
3531,8607262371,customer3531@example.com,44,Male,2,Instagram
3532,8598984258,customer3532@example.com,36,Male,3,Google Ads
3533,9534692807,customer3533@example.com,21,Male,3,Google Ads
3534,9498109698,customer3534@example.com,36,Male,3,Influencer
3535,8433700719,customer3535@example.com,42,Female,2,Instagram
3536,7514268167,customer3536@example.com,23,Female,3,Influencer
3537,7976339898,customer3537@example.com,30,Other,2,Organic
3538,9466867631,customer3538@example.com,39,Male,1,Referral
3539,7268163646,customer3539@example.com,21,Male,2,Referral
3540,9516480017,customer3540@example.com,19,Male,3,Influencer
3541,7860676469,customer3541@example.com,20,Male,1,Google Ads
3542,8181147585,customer3542@example.com,47,Female,3,Instagram
3543,9407216101,customer3543@example.com,21,Other,1,Instagram
3544,9510037535,customer3544@example.com,46,Female,2,Google Ads
3545,8583590660,customer3545@example.com,50,Male,2,Organic
3546,9748720211,customer3546@example.com,30,Female,1,Google Ads
3547,7317405602,customer3547@example.com,56,Female,1,Google Ads
3548,7863552147,customer3548@example.com,49,Female,2,Google Ads
3549,9242655015,customer3549@example.com,45,Female,2,Organic
3550,7741485495,customer3550@example.com,54,Male,3,Instagram
3551,9869299434,customer3551@example.com,45,Male,2,Google Ads
3552,8753467415,customer3552@example.com,44,Female,1,Organic
3553,9826752025,customer3553@example.com,42,Female,1,Organic
3554,8305072202,customer3554@example.com,47,Female,2,Organic
3555,7697724087,customer3555@example.com,23,Female,3,Instagram
3556,8919038729,customer3556@example.com,47,Female,3,Organic
3557,7589794882,customer3557@example.com,26,Male,1,Organic
3558,9739697640,customer3558@example.com,23,Male,1,Influencer
3559,7742128190,customer3559@example.com,46,Male,1,Organic
3560,9114097154,customer3560@example.com,40,Male,2,Instagram
3561,9190552782,customer3561@example.com,23,Male,2,Organic
3562,8874504996,customer3562@example.com,39,Male,1,Organic
3563,8098633965,customer3563@example.com,19,Male,1,Organic
3564,8285191049,customer3564@example.com,48,Male,3,Organic
3565,8523438246,customer3565@example.com,23,Male,3,Instagram
3566,7658639850,customer3566@example.com,59,Female,1,Instagram
3567,7865533277,customer3567@example.com,22,Female,1,Organic
3568,7148863396,customer3568@example.com,37,Female,3,Influencer
3569,9224570674,customer3569@example.com,29,Female,2,Instagram
3570,7913581394,customer3570@example.com,55,Female,3,Google Ads
3571,7771554791,customer3571@example.com,55,Female,2,Referral
3572,7168262520,customer3572@example.com,25,Female,2,Organic
3573,8520477727,customer3573@example.com,50,Male,1,Google Ads
3574,7372207785,customer3574@example.com,56,Female,3,Instagram
3575,9107936930,customer3575@example.com,57,Male,3,Google Ads
3576,8798988383,customer3576@example.com,48,Male,2,Instagram
3577,9192105366,customer3577@example.com,20,Female,2,Referral
3578,7908790740,customer3578@example.com,36,Female,2,Organic
3579,8364231715,customer3579@example.com,25,Male,2,Influencer
3580,9660786737,customer3580@example.com,47,Female,3,Influencer
3581,7207582788,customer3581@example.com,48,Female,2,Organic
3582,9692210140,customer3582@example.com,46,Female,3,Instagram
3583,9939909749,customer3583@example.com,23,Female,3,Organic
3584,9328507918,customer3584@example.com,19,Male,2,Influencer
3585,7623258980,customer3585@example.com,40,Female,3,Google Ads
3586,7950363894,customer3586@example.com,47,Male,2,Referral
3587,9803618233,customer3587@example.com,55,Male,1,Referral
3588,8714158803,customer3588@example.com,56,Female,1,Google Ads
3589,8309159282,customer3589@example.com,26,Female,3,Google Ads
3590,7282550688,customer3590@example.com,24,Male,1,Organic
3591,7810553746,customer3591@example.com,32,Male,3,Organic
3592,7808363335,customer3592@example.com,32,Female,3,Instagram
3593,7418595806,customer3593@example.com,38,Female,2,Instagram
3594,7230265083,customer3594@example.com,31,Male,2,Instagram
3595,8636403255,customer3595@example.com,28,Male,2,Instagram
3596,7011938170,customer3596@example.com,28,Male,3,Instagram
3597,9724005273,customer3597@example.com,37,Female,2,Referral
3598,9598739764,customer3598@example.com,30,Other,2,Organic
3599,8669162778,customer3599@example.com,47,Male,3,Instagram
3600,9392881524,customer3600@example.com,57,Female,1,Organic
3601,8132152354,customer3601@example.com,56,Female,2,Google Ads
3602,8331937499,customer3602@example.com,37,Female,2,Instagram
3603,9759439894,customer3603@example.com,55,Other,3,Referral
3604,7956087424,customer3604@example.com,25,Male,1,Instagram
3605,9486148172,customer3605@example.com,54,Male,2,Instagram
3606,9318587845,customer3606@example.com,59,Female,2,Instagram
3607,8640816770,customer3607@example.com,50,Male,2,Referral
3608,9968277874,customer3608@example.com,43,Female,2,Influencer
3609,8425921692,customer3609@example.com,56,Female,3,Influencer
3610,7397085124,customer3610@example.com,25,Male,1,Referral
3611,7581466327,customer3611@example.com,35,Male,3,Instagram
3612,7149406391,customer3612@example.com,56,Male,3,Organic
3613,9730762261,customer3613@example.com,31,Female,3,Organic
3614,8465961616,customer3614@example.com,35,Male,1,Referral
3615,7797467316,customer3615@example.com,38,Female,3,Organic
3616,8019690642,customer3616@example.com,40,Male,2,Organic
3617,8168899710,customer3617@example.com,21,Female,1,Organic
3618,7713313659,customer3618@example.com,27,Female,2,Organic
3619,7531422341,customer3619@example.com,28,Female,1,Organic
3620,8557177366,customer3620@example.com,37,Other,1,Referral
3621,7007025744,customer3621@example.com,36,Male,3,Referral
3622,8336575969,customer3622@example.com,18,Male,2,Google Ads
3623,8945027202,customer3623@example.com,48,Male,1,Instagram
3624,7378360838,customer3624@example.com,19,Male,2,Google Ads
3625,9240245702,customer3625@example.com,58,Male,2,Organic
3626,7047385549,customer3626@example.com,22,Female,3,Google Ads
3627,9467600952,customer3627@example.com,51,Female,2,Google Ads
3628,8861270490,customer3628@example.com,21,Female,1,Instagram
3629,8864522666,customer3629@example.com,44,Female,2,Google Ads
3630,9114362410,customer3630@example.com,56,Male,2,Referral
3631,8837609612,customer3631@example.com,20,Male,1,Instagram
3632,9062562188,customer3632@example.com,43,Female,2,Referral
3633,9643303648,customer3633@example.com,58,Male,3,Instagram
3634,8325314348,customer3634@example.com,18,Female,3,Google Ads
3635,9353015783,customer3635@example.com,33,Male,2,Instagram
3636,7528701989,customer3636@example.com,52,Female,2,Organic
3637,7229829452,customer3637@example.com,36,Female,1,Instagram
3638,8971518583,customer3638@example.com,33,Female,2,Organic
3639,8217318747,customer3639@example.com,50,Male,1,Organic
3640,9464434623,customer3640@example.com,48,Male,1,Organic
3641,9757186461,customer3641@example.com,39,Male,2,Organic
3642,9361799447,customer3642@example.com,37,Female,3,Instagram
3643,9051063095,customer3643@example.com,23,Male,1,Instagram
3644,7952598509,customer3644@example.com,52,Female,2,Instagram
3645,7576778265,customer3645@example.com,56,Male,1,Google Ads
3646,8142487887,customer3646@example.com,20,Female,2,Instagram
3647,9755595890,customer3647@example.com,49,Female,3,Google Ads
3648,9957058510,customer3648@example.com,30,Male,1,Instagram
3649,8359984655,customer3649@example.com,31,Other,2,Google Ads
3650,9841728403,customer3650@example.com,58,Female,1,Referral
3651,9807788546,customer3651@example.com,25,Male,2,Organic
3652,9842890093,customer3652@example.com,36,Female,2,Organic
3653,9161677289,customer3653@example.com,31,Female,2,Organic
3654,9995373373,customer3654@example.com,28,Female,2,Organic
3655,8057215045,customer3655@example.com,52,Male,3,Google Ads
3656,9765177427,customer3656@example.com,53,Female,1,Influencer
3657,8428867444,customer3657@example.com,20,Female,2,Instagram
3658,9127586536,customer3658@example.com,42,Female,2,Instagram
3659,7364167915,customer3659@example.com,30,Male,3,Instagram
3660,7340571081,customer3660@example.com,33,Male,3,Instagram
3661,7741485270,customer3661@example.com,45,Female,1,Instagram
3662,7883725997,customer3662@example.com,44,Female,3,Instagram
3663,8878390693,customer3663@example.com,27,Female,3,Organic
3664,8026206745,customer3664@example.com,35,Male,3,Instagram
3665,9242169670,customer3665@example.com,25,Male,3,Instagram
3666,7112666017,customer3666@example.com,24,Female,1,Google Ads
3667,8896039740,customer3667@example.com,39,Male,3,Instagram
3668,9658337326,customer3668@example.com,55,Female,3,Influencer
3669,9484855563,customer3669@example.com,26,Female,1,Organic
3670,8386950653,customer3670@example.com,59,Female,3,Google Ads
3671,7767802121,customer3671@example.com,57,Female,2,Google Ads
3672,9581344054,customer3672@example.com,56,Female,3,Organic
3673,7535805063,customer3673@example.com,46,Female,2,Instagram
3674,7564872097,customer3674@example.com,54,Female,2,Instagram
3675,7363600149,customer3675@example.com,59,Female,3,Google Ads
3676,9510867587,customer3676@example.com,46,Female,2,Google Ads
3677,7341052305,customer3677@example.com,45,Female,2,Instagram
3678,9793979262,customer3678@example.com,38,Male,1,Instagram
3679,7535675386,customer3679@example.com,50,Female,3,Referral
3680,9824070067,customer3680@example.com,43,Male,1,Referral
3681,7216940125,customer3681@example.com,55,Male,3,Google Ads
3682,8071474756,customer3682@example.com,32,Female,3,Organic
3683,7724968590,customer3683@example.com,19,Male,1,Organic
3684,7750359094,customer3684@example.com,29,Female,1,Instagram
3685,9267292255,customer3685@example.com,50,Female,2,Google Ads
3686,9258766762,customer3686@example.com,32,Male,1,Instagram
3687,7770944055,customer3687@example.com,18,Female,2,Organic
3688,8355041688,customer3688@example.com,50,Other,2,Instagram
3689,8866054773,customer3689@example.com,21,Female,3,Instagram
3690,9059044245,customer3690@example.com,45,Male,3,Organic
3691,8406264250,customer3691@example.com,31,Female,2,Influencer
3692,7533480231,customer3692@example.com,29,Male,2,Referral
3693,9860851056,customer3693@example.com,23,Male,2,Influencer
3694,7956571888,customer3694@example.com,37,Female,3,Referral
3695,9680210402,customer3695@example.com,38,Other,1,Instagram
3696,9552365185,customer3696@example.com,33,Female,2,Organic
3697,9169930989,customer3697@example.com,29,Female,1,Organic
3698,9742329747,customer3698@example.com,37,Female,1,Instagram
3699,8089202169,customer3699@example.com,50,Female,2,Referral
3700,7362566452,customer3700@example.com,19,Other,2,Instagram
3701,7352628315,customer3701@example.com,51,Male,2,Organic
3702,7899134864,customer3702@example.com,43,Male,2,Influencer
3703,9583146307,customer3703@example.com,50,Male,2,Instagram
3704,8491299438,customer3704@example.com,59,Male,1,Organic
3705,7871477632,customer3705@example.com,47,Male,3,Organic
3706,8779424371,customer3706@example.com,18,Male,2,Organic
3707,9795329450,customer3707@example.com,25,Other,1,Google Ads
3708,7092107097,customer3708@example.com,18,Female,1,Referral
3709,8437772703,customer3709@example.com,27,Female,1,Organic
3710,9454448992,customer3710@example.com,49,Female,2,Instagram
3711,8191744586,customer3711@example.com,57,Female,2,Influencer
3712,7449881690,customer3712@example.com,19,Female,1,Organic
3713,7319853231,customer3713@example.com,48,Male,2,Instagram
3714,9485158301,customer3714@example.com,21,Male,3,Instagram
3715,9496728133,customer3715@example.com,29,Other,1,Instagram
3716,9595284152,customer3716@example.com,48,Female,1,Instagram
3717,8724331723,customer3717@example.com,58,Male,2,Instagram
3718,8583248043,customer3718@example.com,40,Male,2,Instagram
3719,8466608633,customer3719@example.com,50,Other,2,Google Ads
3720,9159204544,customer3720@example.com,25,Other,2,Referral
3721,7979076083,customer3721@example.com,33,Male,1,Referral
3722,7627311770,customer3722@example.com,32,Female,2,Organic
3723,8588177334,customer3723@example.com,58,Female,3,Organic
3724,8960823644,customer3724@example.com,57,Female,3,Referral
3725,7014109209,customer3725@example.com,43,Male,2,Instagram
3726,7777661864,customer3726@example.com,31,Female,1,Google Ads
3727,8374531616,customer3727@example.com,29,Female,3,Organic
3728,8609922528,customer3728@example.com,44,Male,3,Influencer
3729,7455792865,customer3729@example.com,48,Female,1,Organic
3730,9034101795,customer3730@example.com,21,Male,2,Influencer
3731,8918739625,customer3731@example.com,47,Male,3,Instagram
3732,7292857337,customer3732@example.com,21,Male,3,Instagram
3733,7641506844,customer3733@example.com,48,Female,2,Organic
3734,7649305839,customer3734@example.com,51,Male,2,Google Ads
3735,7345280557,customer3735@example.com,21,Female,1,Google Ads
3736,9488146168,customer3736@example.com,37,Male,2,Organic
3737,7798378919,customer3737@example.com,35,Female,3,Instagram
3738,8200950458,customer3738@example.com,25,Female,3,Instagram
3739,9530564597,customer3739@example.com,59,Male,2,Instagram
3740,7071171748,customer3740@example.com,19,Male,2,Influencer
3741,9878675812,customer3741@example.com,26,Female,1,Google Ads
3742,8152034352,customer3742@example.com,33,Female,3,Instagram
3743,7959057970,customer3743@example.com,39,Male,3,Organic
3744,8699355498,customer3744@example.com,29,Male,2,Instagram
3745,7975338365,customer3745@example.com,22,Other,3,Organic
3746,7142890933,customer3746@example.com,56,Female,2,Organic
3747,7801000239,customer3747@example.com,32,Female,3,Instagram
3748,7104512921,customer3748@example.com,25,Female,2,Google Ads
3749,7347582983,customer3749@example.com,41,Male,2,Google Ads
3750,9796689142,customer3750@example.com,36,Male,2,Instagram
3751,7624410508,customer3751@example.com,54,Male,1,Instagram
3752,7940703634,customer3752@example.com,35,Male,1,Instagram
3753,9634602021,customer3753@example.com,38,Female,3,Organic
3754,9494987204,customer3754@example.com,56,Male,1,Instagram
3755,9248008294,customer3755@example.com,31,Male,2,Instagram
3756,9842866741,customer3756@example.com,32,Female,1,Referral
3757,9821994725,customer3757@example.com,20,Male,1,Instagram
3758,9817962051,customer3758@example.com,28,Female,1,Organic
3759,7247150630,customer3759@example.com,20,Male,2,Referral
3760,7882563589,customer3760@example.com,47,Male,3,Instagram
3761,8565605825,customer3761@example.com,23,Male,3,Referral
3762,7366837777,customer3762@example.com,23,Male,2,Google Ads
3763,7575912563,customer3763@example.com,48,Male,2,Organic
3764,9035739046,customer3764@example.com,39,Male,3,Organic
3765,9526346133,customer3765@example.com,38,Female,2,Organic
3766,7563900402,customer3766@example.com,55,Male,3,Organic
3767,8822847985,customer3767@example.com,55,Male,3,Instagram
3768,9666311696,customer3768@example.com,23,Female,2,Google Ads
3769,7967245779,customer3769@example.com,46,Female,2,Referral
3770,7235393496,customer3770@example.com,28,Male,2,Instagram
3771,8119834219,customer3771@example.com,39,Male,2,Instagram
3772,8730551176,customer3772@example.com,56,Male,2,Organic
3773,9190791459,customer3773@example.com,23,Female,2,Instagram
3774,8019315325,customer3774@example.com,47,Female,3,Google Ads
3775,7871219680,customer3775@example.com,42,Male,3,Organic
3776,7253990866,customer3776@example.com,53,Female,2,Organic
3777,8087943087,customer3777@example.com,18,Female,1,Organic
3778,8133627693,customer3778@example.com,39,Male,1,Google Ads
3779,8852657450,customer3779@example.com,26,Male,3,Organic
3780,8702157766,customer3780@example.com,25,Male,3,Instagram
3781,9742122606,customer3781@example.com,51,Female,2,Organic
3782,8591908138,customer3782@example.com,33,Male,2,Referral
3783,9801117797,customer3783@example.com,36,Male,3,Organic
3784,7376702950,customer3784@example.com,25,Female,2,Instagram
3785,8386055159,customer3785@example.com,29,Female,1,Google Ads
3786,9176595889,customer3786@example.com,58,Female,1,Organic
3787,8912969850,customer3787@example.com,48,Female,1,Instagram
3788,7604899805,customer3788@example.com,59,Female,2,Organic
3789,7282172459,customer3789@example.com,50,Male,2,Instagram
3790,7906648141,customer3790@example.com,36,Female,3,Organic
3791,8186373092,customer3791@example.com,44,Female,1,Referral
3792,8901163981,customer3792@example.com,41,Male,2,Referral
3793,9859767875,customer3793@example.com,45,Male,1,Organic
3794,7771109162,customer3794@example.com,21,Male,3,Google Ads
3795,8333150418,customer3795@example.com,29,Female,3,Instagram
3796,7153511622,customer3796@example.com,40,Female,3,Instagram
3797,7676226216,customer3797@example.com,37,Female,1,Google Ads
3798,9246171337,customer3798@example.com,57,Other,3,Organic
3799,9085355837,customer3799@example.com,45,Male,1,Organic
3800,9054237917,customer3800@example.com,18,Male,1,Instagram
3801,9601621062,customer3801@example.com,58,Male,1,Google Ads
3802,7597565648,customer3802@example.com,28,Female,2,Organic
3803,9258043803,customer3803@example.com,48,Female,1,Influencer
3804,9023045099,customer3804@example.com,58,Female,2,Influencer
3805,9330194128,customer3805@example.com,55,Female,1,Influencer
3806,9404202594,customer3806@example.com,26,Female,3,Google Ads
3807,7014844047,customer3807@example.com,23,Female,2,Instagram
3808,9892366058,customer3808@example.com,23,Male,2,Google Ads
3809,7479899201,customer3809@example.com,20,Other,3,Organic
3810,8496538324,customer3810@example.com,49,Male,1,Organic
3811,7312610177,customer3811@example.com,52,Male,2,Influencer
3812,7915606787,customer3812@example.com,33,Male,2,Google Ads
3813,9272536795,customer3813@example.com,19,Female,1,Referral
3814,8937697962,customer3814@example.com,53,Other,1,Instagram
3815,8286020516,customer3815@example.com,58,Female,3,Instagram
3816,8754938740,customer3816@example.com,24,Female,1,Instagram
3817,8776670235,customer3817@example.com,52,Male,3,Google Ads
3818,7998358854,customer3818@example.com,47,Female,1,Influencer
3819,8242499056,customer3819@example.com,46,Other,3,Instagram
3820,7129873775,customer3820@example.com,58,Male,2,Google Ads
3821,7013318154,customer3821@example.com,18,Male,2,Organic
3822,7353896293,customer3822@example.com,18,Female,1,Instagram
3823,8051347250,customer3823@example.com,58,Male,1,Instagram
3824,9801073167,customer3824@example.com,24,Male,2,Google Ads
3825,9842075464,customer3825@example.com,20,Female,2,Instagram
3826,8346599891,customer3826@example.com,53,Female,1,Google Ads
3827,9607377334,customer3827@example.com,56,Other,2,Instagram
3828,9650528284,customer3828@example.com,48,Female,1,Referral
3829,7978869076,customer3829@example.com,42,Female,3,Organic
3830,7359137393,customer3830@example.com,41,Male,3,Organic
3831,8398162302,customer3831@example.com,18,Female,1,Google Ads
3832,8196507804,customer3832@example.com,55,Male,3,Influencer
3833,9615779975,customer3833@example.com,48,Female,2,Influencer
3834,7521483455,customer3834@example.com,54,Female,3,Instagram
3835,8337448364,customer3835@example.com,28,Male,1,Organic
3836,8877992872,customer3836@example.com,20,Female,1,Organic
3837,8904375948,customer3837@example.com,29,Male,3,Organic
3838,8525345820,customer3838@example.com,37,Female,3,Referral
3839,8173619798,customer3839@example.com,47,Male,3,Google Ads
3840,8690189624,customer3840@example.com,27,Female,2,Organic
3841,9092336486,customer3841@example.com,56,Male,1,Organic
3842,7171649534,customer3842@example.com,32,Male,1,Referral
3843,7463433748,customer3843@example.com,38,Female,3,Organic
3844,8472604175,customer3844@example.com,35,Female,2,Organic
3845,7420999974,customer3845@example.com,49,Female,3,Influencer
3846,7860066816,customer3846@example.com,36,Female,3,Organic
3847,7199148890,customer3847@example.com,47,Female,2,Referral
3848,8699299015,customer3848@example.com,50,Female,3,Instagram
3849,8911327753,customer3849@example.com,39,Female,1,Referral
3850,7681560576,customer3850@example.com,46,Male,2,Instagram
3851,7113441671,customer3851@example.com,41,Female,3,Organic
3852,8323451958,customer3852@example.com,21,Other,1,Google Ads
3853,9708910505,customer3853@example.com,29,Female,2,Influencer
3854,7166316011,customer3854@example.com,53,Male,2,Google Ads
3855,9085256239,customer3855@example.com,21,Female,2,Instagram
3856,7055814464,customer3856@example.com,22,Female,2,Organic
3857,9939174381,customer3857@example.com,36,Male,2,Organic
3858,9273899998,customer3858@example.com,58,Other,1,Influencer
3859,9980595766,customer3859@example.com,56,Male,3,Organic
3860,8130638558,customer3860@example.com,48,Male,2,Influencer
3861,9755534281,customer3861@example.com,24,Male,2,Influencer
3862,9609614043,customer3862@example.com,29,Male,1,Organic
3863,9006298898,customer3863@example.com,27,Female,2,Google Ads
3864,7030084026,customer3864@example.com,46,Female,2,Instagram
3865,9131886619,customer3865@example.com,38,Male,1,Google Ads
3866,7707439129,customer3866@example.com,30,Female,2,Organic
3867,9132468471,customer3867@example.com,40,Male,1,Instagram
3868,9578336341,customer3868@example.com,23,Female,3,Organic
3869,8194991557,customer3869@example.com,48,Female,3,Google Ads
3870,7066836539,customer3870@example.com,26,Female,1,Influencer
3871,9727432966,customer3871@example.com,41,Female,2,Organic
3872,7528120619,customer3872@example.com,33,Female,3,Organic
3873,7781507482,customer3873@example.com,28,Female,3,Instagram
3874,8166946582,customer3874@example.com,53,Male,2,Instagram
3875,8389795288,customer3875@example.com,18,Male,3,Instagram
3876,8516882149,customer3876@example.com,38,Female,3,Google Ads
3877,8623919161,customer3877@example.com,53,Male,2,Referral
3878,8035993008,customer3878@example.com,54,Male,1,Organic
3879,8066005765,customer3879@example.com,23,Male,2,Google Ads
3880,8926573806,customer3880@example.com,31,Female,1,Referral
3881,8890926805,customer3881@example.com,46,Female,2,Organic
3882,9146696359,customer3882@example.com,18,Female,2,Organic
3883,7568590712,customer3883@example.com,25,Male,2,Google Ads
3884,8456328388,customer3884@example.com,36,Male,1,Organic
3885,8227055817,customer3885@example.com,40,Male,2,Organic
3886,7610312183,customer3886@example.com,56,Female,3,Organic
3887,9073977896,customer3887@example.com,58,Female,1,Instagram
3888,7315357204,customer3888@example.com,28,Male,2,Influencer
3889,7252084118,customer3889@example.com,44,Male,2,Organic
3890,8092960158,customer3890@example.com,57,Female,2,Influencer
3891,7872108429,customer3891@example.com,53,Female,2,Google Ads
3892,7942800251,customer3892@example.com,59,Male,3,Google Ads
3893,8079890246,customer3893@example.com,37,Female,2,Referral
3894,8935037470,customer3894@example.com,59,Male,2,Organic
3895,8983877129,customer3895@example.com,25,Male,2,Google Ads
3896,8827463734,customer3896@example.com,53,Female,2,Instagram
3897,7097645078,customer3897@example.com,43,Male,1,Google Ads
3898,7496935134,customer3898@example.com,52,Male,2,Influencer
3899,9887356003,customer3899@example.com,20,Male,1,Instagram
3900,9293813617,customer3900@example.com,21,Female,3,Influencer
3901,7938060989,customer3901@example.com,46,Female,1,Instagram
3902,9902604525,customer3902@example.com,45,Female,3,Instagram
3903,7355302961,customer3903@example.com,36,Female,3,Organic
3904,9354548130,customer3904@example.com,45,Male,1,Influencer
3905,8605998109,customer3905@example.com,35,Female,3,Organic
3906,9256737674,customer3906@example.com,31,Male,2,Google Ads
3907,8963029834,customer3907@example.com,31,Male,1,Organic
3908,8253466813,customer3908@example.com,46,Female,3,Instagram
3909,8732952182,customer3909@example.com,20,Female,2,Organic
3910,8084610549,customer3910@example.com,51,Female,2,Instagram
3911,9516076659,customer3911@example.com,26,Female,3,Referral
3912,7482847269,customer3912@example.com,57,Female,1,Organic
3913,8343865596,customer3913@example.com,22,Female,3,Organic
3914,9492269039,customer3914@example.com,46,Female,1,Instagram
3915,8730408764,customer3915@example.com,58,Male,2,Google Ads
3916,9362744097,customer3916@example.com,22,Female,1,Organic
3917,9603389139,customer3917@example.com,30,Male,2,Instagram
3918,9294644385,customer3918@example.com,43,Female,2,Instagram
3919,7955505315,customer3919@example.com,26,Male,1,Google Ads
3920,9004519733,customer3920@example.com,21,Male,1,Organic
3921,9949349275,customer3921@example.com,56,Female,3,Influencer
3922,7746965935,customer3922@example.com,48,Male,2,Google Ads
3923,7835523229,customer3923@example.com,22,Male,2,Organic
3924,9335351317,customer3924@example.com,24,Male,2,Google Ads
3925,7865739134,customer3925@example.com,45,Other,2,Google Ads
3926,8848874140,customer3926@example.com,57,Male,3,Instagram
3927,8716149654,customer3927@example.com,31,Male,3,Organic
3928,7519007228,customer3928@example.com,41,Female,3,Organic
3929,7533651817,customer3929@example.com,59,Female,3,Instagram
3930,9390083022,customer3930@example.com,55,Female,1,Google Ads
3931,7657602832,customer3931@example.com,22,Other,1,Google Ads
3932,9470160497,customer3932@example.com,51,Male,1,Organic
3933,8526246193,customer3933@example.com,45,Male,3,Influencer
3934,7162850976,customer3934@example.com,25,Female,2,Organic
3935,9022265145,customer3935@example.com,38,Female,1,Instagram
3936,9103330263,customer3936@example.com,41,Male,2,Google Ads
3937,8170841326,customer3937@example.com,41,Female,3,Instagram
3938,7583265496,customer3938@example.com,30,Other,1,Organic
3939,8483094000,customer3939@example.com,32,Female,2,Organic
3940,9071862836,customer3940@example.com,42,Male,1,Instagram
3941,9243584044,customer3941@example.com,45,Male,3,Organic
3942,7874418369,customer3942@example.com,56,Female,2,Instagram
3943,9544618183,customer3943@example.com,25,Male,2,Influencer
3944,7995045888,customer3944@example.com,48,Male,3,Influencer
3945,8237717684,customer3945@example.com,24,Male,3,Organic
3946,7141486608,customer3946@example.com,56,Male,2,Google Ads
3947,7561038820,customer3947@example.com,34,Female,2,Google Ads
3948,9188080934,customer3948@example.com,52,Female,3,Google Ads
3949,9744387866,customer3949@example.com,39,Male,1,Google Ads
3950,7490595931,customer3950@example.com,24,Male,3,Instagram
3951,9028049580,customer3951@example.com,27,Female,3,Referral
3952,9401149354,customer3952@example.com,45,Male,3,Google Ads
3953,9189785441,customer3953@example.com,56,Female,1,Instagram
3954,7311733638,customer3954@example.com,46,Male,2,Referral
3955,9825623086,customer3955@example.com,52,Male,2,Google Ads
3956,7968574790,customer3956@example.com,39,Female,3,Referral
3957,9238771625,customer3957@example.com,26,Female,2,Google Ads
3958,8353213916,customer3958@example.com,53,Female,2,Instagram
3959,9004603416,customer3959@example.com,25,Male,1,Organic
3960,9370900304,customer3960@example.com,47,Male,3,Google Ads
3961,7567713688,customer3961@example.com,47,Male,2,Influencer
3962,7263865867,customer3962@example.com,48,Male,3,Google Ads
3963,9430753243,customer3963@example.com,39,Female,3,Google Ads
3964,8652906400,customer3964@example.com,48,Male,1,Referral
3965,9537137742,customer3965@example.com,57,Male,2,Influencer
3966,9321385306,customer3966@example.com,45,Female,2,Instagram
3967,8159063296,customer3967@example.com,22,Male,2,Google Ads
3968,7273266896,customer3968@example.com,34,Female,2,Instagram
3969,9523758779,customer3969@example.com,28,Female,2,Instagram
3970,7969046983,customer3970@example.com,39,Male,1,Influencer
3971,7703312286,customer3971@example.com,42,Male,3,Referral
3972,8187551252,customer3972@example.com,30,Female,2,Organic
3973,8643712939,customer3973@example.com,53,Female,2,Referral
3974,7544675230,customer3974@example.com,28,Female,1,Instagram
3975,9497293358,customer3975@example.com,22,Male,2,Google Ads
3976,7923556081,customer3976@example.com,31,Male,3,Instagram
3977,9322466628,customer3977@example.com,39,Female,2,Organic
3978,9597036825,customer3978@example.com,20,Female,3,Influencer
3979,8725885402,customer3979@example.com,52,Male,2,Google Ads
3980,9234786952,customer3980@example.com,49,Other,3,Influencer
3981,9890828907,customer3981@example.com,55,Female,3,Influencer
3982,7583458581,customer3982@example.com,57,Female,2,Instagram
3983,8323013934,customer3983@example.com,41,Male,2,Google Ads
3984,9807287783,customer3984@example.com,45,Male,1,Instagram
3985,9461625559,customer3985@example.com,38,Female,3,Organic
3986,8187683139,customer3986@example.com,50,Female,3,Google Ads
3987,7211745766,customer3987@example.com,45,Female,2,Organic
3988,8667020716,customer3988@example.com,56,Female,2,Influencer
3989,8505826306,customer3989@example.com,53,Male,3,Google Ads
3990,9038466270,customer3990@example.com,27,Female,1,Referral
3991,9393150289,customer3991@example.com,54,Male,2,Google Ads
3992,7518160462,customer3992@example.com,57,Female,1,Instagram
3993,9342527601,customer3993@example.com,42,Female,3,Google Ads
3994,9349338333,customer3994@example.com,34,Female,3,Google Ads
3995,8173473445,customer3995@example.com,21,Male,1,Instagram
3996,9629280979,customer3996@example.com,27,Female,1,Instagram
3997,7242909474,customer3997@example.com,42,Female,1,Organic
3998,8380405981,customer3998@example.com,49,Female,2,Referral
3999,7372661930,customer3999@example.com,25,Female,1,Google Ads
4000,8799806008,customer4000@example.com,59,Male,2,Instagram
4001,9995062933,customer4001@example.com,29,Male,3,Organic
4002,8707860654,customer4002@example.com,38,Female,1,Influencer
4003,8405307736,customer4003@example.com,44,Female,2,Google Ads
4004,9276448551,customer4004@example.com,47,Other,2,Instagram
4005,9439286388,customer4005@example.com,27,Male,1,Google Ads
4006,7648682804,customer4006@example.com,38,Male,2,Referral
4007,7102629982,customer4007@example.com,18,Male,2,Google Ads
4008,9517941624,customer4008@example.com,26,Other,2,Organic
4009,9801430680,customer4009@example.com,20,Female,1,Instagram
4010,9781056144,customer4010@example.com,59,Male,1,Instagram
4011,8609742826,customer4011@example.com,36,Male,2,Instagram
4012,8969797303,customer4012@example.com,23,Male,1,Instagram
4013,8595560906,customer4013@example.com,24,Female,1,Instagram
4014,9355813360,customer4014@example.com,33,Male,2,Google Ads
4015,7431487869,customer4015@example.com,53,Male,2,Organic
4016,9612971659,customer4016@example.com,21,Female,2,Google Ads
4017,8332528331,customer4017@example.com,35,Female,2,Google Ads
4018,8164255024,customer4018@example.com,49,Male,1,Organic
4019,9637255836,customer4019@example.com,49,Female,2,Instagram
4020,9900135351,customer4020@example.com,35,Male,2,Instagram
4021,8826073462,customer4021@example.com,56,Male,1,Instagram
4022,8887011210,customer4022@example.com,54,Male,1,Referral
4023,8456961611,customer4023@example.com,45,Female,2,Instagram
4024,9557449030,customer4024@example.com,56,Male,2,Instagram
4025,8947020590,customer4025@example.com,19,Male,3,Instagram
4026,8924412800,customer4026@example.com,54,Male,3,Google Ads
4027,7175365851,customer4027@example.com,54,Female,3,Organic
4028,9286542304,customer4028@example.com,19,Male,1,Referral
4029,7617959217,customer4029@example.com,36,Female,2,Organic
4030,7366989776,customer4030@example.com,22,Male,1,Instagram
4031,8948625257,customer4031@example.com,30,Other,2,Organic
4032,9815263495,customer4032@example.com,39,Other,1,Organic
4033,8713353447,customer4033@example.com,24,Female,3,Instagram
4034,9356789733,customer4034@example.com,19,Female,2,Google Ads
4035,7942118758,customer4035@example.com,31,Female,3,Google Ads
4036,9490728020,customer4036@example.com,42,Male,2,Instagram
4037,8053934219,customer4037@example.com,43,Male,2,Instagram
4038,8769318734,customer4038@example.com,22,Male,1,Instagram
4039,8953140682,customer4039@example.com,37,Male,2,Influencer
4040,9583528663,customer4040@example.com,29,Other,1,Google Ads
4041,7575537978,customer4041@example.com,53,Male,1,Google Ads
4042,7513374372,customer4042@example.com,48,Male,1,Instagram
4043,9130040377,customer4043@example.com,34,Female,3,Instagram
4044,8122027549,customer4044@example.com,33,Male,3,Instagram
4045,7865449895,customer4045@example.com,27,Male,3,Instagram
4046,8333508114,customer4046@example.com,52,Male,3,Organic
4047,9324691531,customer4047@example.com,50,Female,2,Referral
4048,8074917261,customer4048@example.com,55,Female,3,Google Ads
4049,7639043701,customer4049@example.com,52,Male,1,Influencer
4050,7499105934,customer4050@example.com,44,Female,2,Google Ads
4051,8295354131,customer4051@example.com,24,Female,2,Google Ads
4052,9425419758,customer4052@example.com,44,Male,1,Google Ads
4053,8237678775,customer4053@example.com,58,Male,3,Influencer
4054,9163233282,customer4054@example.com,29,Female,1,Referral
4055,8100448345,customer4055@example.com,50,Male,3,Organic
4056,7968507186,customer4056@example.com,30,Female,3,Influencer
4057,9699479028,customer4057@example.com,19,Female,2,Organic
4058,9075945481,customer4058@example.com,20,Male,1,Influencer
4059,9953241260,customer4059@example.com,28,Female,2,Organic
4060,7129637704,customer4060@example.com,22,Female,1,Organic
4061,8063778566,customer4061@example.com,19,Male,1,Organic
4062,7468317656,customer4062@example.com,45,Female,3,Organic
4063,9259664216,customer4063@example.com,30,Male,2,Instagram
4064,8317153843,customer4064@example.com,52,Other,1,Instagram
4065,7728779409,customer4065@example.com,57,Male,1,Organic
4066,9810509996,customer4066@example.com,30,Female,3,Google Ads
4067,9609421441,customer4067@example.com,29,Female,2,Organic
4068,7560231943,customer4068@example.com,35,Female,3,Instagram
4069,7107139419,customer4069@example.com,35,Male,1,Referral
4070,7815653019,customer4070@example.com,34,Male,2,Organic
4071,9957268366,customer4071@example.com,56,Female,2,Instagram
4072,7982073143,customer4072@example.com,39,Female,2,Organic
4073,9063787074,customer4073@example.com,30,Female,1,Google Ads
4074,7088660806,customer4074@example.com,55,Male,3,Instagram
4075,9884511980,customer4075@example.com,36,Male,3,Referral
4076,9946955576,customer4076@example.com,41,Female,1,Influencer
4077,8491959439,customer4077@example.com,36,Male,1,Instagram
4078,7481589459,customer4078@example.com,38,Female,3,Instagram
4079,7347009392,customer4079@example.com,41,Female,3,Organic
4080,9497044147,customer4080@example.com,47,Female,2,Influencer
4081,9961590992,customer4081@example.com,45,Female,2,Organic
4082,9580518121,customer4082@example.com,52,Male,2,Google Ads
4083,8339074751,customer4083@example.com,55,Male,2,Referral
4084,8698643754,customer4084@example.com,34,Male,2,Organic
4085,9628337501,customer4085@example.com,51,Female,3,Google Ads
4086,7856824496,customer4086@example.com,26,Female,1,Organic
4087,7133792183,customer4087@example.com,30,Male,2,Instagram
4088,8850268747,customer4088@example.com,31,Female,2,Referral
4089,8127897354,customer4089@example.com,43,Female,3,Google Ads
4090,9389206972,customer4090@example.com,38,Male,3,Organic
4091,7251546880,customer4091@example.com,37,Male,3,Organic
4092,9623109298,customer4092@example.com,28,Female,3,Instagram
4093,8024233056,customer4093@example.com,59,Male,3,Instagram
4094,7656246949,customer4094@example.com,52,Female,3,Organic
4095,7156197472,customer4095@example.com,48,Female,1,Referral
4096,8164478791,customer4096@example.com,35,Male,2,Organic
4097,9964623611,customer4097@example.com,31,Male,3,Organic
4098,9000549740,customer4098@example.com,22,Female,3,Instagram
4099,7757197500,customer4099@example.com,34,Female,2,Referral
4100,8946394921,customer4100@example.com,38,Male,1,Google Ads
4101,7143149878,customer4101@example.com,31,Female,2,Instagram
4102,8878371882,customer4102@example.com,20,Female,2,Instagram
4103,9562402727,customer4103@example.com,48,Male,1,Referral
4104,8856576902,customer4104@example.com,42,Male,1,Organic
4105,9223014581,customer4105@example.com,34,Female,2,Instagram
4106,8868360766,customer4106@example.com,43,Male,3,Instagram
4107,7198700410,customer4107@example.com,34,Female,3,Referral
4108,9973145766,customer4108@example.com,36,Female,1,Instagram
4109,7022619680,customer4109@example.com,44,Male,3,Google Ads
4110,7151146352,customer4110@example.com,24,Male,2,Organic
4111,9333033589,customer4111@example.com,43,Female,2,Instagram
4112,9556607083,customer4112@example.com,22,Male,3,Google Ads
4113,7878583227,customer4113@example.com,19,Female,3,Referral
4114,7158877060,customer4114@example.com,33,Male,1,Organic
4115,7820761646,customer4115@example.com,28,Male,3,Google Ads
4116,7961162361,customer4116@example.com,56,Male,3,Organic
4117,9180293428,customer4117@example.com,40,Male,1,Influencer
4118,9466812370,customer4118@example.com,52,Female,2,Instagram
4119,7843782302,customer4119@example.com,23,Female,3,Organic
4120,8947002880,customer4120@example.com,54,Male,3,Google Ads
4121,8371366465,customer4121@example.com,18,Male,2,Google Ads
4122,9184159419,customer4122@example.com,50,Male,1,Google Ads
4123,7969165335,customer4123@example.com,35,Male,3,Google Ads
4124,7895504089,customer4124@example.com,20,Male,1,Google Ads
4125,9318592159,customer4125@example.com,36,Other,2,Instagram
4126,8584841089,customer4126@example.com,27,Female,1,Instagram
4127,8625938130,customer4127@example.com,37,Female,2,Organic
4128,8634013109,customer4128@example.com,28,Male,1,Referral
4129,9051242569,customer4129@example.com,49,Female,1,Organic
4130,8518158818,customer4130@example.com,57,Female,2,Instagram
4131,9767970850,customer4131@example.com,37,Female,1,Google Ads
4132,9069154495,customer4132@example.com,49,Male,2,Google Ads
4133,7747495716,customer4133@example.com,54,Female,1,Organic
4134,8289627919,customer4134@example.com,39,Male,1,Referral
4135,9764399035,customer4135@example.com,21,Female,3,Google Ads
4136,8518033171,customer4136@example.com,30,Male,2,Instagram
4137,8110431001,customer4137@example.com,23,Female,3,Referral
4138,7081284765,customer4138@example.com,46,Male,2,Organic
4139,8138625777,customer4139@example.com,19,Male,3,Influencer
4140,7795928239,customer4140@example.com,42,Male,3,Instagram
4141,9015087117,customer4141@example.com,49,Male,3,Organic
4142,8704102298,customer4142@example.com,43,Female,2,Instagram
4143,9901848599,customer4143@example.com,43,Male,2,Instagram
4144,8278183745,customer4144@example.com,55,Male,1,Instagram
4145,9340230238,customer4145@example.com,39,Female,3,Referral
4146,8223880790,customer4146@example.com,27,Male,2,Instagram
4147,8194519426,customer4147@example.com,40,Other,3,Organic
4148,8042129311,customer4148@example.com,21,Female,1,Referral
4149,8215107931,customer4149@example.com,33,Female,2,Instagram
4150,8314651376,customer4150@example.com,59,Male,1,Influencer
4151,8630657479,customer4151@example.com,50,Male,2,Organic
4152,8780253790,customer4152@example.com,30,Female,1,Google Ads
4153,8430959245,customer4153@example.com,30,Male,2,Google Ads
4154,8399561661,customer4154@example.com,50,Female,2,Instagram
4155,9220095880,customer4155@example.com,31,Female,3,Instagram
4156,7653289473,customer4156@example.com,25,Other,1,Google Ads
4157,8355218187,customer4157@example.com,43,Female,2,Organic
4158,7964217174,customer4158@example.com,39,Other,1,Instagram
4159,8837674162,customer4159@example.com,18,Male,3,Organic
4160,8999912396,customer4160@example.com,33,Female,2,Organic
4161,9905571102,customer4161@example.com,46,Male,1,Organic
4162,9676877105,customer4162@example.com,40,Male,2,Organic
4163,7656710977,customer4163@example.com,22,Male,2,Organic
4164,9796138737,customer4164@example.com,38,Male,3,Organic
4165,9958053249,customer4165@example.com,53,Male,3,Google Ads
4166,7795056528,customer4166@example.com,37,Other,1,Google Ads
4167,9993442176,customer4167@example.com,25,Male,1,Referral
4168,8409073381,customer4168@example.com,43,Male,2,Organic
4169,7455929599,customer4169@example.com,58,Male,3,Google Ads
4170,7473992598,customer4170@example.com,42,Male,2,Organic
4171,8797202252,customer4171@example.com,59,Male,1,Instagram
4172,9185426639,customer4172@example.com,24,Female,2,Organic
4173,7117362898,customer4173@example.com,39,Female,2,Influencer
4174,7660971710,customer4174@example.com,50,Female,2,Google Ads
4175,8739599086,customer4175@example.com,22,Female,3,Instagram
4176,8452819009,customer4176@example.com,55,Female,1,Google Ads
4177,9155893732,customer4177@example.com,29,Female,2,Instagram
4178,7308462493,customer4178@example.com,31,Female,3,Google Ads
4179,9641272646,customer4179@example.com,24,Female,2,Instagram
4180,9986503705,customer4180@example.com,45,Female,1,Google Ads
4181,8187881181,customer4181@example.com,33,Male,1,Influencer
4182,7310964274,customer4182@example.com,58,Male,3,Organic
4183,7084257126,customer4183@example.com,19,Female,1,Google Ads
4184,7148621988,customer4184@example.com,48,Male,3,Organic
4185,8892086158,customer4185@example.com,53,Female,3,Referral
4186,8755787015,customer4186@example.com,31,Female,1,Google Ads
4187,8733190986,customer4187@example.com,45,Female,3,Referral
4188,8819419682,customer4188@example.com,49,Male,2,Instagram
4189,8033544807,customer4189@example.com,45,Female,2,Referral
4190,7772971772,customer4190@example.com,29,Female,1,Influencer
4191,9388989507,customer4191@example.com,30,Female,1,Instagram
4192,7870588663,customer4192@example.com,39,Female,2,Google Ads
4193,9694940181,customer4193@example.com,59,Female,2,Organic
4194,8918216856,customer4194@example.com,46,Female,2,Instagram
4195,9227645822,customer4195@example.com,47,Male,2,Organic
4196,7574027385,customer4196@example.com,32,Male,1,Google Ads
4197,7933946696,customer4197@example.com,57,Female,3,Instagram
4198,9481797247,customer4198@example.com,21,Male,3,Google Ads
4199,8986332759,customer4199@example.com,50,Female,3,Google Ads
4200,8599823220,customer4200@example.com,26,Female,1,Instagram
4201,7958491935,customer4201@example.com,55,Male,1,Instagram
4202,9663994395,customer4202@example.com,33,Male,2,Organic
4203,8619276034,customer4203@example.com,43,Female,2,Organic
4204,8239996781,customer4204@example.com,44,Male,2,Google Ads
4205,7302767549,customer4205@example.com,28,Male,3,Instagram
4206,8848340529,customer4206@example.com,43,Female,2,Organic
4207,9150846988,customer4207@example.com,31,Female,3,Organic
4208,7633676933,customer4208@example.com,18,Male,1,Google Ads
4209,7786290458,customer4209@example.com,28,Male,3,Google Ads
4210,9403136822,customer4210@example.com,47,Female,3,Influencer
4211,7365437326,customer4211@example.com,41,Female,2,Organic
4212,8137396143,customer4212@example.com,21,Female,3,Google Ads
4213,8868961114,customer4213@example.com,39,Female,2,Organic
4214,9061387913,customer4214@example.com,25,Male,3,Instagram
4215,8311437374,customer4215@example.com,33,Female,3,Instagram
4216,9087022460,customer4216@example.com,50,Female,2,Influencer
4217,9095422391,customer4217@example.com,50,Male,1,Influencer
4218,8839296815,customer4218@example.com,27,Male,2,Organic
4219,9406098370,customer4219@example.com,19,Female,1,Influencer
4220,8423379920,customer4220@example.com,21,Male,1,Organic
4221,7415386169,customer4221@example.com,40,Male,1,Influencer
4222,7722102968,customer4222@example.com,44,Male,2,Influencer
4223,9855416053,customer4223@example.com,50,Female,1,Influencer
4224,8205600656,customer4224@example.com,50,Female,3,Influencer
4225,8778868581,customer4225@example.com,58,Male,3,Google Ads
4226,7152176758,customer4226@example.com,37,Female,2,Organic
4227,7819482471,customer4227@example.com,30,Male,1,Google Ads
4228,8535256924,customer4228@example.com,28,Male,3,Influencer
4229,9716060334,customer4229@example.com,36,Female,1,Influencer
4230,7155790317,customer4230@example.com,49,Female,2,Instagram
4231,9371384598,customer4231@example.com,20,Female,1,Google Ads
4232,9861681662,customer4232@example.com,30,Female,1,Instagram
4233,7579725117,customer4233@example.com,45,Female,1,Instagram
4234,9944393722,customer4234@example.com,39,Male,2,Google Ads
4235,9721425628,customer4235@example.com,36,Male,3,Organic
4236,8906368809,customer4236@example.com,48,Female,1,Google Ads
4237,9369586269,customer4237@example.com,37,Male,2,Google Ads
4238,8419255658,customer4238@example.com,41,Female,1,Instagram
4239,7447702550,customer4239@example.com,49,Female,2,Google Ads
4240,7196094056,customer4240@example.com,26,Female,3,Google Ads
4241,8722024523,customer4241@example.com,36,Female,2,Google Ads
4242,7448701426,customer4242@example.com,40,Male,2,Organic
4243,9517457592,customer4243@example.com,42,Female,3,Instagram
4244,9635540791,customer4244@example.com,50,Female,2,Organic
4245,9325084433,customer4245@example.com,19,Female,2,Influencer
4246,7088399363,customer4246@example.com,20,Male,2,Organic
4247,9081437561,customer4247@example.com,45,Female,2,Google Ads
4248,7331938707,customer4248@example.com,54,Female,2,Instagram
4249,9879074885,customer4249@example.com,52,Female,2,Referral
4250,8262674432,customer4250@example.com,31,Male,3,Organic
4251,7755134942,customer4251@example.com,41,Female,2,Instagram
4252,7944142248,customer4252@example.com,54,Male,3,Instagram
4253,9182600782,customer4253@example.com,20,Female,3,Instagram
4254,7525642740,customer4254@example.com,40,Male,3,Instagram
4255,7821269716,customer4255@example.com,51,Female,1,Organic
4256,8486005802,customer4256@example.com,26,Male,2,Organic
4257,8430933932,customer4257@example.com,35,Male,2,Referral
4258,9601034941,customer4258@example.com,19,Male,2,Google Ads
4259,8239551181,customer4259@example.com,39,Female,3,Organic
4260,9128559463,customer4260@example.com,52,Male,3,Instagram
4261,9992690511,customer4261@example.com,48,Female,3,Organic
4262,9728350992,customer4262@example.com,43,Male,1,Google Ads
4263,7340343996,customer4263@example.com,31,Female,2,Influencer
4264,8772497689,customer4264@example.com,45,Female,2,Organic
4265,9613786408,customer4265@example.com,28,Male,3,Instagram
4266,8519919039,customer4266@example.com,49,Male,3,Referral
4267,9198180655,customer4267@example.com,38,Male,1,Influencer
4268,8109771331,customer4268@example.com,40,Female,2,Google Ads
4269,8833349732,customer4269@example.com,41,Male,3,Influencer
4270,9013805592,customer4270@example.com,29,Female,1,Referral
4271,7989201331,customer4271@example.com,20,Male,3,Influencer
4272,8955209838,customer4272@example.com,23,Other,3,Organic
4273,7462270772,customer4273@example.com,29,Male,2,Organic
4274,7083682492,customer4274@example.com,37,Male,3,Instagram
4275,9413124829,customer4275@example.com,23,Male,3,Instagram
4276,9533994637,customer4276@example.com,37,Male,2,Referral
4277,9888124034,customer4277@example.com,31,Other,2,Organic
4278,8870225330,customer4278@example.com,58,Female,3,Instagram
4279,9930429424,customer4279@example.com,18,Male,3,Google Ads
4280,9385910008,customer4280@example.com,37,Female,1,Google Ads
4281,8439482217,customer4281@example.com,39,Female,3,Google Ads
4282,8613600751,customer4282@example.com,57,Male,1,Organic
4283,9990234924,customer4283@example.com,48,Female,2,Google Ads
4284,9684398748,customer4284@example.com,48,Male,3,Instagram
4285,9805459229,customer4285@example.com,45,Female,1,Referral
4286,9463541054,customer4286@example.com,29,Male,2,Instagram
4287,7860956281,customer4287@example.com,33,Female,3,Google Ads
4288,7099869039,customer4288@example.com,50,Female,1,Google Ads
4289,9264825912,customer4289@example.com,52,Female,3,Google Ads
4290,7350537877,customer4290@example.com,21,Female,1,Organic
4291,8191545896,customer4291@example.com,27,Female,2,Instagram
4292,7496709634,customer4292@example.com,51,Male,1,Influencer
4293,7194802381,customer4293@example.com,58,Male,1,Google Ads
4294,9689349367,customer4294@example.com,20,Male,3,Organic
4295,7721508676,customer4295@example.com,48,Male,1,Google Ads
4296,7446611641,customer4296@example.com,48,Female,2,Google Ads
4297,7087112385,customer4297@example.com,18,Male,3,Instagram
4298,7275791749,customer4298@example.com,22,Female,1,Google Ads
4299,8328966582,customer4299@example.com,22,Male,3,Google Ads
4300,9068591789,customer4300@example.com,19,Male,1,Google Ads
4301,9780228290,customer4301@example.com,32,Female,2,Instagram
4302,8218010860,customer4302@example.com,18,Male,2,Instagram
4303,7954943276,customer4303@example.com,38,Male,2,Organic
4304,8486916637,customer4304@example.com,54,Male,3,Google Ads
4305,7363721956,customer4305@example.com,24,Male,3,Organic
4306,8657552165,customer4306@example.com,28,Female,3,Instagram
4307,9011024317,customer4307@example.com,43,Female,2,Organic
4308,9876915348,customer4308@example.com,59,Female,2,Instagram
4309,9837481326,customer4309@example.com,19,Female,2,Organic
4310,7128715254,customer4310@example.com,47,Female,3,Instagram
4311,7936963231,customer4311@example.com,31,Male,3,Google Ads
4312,8334017774,customer4312@example.com,22,Male,1,Instagram
4313,8783364907,customer4313@example.com,48,Male,1,Organic
4314,9371314997,customer4314@example.com,49,Male,3,Google Ads
4315,7646463393,customer4315@example.com,51,Female,2,Instagram
4316,8709491934,customer4316@example.com,27,Male,2,Google Ads
4317,7711172415,customer4317@example.com,48,Male,2,Instagram
4318,7951319364,customer4318@example.com,44,Female,1,Influencer
4319,9939925137,customer4319@example.com,35,Female,1,Referral
4320,9181776950,customer4320@example.com,22,Female,2,Influencer
4321,7163823261,customer4321@example.com,34,Male,2,Referral
4322,7911377776,customer4322@example.com,28,Female,1,Influencer
4323,7564714689,customer4323@example.com,22,Male,3,Influencer
4324,7082062713,customer4324@example.com,55,Other,2,Instagram
4325,9130942835,customer4325@example.com,54,Male,3,Instagram
4326,8816208838,customer4326@example.com,38,Male,1,Influencer
4327,9631479954,customer4327@example.com,41,Other,2,Google Ads
4328,8352108035,customer4328@example.com,47,Male,3,Referral
4329,7836658962,customer4329@example.com,33,Female,3,Influencer
4330,8566525190,customer4330@example.com,58,Male,1,Influencer
4331,9727217271,customer4331@example.com,39,Male,2,Google Ads
4332,9380118943,customer4332@example.com,19,Male,1,Instagram
4333,7993628480,customer4333@example.com,36,Female,3,Organic
4334,9971731152,customer4334@example.com,54,Male,3,Google Ads
4335,7928464178,customer4335@example.com,19,Male,2,Referral
4336,9113744638,customer4336@example.com,28,Other,2,Influencer
4337,9372506614,customer4337@example.com,50,Female,3,Referral
4338,7398120942,customer4338@example.com,26,Female,2,Organic
4339,8335966724,customer4339@example.com,42,Male,1,Google Ads
4340,9955744005,customer4340@example.com,23,Male,1,Influencer
4341,8994958766,customer4341@example.com,28,Female,1,Google Ads
4342,9550646572,customer4342@example.com,44,Female,1,Referral
4343,9760293856,customer4343@example.com,25,Male,2,Instagram
4344,9424688746,customer4344@example.com,48,Male,3,Google Ads
4345,9394320415,customer4345@example.com,44,Female,2,Influencer
4346,8417410109,customer4346@example.com,58,Male,3,Instagram
4347,8922906968,customer4347@example.com,22,Female,3,Google Ads
4348,9434773733,customer4348@example.com,32,Female,3,Instagram
4349,9713007354,customer4349@example.com,19,Female,2,Google Ads
4350,8953360892,customer4350@example.com,32,Male,2,Google Ads
4351,7384350904,customer4351@example.com,48,Female,2,Organic
4352,7480223669,customer4352@example.com,37,Male,2,Organic
4353,8486126468,customer4353@example.com,20,Male,2,Google Ads
4354,9827533365,customer4354@example.com,59,Female,2,Organic
4355,9144567974,customer4355@example.com,56,Male,2,Google Ads
4356,7197523023,customer4356@example.com,27,Female,2,Google Ads
4357,7157592835,customer4357@example.com,43,Male,2,Organic
4358,8331911179,customer4358@example.com,27,Female,3,Organic
4359,7339924369,customer4359@example.com,57,Female,3,Influencer
4360,8656670224,customer4360@example.com,30,Female,2,Organic
4361,7969535637,customer4361@example.com,38,Female,2,Organic
4362,7421031205,customer4362@example.com,51,Female,3,Organic
4363,7347352726,customer4363@example.com,49,Male,1,Google Ads
4364,9622997214,customer4364@example.com,26,Female,2,Instagram
4365,9670168279,customer4365@example.com,47,Female,3,Influencer
4366,9231844340,customer4366@example.com,18,Male,3,Organic
4367,7995334039,customer4367@example.com,29,Male,2,Organic
4368,8249470242,customer4368@example.com,52,Male,2,Instagram
4369,8592573763,customer4369@example.com,41,Male,2,Referral
4370,8244608188,customer4370@example.com,57,Male,1,Instagram
4371,8262772460,customer4371@example.com,27,Female,1,Influencer
4372,9201662551,customer4372@example.com,41,Male,1,Instagram
4373,9871383649,customer4373@example.com,58,Male,1,Google Ads
4374,7503455421,customer4374@example.com,35,Female,1,Google Ads
4375,7604361789,customer4375@example.com,25,Male,2,Organic
4376,8043482023,customer4376@example.com,30,Male,1,Google Ads
4377,9100731927,customer4377@example.com,33,Male,2,Instagram
4378,8579425974,customer4378@example.com,31,Female,3,Instagram
4379,7422703855,customer4379@example.com,26,Male,2,Organic
4380,7966587716,customer4380@example.com,26,Male,3,Google Ads
4381,8097284668,customer4381@example.com,22,Female,1,Google Ads
4382,7137442463,customer4382@example.com,28,Female,3,Instagram
4383,8755532955,customer4383@example.com,36,Male,1,Influencer
4384,9198339729,customer4384@example.com,55,Male,2,Organic
4385,8661231895,customer4385@example.com,27,Male,3,Influencer
4386,9007596512,customer4386@example.com,33,Male,3,Instagram
4387,9737216021,customer4387@example.com,46,Female,3,Influencer
4388,7419428987,customer4388@example.com,22,Male,2,Referral
4389,7496121902,customer4389@example.com,35,Female,1,Organic
4390,7381808572,customer4390@example.com,59,Male,1,Instagram
4391,8786355114,customer4391@example.com,59,Male,3,Organic
4392,8049227220,customer4392@example.com,52,Female,2,Google Ads
4393,7799572512,customer4393@example.com,53,Female,1,Organic
4394,8383674174,customer4394@example.com,39,Female,2,Instagram
4395,7465260335,customer4395@example.com,41,Male,2,Organic
4396,8597063598,customer4396@example.com,29,Female,1,Google Ads
4397,9272518145,customer4397@example.com,56,Female,2,Organic
4398,9366669981,customer4398@example.com,29,Female,2,Organic
4399,7498126829,customer4399@example.com,52,Male,1,Google Ads
4400,8773578104,customer4400@example.com,36,Female,1,Google Ads
4401,8925035173,customer4401@example.com,54,Female,3,Google Ads
4402,9107906657,customer4402@example.com,31,Male,2,Organic
4403,9900056989,customer4403@example.com,40,Male,1,Organic
4404,7408458126,customer4404@example.com,57,Female,2,Google Ads
4405,9216781163,customer4405@example.com,39,Female,3,Google Ads
4406,7405970161,customer4406@example.com,28,Male,2,Organic
4407,9854697854,customer4407@example.com,19,Male,1,Google Ads
4408,9617302839,customer4408@example.com,27,Female,1,Referral
4409,8923221595,customer4409@example.com,22,Male,1,Organic
4410,9937575822,customer4410@example.com,47,Female,1,Organic
4411,9195664561,customer4411@example.com,38,Other,1,Instagram
4412,7960570054,customer4412@example.com,50,Female,3,Organic
4413,9299666538,customer4413@example.com,42,Female,1,Instagram
4414,7866748566,customer4414@example.com,24,Male,2,Google Ads
4415,9862556535,customer4415@example.com,57,Female,3,Google Ads
4416,9200472178,customer4416@example.com,45,Male,3,Google Ads
4417,7817167072,customer4417@example.com,33,Female,2,Influencer
4418,8069278107,customer4418@example.com,54,Male,2,Instagram
4419,7959028852,customer4419@example.com,20,Male,3,Instagram
4420,7750547165,customer4420@example.com,36,Other,2,Instagram
4421,7075246831,customer4421@example.com,29,Female,3,Influencer
4422,8267420901,customer4422@example.com,36,Male,2,Instagram
4423,9426112014,customer4423@example.com,28,Male,1,Referral
4424,7295173247,customer4424@example.com,20,Female,1,Referral
4425,7803558049,customer4425@example.com,19,Female,3,Referral
4426,8058399826,customer4426@example.com,43,Female,3,Referral
4427,7490675086,customer4427@example.com,39,Female,2,Instagram
4428,9532308112,customer4428@example.com,34,Male,1,Organic
4429,8092384502,customer4429@example.com,51,Male,1,Google Ads
4430,9669080618,customer4430@example.com,32,Female,3,Organic
4431,9883512506,customer4431@example.com,29,Female,1,Google Ads
4432,8174672583,customer4432@example.com,33,Female,2,Google Ads
4433,7960689732,customer4433@example.com,33,Male,3,Referral
4434,9607065975,customer4434@example.com,56,Female,1,Google Ads
4435,9483659541,customer4435@example.com,23,Female,2,Organic
4436,9308873403,customer4436@example.com,25,Female,2,Organic
4437,9341117151,customer4437@example.com,42,Female,1,Organic
4438,8701458576,customer4438@example.com,36,Male,2,Google Ads
4439,8013073667,customer4439@example.com,36,Male,2,Instagram
4440,9886849325,customer4440@example.com,29,Female,1,Influencer
4441,7983122183,customer4441@example.com,26,Male,1,Instagram
4442,9295779546,customer4442@example.com,58,Male,3,Instagram
4443,7291785356,customer4443@example.com,46,Male,3,Instagram
4444,9725959635,customer4444@example.com,44,Female,2,Referral
4445,7172875917,customer4445@example.com,22,Male,1,Instagram
4446,9505450364,customer4446@example.com,43,Male,3,Instagram
4447,7517935287,customer4447@example.com,47,Male,1,Instagram
4448,9589818718,customer4448@example.com,31,Male,3,Instagram
4449,9482304665,customer4449@example.com,50,Female,1,Organic
4450,7579833749,customer4450@example.com,52,Female,2,Referral
4451,8858303865,customer4451@example.com,28,Female,2,Google Ads
4452,7130213386,customer4452@example.com,21,Male,1,Instagram
4453,8267678095,customer4453@example.com,50,Female,1,Influencer
4454,9301930508,customer4454@example.com,23,Female,2,Google Ads
4455,7920556693,customer4455@example.com,45,Male,3,Instagram
4456,7425688436,customer4456@example.com,27,Male,3,Organic
4457,7238496184,customer4457@example.com,53,Female,3,Instagram
4458,8437314232,customer4458@example.com,43,Female,2,Instagram
4459,8651745762,customer4459@example.com,47,Male,1,Organic
4460,9127373659,customer4460@example.com,39,Male,3,Instagram
4461,8075141969,customer4461@example.com,22,Male,2,Instagram
4462,8565902910,customer4462@example.com,19,Female,2,Google Ads
4463,9030105374,customer4463@example.com,50,Female,1,Google Ads
4464,7947955259,customer4464@example.com,33,Female,1,Referral
4465,7612598877,customer4465@example.com,24,Female,2,Organic
4466,9889845403,customer4466@example.com,38,Female,2,Instagram
4467,7002606990,customer4467@example.com,52,Male,1,Instagram
4468,8845822462,customer4468@example.com,39,Male,3,Organic
4469,9318981407,customer4469@example.com,39,Male,2,Organic
4470,9599119468,customer4470@example.com,23,Female,3,Google Ads
4471,9851501249,customer4471@example.com,50,Female,1,Influencer
4472,7094432660,customer4472@example.com,56,Female,2,Referral
4473,9622553422,customer4473@example.com,42,Male,1,Organic
4474,9840895869,customer4474@example.com,35,Female,1,Organic
4475,9964693519,customer4475@example.com,58,Female,2,Organic
4476,7219164529,customer4476@example.com,52,Other,1,Organic
4477,8443937511,customer4477@example.com,41,Male,2,Instagram
4478,9150203085,customer4478@example.com,57,Male,3,Google Ads
4479,8715367507,customer4479@example.com,57,Male,1,Google Ads
4480,7081957414,customer4480@example.com,40,Female,2,Referral
4481,7077157976,customer4481@example.com,50,Female,1,Instagram
4482,7230899196,customer4482@example.com,46,Male,2,Referral
4483,7739049956,customer4483@example.com,27,Female,2,Organic
4484,8034463967,customer4484@example.com,32,Female,3,Instagram
4485,9109900838,customer4485@example.com,27,Male,2,Influencer
4486,7661149066,customer4486@example.com,43,Male,3,Instagram
4487,7767227893,customer4487@example.com,57,Male,1,Google Ads
4488,8701999811,customer4488@example.com,46,Female,1,Organic
4489,8744577892,customer4489@example.com,51,Male,3,Influencer
4490,7820462805,customer4490@example.com,35,Male,2,Instagram
4491,9572494762,customer4491@example.com,19,Female,3,Referral
4492,9697440755,customer4492@example.com,42,Female,1,Instagram
4493,7442218724,customer4493@example.com,38,Male,2,Google Ads
4494,8947564073,customer4494@example.com,48,Male,1,Instagram
4495,7402110572,customer4495@example.com,39,Female,3,Instagram
4496,7091252806,customer4496@example.com,26,Female,3,Referral
4497,8978740076,customer4497@example.com,44,Female,3,Referral
4498,7492835383,customer4498@example.com,42,Female,2,Organic
4499,7727240512,customer4499@example.com,42,Female,2,Referral
4500,7054917825,customer4500@example.com,44,Male,2,Google Ads
4501,8595749972,customer4501@example.com,27,Female,2,Organic
4502,9603465511,customer4502@example.com,47,Female,2,Instagram
4503,9197608783,customer4503@example.com,21,Male,2,Google Ads
4504,8448795990,customer4504@example.com,38,Male,2,Google Ads
4505,9683347437,customer4505@example.com,47,Male,3,Organic
4506,7470260450,customer4506@example.com,50,Female,3,Google Ads
4507,9688230346,customer4507@example.com,43,Male,3,Referral
4508,7476016218,customer4508@example.com,19,Female,1,Organic
4509,9977298716,customer4509@example.com,40,Male,1,Google Ads
4510,8768660140,customer4510@example.com,48,Male,2,Google Ads
4511,9964478909,customer4511@example.com,21,Female,2,Organic
4512,9318802971,customer4512@example.com,37,Female,3,Organic
4513,9114866114,customer4513@example.com,42,Female,3,Organic
4514,8668208074,customer4514@example.com,18,Male,3,Organic
4515,9768189440,customer4515@example.com,19,Male,2,Google Ads
4516,8599992922,customer4516@example.com,23,Male,2,Influencer
4517,7387577080,customer4517@example.com,24,Female,2,Instagram
4518,9186902043,customer4518@example.com,21,Female,3,Organic
4519,8783232501,customer4519@example.com,35,Male,2,Google Ads
4520,8723020940,customer4520@example.com,58,Male,2,Influencer
4521,9867897266,customer4521@example.com,22,Female,2,Organic
4522,7673516843,customer4522@example.com,42,Female,2,Influencer
4523,8161181922,customer4523@example.com,18,Male,3,Referral
4524,9192824600,customer4524@example.com,51,Female,1,Instagram
4525,7910093920,customer4525@example.com,20,Female,2,Organic
4526,8202372288,customer4526@example.com,34,Male,3,Influencer
4527,8593948066,customer4527@example.com,49,Female,2,Influencer
4528,7900863842,customer4528@example.com,41,Female,3,Instagram
4529,7183608895,customer4529@example.com,19,Female,3,Google Ads
4530,9554039043,customer4530@example.com,18,Female,2,Instagram
4531,9707708850,customer4531@example.com,51,Other,1,Influencer
4532,8668077650,customer4532@example.com,25,Female,3,Instagram
4533,7974344923,customer4533@example.com,26,Female,1,Instagram
4534,7374591877,customer4534@example.com,45,Female,2,Google Ads
4535,7944218573,customer4535@example.com,36,Female,3,Instagram
4536,8494931533,customer4536@example.com,37,Male,2,Referral
4537,7927584583,customer4537@example.com,24,Male,1,Instagram
4538,7969955539,customer4538@example.com,59,Male,3,Google Ads
4539,8561862996,customer4539@example.com,52,Female,3,Instagram
4540,9994856313,customer4540@example.com,36,Female,2,Referral
4541,9826324193,customer4541@example.com,34,Male,3,Google Ads
4542,8619542496,customer4542@example.com,57,Female,2,Instagram
4543,7276349318,customer4543@example.com,35,Male,2,Instagram
4544,8073826296,customer4544@example.com,24,Female,1,Organic
4545,9127627811,customer4545@example.com,44,Male,2,Referral
4546,9674194281,customer4546@example.com,56,Female,2,Referral
4547,8810955319,customer4547@example.com,47,Female,2,Referral
4548,8253484971,customer4548@example.com,40,Male,2,Google Ads
4549,9554541402,customer4549@example.com,37,Female,3,Referral
4550,8637261725,customer4550@example.com,40,Male,2,Google Ads
4551,9163512230,customer4551@example.com,43,Male,3,Google Ads
4552,8553749369,customer4552@example.com,31,Female,1,Google Ads
4553,8971051741,customer4553@example.com,48,Male,3,Instagram
4554,8415715508,customer4554@example.com,44,Female,1,Instagram
4555,9736379112,customer4555@example.com,26,Male,2,Influencer
4556,8354996539,customer4556@example.com,40,Male,2,Influencer
4557,9860736120,customer4557@example.com,27,Female,2,Instagram
4558,9141555229,customer4558@example.com,40,Female,3,Google Ads
4559,8635728825,customer4559@example.com,27,Male,2,Influencer
4560,8437988442,customer4560@example.com,19,Male,1,Instagram
4561,9802664537,customer4561@example.com,54,Female,2,Influencer
4562,9395495229,customer4562@example.com,57,Male,2,Influencer
4563,7600053503,customer4563@example.com,55,Female,2,Influencer
4564,9310753148,customer4564@example.com,55,Female,3,Influencer
4565,7634745957,customer4565@example.com,18,Male,2,Influencer
4566,7403216679,customer4566@example.com,35,Female,2,Referral
4567,7405579185,customer4567@example.com,52,Female,1,Influencer
4568,8087907645,customer4568@example.com,24,Female,1,Organic
4569,8388908213,customer4569@example.com,59,Female,2,Instagram
4570,9383453012,customer4570@example.com,39,Other,3,Organic
4571,7349920773,customer4571@example.com,42,Female,2,Referral
4572,8632650812,customer4572@example.com,59,Female,2,Referral
4573,8422739141,customer4573@example.com,40,Male,2,Organic
4574,8972122022,customer4574@example.com,26,Male,3,Organic
4575,8378005040,customer4575@example.com,44,Female,2,Referral
4576,8745378806,customer4576@example.com,28,Male,3,Instagram
4577,7397600019,customer4577@example.com,44,Male,2,Instagram
4578,7184069123,customer4578@example.com,57,Other,1,Instagram
4579,7228370504,customer4579@example.com,45,Female,1,Referral
4580,7608851183,customer4580@example.com,35,Female,2,Instagram
4581,9591312174,customer4581@example.com,53,Male,1,Instagram
4582,7477646022,customer4582@example.com,51,Female,2,Instagram
4583,8152326346,customer4583@example.com,30,Male,1,Google Ads
4584,7358540744,customer4584@example.com,47,Male,2,Organic
4585,9291084936,customer4585@example.com,45,Male,2,Google Ads
4586,8318737813,customer4586@example.com,39,Male,1,Instagram
4587,7564996372,customer4587@example.com,41,Female,2,Organic
4588,7245291495,customer4588@example.com,47,Male,2,Organic
4589,7262193267,customer4589@example.com,55,Male,3,Google Ads
4590,8250410693,customer4590@example.com,37,Male,1,Referral
4591,8417926090,customer4591@example.com,23,Female,2,Google Ads
4592,9608877334,customer4592@example.com,50,Female,3,Organic
4593,8823946485,customer4593@example.com,55,Female,2,Instagram
4594,8255906200,customer4594@example.com,32,Female,3,Google Ads
4595,7499113967,customer4595@example.com,32,Female,1,Instagram
4596,8968638829,customer4596@example.com,49,Male,2,Google Ads
4597,7701775771,customer4597@example.com,31,Male,1,Google Ads
4598,7262151113,customer4598@example.com,59,Female,1,Instagram
4599,8654317179,customer4599@example.com,25,Female,2,Influencer
4600,9340170219,customer4600@example.com,53,Male,2,Google Ads
4601,9433333513,customer4601@example.com,39,Female,1,Influencer
4602,8660986515,customer4602@example.com,55,Female,2,Organic
4603,9480428052,customer4603@example.com,37,Female,3,Instagram
4604,7021972695,customer4604@example.com,41,Male,2,Organic
4605,7669033494,customer4605@example.com,38,Female,1,Instagram
4606,8730402794,customer4606@example.com,45,Female,1,Influencer
4607,9605753775,customer4607@example.com,40,Male,2,Referral
4608,9753587646,customer4608@example.com,41,Female,2,Organic
4609,7074667655,customer4609@example.com,56,Male,3,Referral
4610,8443624274,customer4610@example.com,40,Male,3,Instagram
4611,9950384035,customer4611@example.com,21,Female,3,Google Ads
4612,8667451912,customer4612@example.com,21,Female,2,Google Ads
4613,9355202389,customer4613@example.com,47,Female,1,Instagram
4614,7736812071,customer4614@example.com,45,Female,1,Organic
4615,7662127871,customer4615@example.com,48,Female,2,Google Ads
4616,8851845010,customer4616@example.com,50,Female,3,Google Ads
4617,7310233217,customer4617@example.com,36,Female,1,Organic
4618,9914682080,customer4618@example.com,27,Male,2,Instagram
4619,7716255374,customer4619@example.com,42,Female,2,Influencer
4620,8643525552,customer4620@example.com,54,Female,1,Google Ads
4621,8731673574,customer4621@example.com,30,Other,2,Instagram
4622,8855168444,customer4622@example.com,23,Female,2,Instagram
4623,9049728853,customer4623@example.com,47,Male,1,Instagram
4624,9309444009,customer4624@example.com,40,Female,2,Instagram
4625,9107357453,customer4625@example.com,53,Female,1,Instagram
4626,9552357632,customer4626@example.com,33,Male,1,Referral
4627,9757889890,customer4627@example.com,25,Male,1,Google Ads
4628,7283910434,customer4628@example.com,33,Female,2,Organic
4629,9475287837,customer4629@example.com,28,Male,3,Instagram
4630,9246002307,customer4630@example.com,18,Female,2,Instagram
4631,7145550227,customer4631@example.com,39,Male,2,Google Ads
4632,9510304791,customer4632@example.com,35,Female,2,Organic
4633,8775716738,customer4633@example.com,53,Male,2,Organic
4634,9523309003,customer4634@example.com,28,Male,1,Instagram
4635,9051065098,customer4635@example.com,37,Male,1,Organic
4636,8516268404,customer4636@example.com,27,Female,3,Instagram
4637,8772377653,customer4637@example.com,27,Female,2,Google Ads
4638,8981102232,customer4638@example.com,54,Female,3,Referral
4639,8958757795,customer4639@example.com,39,Female,3,Instagram
4640,9143513702,customer4640@example.com,28,Female,2,Influencer
4641,8311552721,customer4641@example.com,52,Female,1,Organic
4642,8460117953,customer4642@example.com,26,Male,2,Google Ads
4643,7342336602,customer4643@example.com,32,Male,2,Referral
4644,8855398275,customer4644@example.com,36,Male,3,Google Ads
4645,8120235962,customer4645@example.com,54,Male,3,Google Ads
4646,7630079630,customer4646@example.com,23,Male,3,Instagram
4647,7596557516,customer4647@example.com,53,Male,2,Google Ads
4648,9932794334,customer4648@example.com,22,Female,1,Instagram
4649,7323941648,customer4649@example.com,20,Female,3,Organic
4650,9508480124,customer4650@example.com,27,Other,1,Instagram
4651,7540353347,customer4651@example.com,30,Female,1,Google Ads
4652,7467551940,customer4652@example.com,21,Other,3,Instagram
4653,9861598429,customer4653@example.com,57,Male,1,Instagram
4654,7320967178,customer4654@example.com,50,Female,3,Influencer
4655,9603657595,customer4655@example.com,51,Male,1,Organic
4656,7956486085,customer4656@example.com,53,Other,3,Organic
4657,8781144991,customer4657@example.com,50,Male,2,Google Ads
4658,7938304150,customer4658@example.com,38,Male,2,Organic
4659,9663824479,customer4659@example.com,56,Male,3,Instagram
4660,7930402509,customer4660@example.com,22,Male,3,Google Ads
4661,9261561499,customer4661@example.com,30,Female,1,Organic
4662,9020234338,customer4662@example.com,57,Female,2,Organic
4663,8884415194,customer4663@example.com,34,Female,3,Instagram
4664,8434691036,customer4664@example.com,27,Female,2,Organic
4665,9035506450,customer4665@example.com,27,Female,2,Referral
4666,7632384476,customer4666@example.com,19,Male,2,Google Ads
4667,9201200771,customer4667@example.com,55,Female,2,Google Ads
4668,9714083910,customer4668@example.com,38,Male,1,Instagram
4669,7573005141,customer4669@example.com,18,Male,1,Google Ads
4670,7814309829,customer4670@example.com,47,Female,1,Google Ads
4671,7738417315,customer4671@example.com,35,Female,3,Referral
4672,7078681063,customer4672@example.com,52,Male,3,Instagram
4673,9972669839,customer4673@example.com,56,Female,3,Instagram
4674,9069508979,customer4674@example.com,39,Male,2,Referral
4675,8347159174,customer4675@example.com,20,Female,2,Organic
4676,9921370920,customer4676@example.com,23,Female,2,Organic
4677,7196087090,customer4677@example.com,53,Female,2,Influencer
4678,8115036892,customer4678@example.com,33,Male,3,Instagram
4679,7344149064,customer4679@example.com,20,Female,3,Google Ads
4680,9582071193,customer4680@example.com,53,Male,1,Instagram
4681,8402752654,customer4681@example.com,28,Male,3,Organic
4682,7772798927,customer4682@example.com,34,Male,1,Referral
4683,8767025665,customer4683@example.com,36,Male,2,Instagram
4684,8348014467,customer4684@example.com,25,Male,1,Instagram
4685,9955447452,customer4685@example.com,31,Male,3,Referral
4686,7482763479,customer4686@example.com,43,Male,1,Instagram
4687,8699177813,customer4687@example.com,42,Female,2,Instagram
4688,8132646135,customer4688@example.com,27,Male,1,Instagram
4689,7416186254,customer4689@example.com,49,Male,3,Organic
4690,8821130824,customer4690@example.com,32,Female,1,Organic
4691,8172461279,customer4691@example.com,21,Female,1,Organic
4692,8729618788,customer4692@example.com,45,Male,2,Organic
4693,7634649744,customer4693@example.com,21,Male,2,Influencer
4694,7436193297,customer4694@example.com,30,Male,3,Organic
4695,7623396737,customer4695@example.com,29,Female,1,Google Ads
4696,7086379179,customer4696@example.com,32,Male,2,Organic
4697,9566113535,customer4697@example.com,46,Male,1,Organic
4698,8458557449,customer4698@example.com,40,Male,1,Google Ads
4699,7050798581,customer4699@example.com,30,Male,3,Influencer
4700,8832007101,customer4700@example.com,55,Male,3,Organic
4701,8238644505,customer4701@example.com,52,Male,2,Instagram
4702,9549899489,customer4702@example.com,57,Female,1,Instagram
4703,7628963858,customer4703@example.com,29,Female,1,Google Ads
4704,7391893166,customer4704@example.com,47,Female,1,Google Ads
4705,8447503044,customer4705@example.com,22,Female,1,Instagram
4706,7387924547,customer4706@example.com,19,Female,2,Influencer
4707,8479924352,customer4707@example.com,59,Male,2,Instagram
4708,8933451973,customer4708@example.com,47,Male,1,Google Ads
4709,9669160147,customer4709@example.com,52,Male,2,Instagram
4710,9629842630,customer4710@example.com,27,Male,2,Google Ads
4711,9473678845,customer4711@example.com,26,Other,1,Google Ads
4712,8691805561,customer4712@example.com,34,Female,3,Organic
4713,7558746646,customer4713@example.com,55,Male,2,Organic
4714,9265511608,customer4714@example.com,47,Male,2,Influencer
4715,7252896034,customer4715@example.com,58,Female,1,Google Ads
4716,9664044357,customer4716@example.com,52,Female,2,Influencer
4717,9947427322,customer4717@example.com,24,Male,2,Organic
4718,8579400251,customer4718@example.com,29,Male,3,Organic
4719,9061710911,customer4719@example.com,59,Male,2,Organic
4720,9602465706,customer4720@example.com,51,Female,3,Organic
4721,8865839559,customer4721@example.com,20,Male,2,Google Ads
4722,7260777835,customer4722@example.com,50,Female,1,Instagram
4723,9615734725,customer4723@example.com,57,Female,3,Google Ads
4724,8035205276,customer4724@example.com,30,Female,1,Instagram
4725,9676497779,customer4725@example.com,28,Male,2,Organic
4726,8517908859,customer4726@example.com,57,Female,3,Instagram
4727,7553000460,customer4727@example.com,37,Female,3,Referral
4728,7051168716,customer4728@example.com,48,Male,2,Instagram
4729,8493933866,customer4729@example.com,50,Male,1,Instagram
4730,8387935304,customer4730@example.com,51,Other,2,Influencer
4731,8920117323,customer4731@example.com,26,Male,2,Google Ads
4732,7900468642,customer4732@example.com,24,Female,3,Google Ads
4733,9763027183,customer4733@example.com,26,Female,3,Influencer
4734,7696763649,customer4734@example.com,59,Male,3,Organic
4735,8629661768,customer4735@example.com,43,Female,3,Google Ads
4736,8380496368,customer4736@example.com,19,Male,2,Google Ads
4737,7441473173,customer4737@example.com,22,Male,2,Instagram
4738,8464936393,customer4738@example.com,19,Female,2,Organic
4739,7147318529,customer4739@example.com,27,Female,1,Google Ads
4740,8458480930,customer4740@example.com,48,Female,2,Instagram
4741,9119409250,customer4741@example.com,50,Female,2,Instagram
4742,9028152566,customer4742@example.com,23,Male,1,Influencer
4743,8123740801,customer4743@example.com,31,Female,3,Organic
4744,7625740921,customer4744@example.com,31,Male,1,Referral
4745,9546154546,customer4745@example.com,32,Male,2,Google Ads
4746,7460858016,customer4746@example.com,50,Female,2,Referral
4747,8390435625,customer4747@example.com,48,Male,1,Google Ads
4748,7193986153,customer4748@example.com,34,Male,3,Google Ads
4749,9770796024,customer4749@example.com,32,Female,2,Instagram
4750,7220784008,customer4750@example.com,37,Female,3,Instagram
4751,7082234559,customer4751@example.com,38,Male,1,Referral
4752,8808365811,customer4752@example.com,46,Female,2,Referral
4753,8684677396,customer4753@example.com,26,Male,2,Google Ads
4754,8034965325,customer4754@example.com,46,Female,1,Instagram
4755,9942318692,customer4755@example.com,51,Male,2,Referral
4756,9770442103,customer4756@example.com,26,Male,2,Organic
4757,8914910999,customer4757@example.com,47,Female,2,Instagram
4758,8981932071,customer4758@example.com,34,Male,2,Instagram
4759,9705320906,customer4759@example.com,21,Male,3,Instagram
4760,9521927664,customer4760@example.com,57,Female,2,Organic
4761,9920053699,customer4761@example.com,49,Other,3,Google Ads
4762,9905601885,customer4762@example.com,49,Female,2,Instagram
4763,8364231526,customer4763@example.com,24,Female,1,Google Ads
4764,9370822490,customer4764@example.com,55,Male,1,Referral
4765,8231593026,customer4765@example.com,49,Female,1,Organic
4766,7255019511,customer4766@example.com,22,Female,2,Influencer
4767,7375732661,customer4767@example.com,59,Male,2,Influencer
4768,9072567564,customer4768@example.com,20,Female,1,Referral
4769,7216772185,customer4769@example.com,37,Female,2,Instagram
4770,7924018992,customer4770@example.com,34,Female,2,Instagram
4771,7797471137,customer4771@example.com,33,Female,2,Google Ads
4772,9137271057,customer4772@example.com,28,Female,2,Organic
4773,9897106625,customer4773@example.com,30,Female,2,Organic
4774,7680242795,customer4774@example.com,35,Male,2,Instagram
4775,8109489802,customer4775@example.com,31,Other,3,Instagram
4776,7543134190,customer4776@example.com,51,Female,2,Google Ads
4777,9667950712,customer4777@example.com,29,Male,3,Instagram
4778,9734869600,customer4778@example.com,39,Male,2,Referral
4779,9790913866,customer4779@example.com,38,Male,2,Referral
4780,7964047661,customer4780@example.com,43,Female,3,Instagram
4781,8037016457,customer4781@example.com,59,Female,3,Organic
4782,9870348552,customer4782@example.com,56,Male,2,Instagram
4783,9116490408,customer4783@example.com,19,Male,2,Organic
4784,7730740148,customer4784@example.com,33,Female,1,Organic
4785,8979781694,customer4785@example.com,51,Female,1,Instagram
4786,7297134432,customer4786@example.com,28,Male,2,Organic
4787,9249503995,customer4787@example.com,36,Female,3,Influencer
4788,8194822823,customer4788@example.com,47,Female,3,Instagram
4789,8834178932,customer4789@example.com,24,Male,3,Instagram
4790,9360194852,customer4790@example.com,44,Male,2,Organic
4791,8262929688,customer4791@example.com,39,Female,1,Google Ads
4792,8270713658,customer4792@example.com,34,Female,2,Influencer
4793,7713063717,customer4793@example.com,32,Male,2,Google Ads
4794,9170140446,customer4794@example.com,26,Other,2,Google Ads
4795,9115927293,customer4795@example.com,29,Female,2,Organic
4796,9600854116,customer4796@example.com,25,Female,2,Instagram
4797,9572249375,customer4797@example.com,19,Male,3,Instagram
4798,9761855180,customer4798@example.com,33,Female,3,Google Ads
4799,8571299604,customer4799@example.com,20,Male,3,Instagram
4800,7596996260,customer4800@example.com,48,Female,3,Referral
4801,9366307313,customer4801@example.com,43,Female,3,Organic
4802,7774162584,customer4802@example.com,58,Female,2,Organic
4803,7838030877,customer4803@example.com,19,Female,2,Instagram
4804,8682654832,customer4804@example.com,47,Female,2,Google Ads
4805,9210275174,customer4805@example.com,30,Female,2,Instagram
4806,8300389950,customer4806@example.com,54,Male,3,Instagram
4807,9781560442,customer4807@example.com,31,Male,2,Organic
4808,8105611442,customer4808@example.com,18,Female,1,Instagram
4809,7202810847,customer4809@example.com,49,Male,2,Referral
4810,9374555199,customer4810@example.com,23,Male,1,Referral
4811,7862137891,customer4811@example.com,39,Female,1,Instagram
4812,7572834643,customer4812@example.com,28,Female,3,Organic
4813,8342816376,customer4813@example.com,40,Female,1,Instagram
4814,9731685651,customer4814@example.com,31,Female,1,Organic
4815,7842338415,customer4815@example.com,31,Other,1,Instagram
4816,8674773689,customer4816@example.com,37,Female,2,Referral
4817,9383031575,customer4817@example.com,24,Female,2,Influencer
4818,9856471175,customer4818@example.com,36,Male,2,Organic
4819,7157585289,customer4819@example.com,43,Male,1,Instagram
4820,9453294215,customer4820@example.com,39,Female,2,Organic
4821,7725802178,customer4821@example.com,23,Male,2,Google Ads
4822,9952979616,customer4822@example.com,30,Female,1,Organic
4823,8074826705,customer4823@example.com,27,Other,3,Organic
4824,7175236891,customer4824@example.com,36,Male,2,Google Ads
4825,7851737666,customer4825@example.com,48,Male,3,Instagram
4826,9171296663,customer4826@example.com,27,Female,3,Google Ads
4827,9467258943,customer4827@example.com,54,Male,2,Google Ads
4828,7832640708,customer4828@example.com,30,Female,3,Google Ads
4829,9039380983,customer4829@example.com,34,Male,1,Influencer
4830,8686155235,customer4830@example.com,22,Female,1,Google Ads
4831,9509781351,customer4831@example.com,38,Male,2,Google Ads
4832,8657690994,customer4832@example.com,56,Male,1,Instagram
4833,8563802911,customer4833@example.com,37,Male,2,Organic
4834,8029457308,customer4834@example.com,24,Male,1,Instagram
4835,8273223361,customer4835@example.com,32,Female,2,Instagram
4836,8710735026,customer4836@example.com,32,Male,3,Organic
4837,9671635380,customer4837@example.com,40,Female,1,Referral
4838,8044762732,customer4838@example.com,50,Male,2,Google Ads
4839,9186482578,customer4839@example.com,19,Female,3,Google Ads
4840,8307925352,customer4840@example.com,49,Female,2,Instagram
4841,7614242871,customer4841@example.com,32,Male,1,Organic
4842,8779294195,customer4842@example.com,24,Female,2,Instagram
4843,7132077050,customer4843@example.com,26,Female,1,Organic
4844,8802801367,customer4844@example.com,45,Female,2,Instagram
4845,8004702502,customer4845@example.com,39,Other,3,Instagram
4846,8038429658,customer4846@example.com,20,Female,2,Google Ads
4847,7338191864,customer4847@example.com,59,Male,3,Referral
4848,7489487544,customer4848@example.com,19,Female,3,Instagram
4849,8404258207,customer4849@example.com,39,Female,1,Instagram
4850,9893942723,customer4850@example.com,42,Male,2,Instagram
4851,8961037092,customer4851@example.com,42,Male,3,Organic
4852,7332267937,customer4852@example.com,49,Female,2,Google Ads
4853,8750664582,customer4853@example.com,24,Female,3,Instagram
4854,7389184278,customer4854@example.com,48,Female,2,Google Ads
4855,7048107512,customer4855@example.com,54,Female,3,Google Ads
4856,7401066949,customer4856@example.com,21,Female,1,Google Ads
4857,8521981087,customer4857@example.com,50,Female,3,Instagram
4858,7768270057,customer4858@example.com,32,Female,2,Google Ads
4859,7790088609,customer4859@example.com,26,Female,2,Google Ads
4860,8177412429,customer4860@example.com,23,Male,2,Referral
4861,7054289761,customer4861@example.com,48,Male,2,Google Ads
4862,8944552300,customer4862@example.com,51,Other,2,Instagram
4863,7436639193,customer4863@example.com,55,Female,1,Referral
4864,9714695813,customer4864@example.com,30,Female,3,Referral
4865,9674438932,customer4865@example.com,53,Male,2,Instagram
4866,7868329739,customer4866@example.com,49,Female,1,Influencer
4867,9231362097,customer4867@example.com,39,Female,2,Influencer
4868,8527508885,customer4868@example.com,46,Male,3,Google Ads
4869,9537866119,customer4869@example.com,28,Male,1,Instagram
4870,7138413647,customer4870@example.com,23,Male,1,Organic
4871,7043269057,customer4871@example.com,22,Male,2,Instagram
4872,8150554647,customer4872@example.com,18,Female,3,Organic
4873,7154916354,customer4873@example.com,56,Female,2,Google Ads
4874,8316425799,customer4874@example.com,27,Female,2,Organic
4875,9193269773,customer4875@example.com,27,Female,3,Organic
4876,9915272188,customer4876@example.com,41,Female,1,Influencer
4877,8821317901,customer4877@example.com,24,Female,3,Referral
4878,8589442759,customer4878@example.com,39,Female,1,Organic
4879,7143983704,customer4879@example.com,38,Male,1,Instagram
4880,9825955362,customer4880@example.com,39,Female,1,Instagram
4881,8594210704,customer4881@example.com,50,Male,3,Google Ads
4882,9408485661,customer4882@example.com,42,Female,2,Influencer
4883,8413254016,customer4883@example.com,48,Male,2,Google Ads
4884,9803244991,customer4884@example.com,33,Female,2,Organic
4885,7430007289,customer4885@example.com,32,Female,2,Instagram
4886,9188333045,customer4886@example.com,46,Male,2,Google Ads
4887,9372867681,customer4887@example.com,36,Male,3,Instagram
4888,9317175658,customer4888@example.com,34,Female,1,Referral
4889,9308970959,customer4889@example.com,43,Female,2,Organic
4890,9312846172,customer4890@example.com,53,Male,2,Instagram
4891,7078706637,customer4891@example.com,53,Male,2,Google Ads
4892,8434139767,customer4892@example.com,52,Male,3,Instagram
4893,9666120195,customer4893@example.com,57,Male,1,Organic
4894,7107862039,customer4894@example.com,40,Female,3,Instagram
4895,9221924300,customer4895@example.com,26,Female,3,Influencer
4896,9098889339,customer4896@example.com,51,Male,3,Instagram
4897,8629235024,customer4897@example.com,35,Female,1,Organic
4898,9378787906,customer4898@example.com,33,Male,3,Organic
4899,7809091477,customer4899@example.com,49,Male,3,Google Ads
4900,7936688274,customer4900@example.com,45,Male,2,Instagram
4901,8475990384,customer4901@example.com,49,Male,1,Google Ads
4902,9390872803,customer4902@example.com,35,Male,2,Google Ads
4903,7433840658,customer4903@example.com,51,Male,3,Referral
4904,9395963800,customer4904@example.com,46,Female,2,Google Ads
4905,9284045362,customer4905@example.com,38,Male,2,Instagram
4906,9456914662,customer4906@example.com,18,Male,1,Instagram
4907,8703238737,customer4907@example.com,33,Female,1,Instagram
4908,9079155241,customer4908@example.com,50,Female,2,Google Ads
4909,7774673146,customer4909@example.com,38,Female,3,Instagram
4910,9333889776,customer4910@example.com,52,Male,1,Instagram
4911,7073002290,customer4911@example.com,44,Male,3,Instagram
4912,9733588709,customer4912@example.com,37,Male,2,Google Ads
4913,7912449711,customer4913@example.com,48,Female,3,Organic
4914,7708142477,customer4914@example.com,33,Female,2,Organic
4915,9586107078,customer4915@example.com,31,Male,1,Instagram
4916,9064731667,customer4916@example.com,49,Female,3,Instagram
4917,7852429846,customer4917@example.com,58,Male,3,Referral
4918,8966933238,customer4918@example.com,49,Female,1,Instagram
4919,9453066539,customer4919@example.com,19,Male,2,Instagram
4920,8770871839,customer4920@example.com,39,Male,2,Google Ads
4921,9519318842,customer4921@example.com,54,Female,3,Instagram
4922,9207231721,customer4922@example.com,34,Male,1,Instagram
4923,9091130054,customer4923@example.com,49,Male,2,Organic
4924,9057422188,customer4924@example.com,55,Other,2,Instagram
4925,8600312102,customer4925@example.com,34,Female,1,Google Ads
4926,9698987507,customer4926@example.com,51,Female,1,Organic
4927,7789525767,customer4927@example.com,24,Male,2,Instagram
4928,7274632583,customer4928@example.com,46,Female,2,Instagram
4929,8825485134,customer4929@example.com,34,Male,2,Google Ads
4930,9808900351,customer4930@example.com,41,Male,3,Influencer
4931,7037540269,customer4931@example.com,25,Male,2,Google Ads
4932,8245825188,customer4932@example.com,40,Female,1,Google Ads
4933,9683900192,customer4933@example.com,50,Female,2,Instagram
4934,7137231076,customer4934@example.com,46,Female,1,Organic
4935,7917926028,customer4935@example.com,36,Female,3,Instagram
4936,8305090121,customer4936@example.com,22,Male,1,Organic
4937,9750508200,customer4937@example.com,54,Female,1,Google Ads
4938,9150636333,customer4938@example.com,40,Female,2,Instagram
4939,7997179066,customer4939@example.com,43,Female,3,Google Ads
4940,7534019617,customer4940@example.com,41,Male,1,Organic
4941,7697306068,customer4941@example.com,38,Female,2,Organic
4942,9410737122,customer4942@example.com,50,Female,3,Organic
4943,8388468015,customer4943@example.com,43,Male,2,Organic
4944,8264970895,customer4944@example.com,27,Male,2,Instagram
4945,9473840784,customer4945@example.com,59,Male,3,Referral
4946,8458412928,customer4946@example.com,46,Female,2,Instagram
4947,7754918974,customer4947@example.com,52,Male,1,Instagram
4948,8580348442,customer4948@example.com,45,Male,1,Instagram
4949,8767379303,customer4949@example.com,29,Other,2,Referral
4950,8497959423,customer4950@example.com,24,Female,1,Instagram
4951,7555177531,customer4951@example.com,33,Female,2,Organic
4952,9559213742,customer4952@example.com,37,Female,2,Instagram
4953,7487963182,customer4953@example.com,46,Female,2,Organic
4954,9562222264,customer4954@example.com,52,Female,1,Instagram
4955,9357121614,customer4955@example.com,45,Female,3,Organic
4956,9987720163,customer4956@example.com,24,Female,3,Instagram
4957,8940185648,customer4957@example.com,39,Male,1,Google Ads
4958,8945984344,customer4958@example.com,31,Male,2,Google Ads
4959,9404403736,customer4959@example.com,53,Female,3,Instagram
4960,9548749686,customer4960@example.com,27,Female,1,Instagram
4961,8294887566,customer4961@example.com,19,Female,2,Instagram
4962,7075699167,customer4962@example.com,39,Female,2,Google Ads
4963,9405248675,customer4963@example.com,33,Male,3,Instagram
4964,7820937568,customer4964@example.com,52,Male,2,Referral
4965,8163671670,customer4965@example.com,57,Female,2,Influencer
4966,9948151254,customer4966@example.com,28,Other,1,Instagram
4967,7362968140,customer4967@example.com,50,Female,2,Instagram
4968,7614003667,customer4968@example.com,51,Male,1,Referral
4969,7831992875,customer4969@example.com,50,Male,1,Instagram
4970,8297133876,customer4970@example.com,36,Male,2,Google Ads
4971,8360778809,customer4971@example.com,37,Male,2,Organic
4972,7605412713,customer4972@example.com,27,Male,3,Google Ads
4973,7267352676,customer4973@example.com,36,Other,2,Referral
4974,8398975196,customer4974@example.com,29,Female,1,Organic
4975,7888850546,customer4975@example.com,27,Female,3,Organic
4976,7709330365,customer4976@example.com,24,Female,2,Organic
4977,8316788324,customer4977@example.com,57,Female,3,Instagram
4978,7572546865,customer4978@example.com,28,Female,2,Organic
4979,7893075549,customer4979@example.com,33,Female,2,Organic
4980,7250654273,customer4980@example.com,50,Female,1,Instagram
4981,8884655397,customer4981@example.com,55,Female,1,Influencer
4982,7924008386,customer4982@example.com,34,Other,1,Organic
4983,8978067198,customer4983@example.com,42,Female,2,Instagram
4984,8028039553,customer4984@example.com,59,Female,1,Instagram
4985,9999904422,customer4985@example.com,48,Male,3,Google Ads
4986,9322268079,customer4986@example.com,59,Other,3,Instagram
4987,7087559676,customer4987@example.com,18,Male,3,Influencer
4988,8093388284,customer4988@example.com,56,Other,1,Referral
4989,9562340761,customer4989@example.com,37,Female,1,Google Ads
4990,7684540564,customer4990@example.com,26,Female,2,Google Ads
4991,9256998620,customer4991@example.com,19,Female,3,Influencer
4992,9670479613,customer4992@example.com,18,Female,1,Instagram
4993,8566276393,customer4993@example.com,56,Other,1,Google Ads
4994,8341857055,customer4994@example.com,22,Other,1,Instagram
4995,9704258928,customer4995@example.com,29,Female,1,Organic
4996,9801361649,customer4996@example.com,31,Male,2,Organic
4997,8688226444,customer4997@example.com,56,Male,1,Instagram
4998,7835561582,customer4998@example.com,49,Female,1,Influencer
4999,8170748830,customer4999@example.com,57,Female,2,Google Ads
5000,9468988514,customer5000@example.com,26,Male,2,Referral
