customer_id,total_orders,avg_order_value,last_order_value,days_since_last_purchase,days_between_orders_avg,sku_diversity,return_rate,churned
1,1,800.45,717.94,3,273.5,1,0.28,0
2,7,406.17,329.69,43,7.9,7,0.039,0
3,3,759.02,580.16,10,57.7,1,0.056,0
4,5,681.46,736.86,74,63.0,1,0.005,0
5,1,961.45,1221.55,67,365.0,1,0.041,0
6,3,704.89,838.81,78,151.5,3,0.036,0
7,2,827.2,779.36,455,301.1,2,0.001,0
8,5,776.7,746.78,37,52.1,5,0.066,0
9,2,684.52,906.07,77,35.8,2,0.038,0
10,2,867.24,728.7,165,278.5,2,0.027,0
11,2,756.98,504.38,292,209.3,2,0.001,0
12,3,834.8,876.79,48,204.4,2,0.09,0
13,4,560.83,656.46,5,24.1,4,0.047,0
14,2,779.24,391.49,508,272.8,2,0.038,0
15,7,820.26,885.6,32,42.7,7,0.225,0
16,6,536.65,415.54,17,56.7,4,0.149,0
17,2,688.92,493.47,285,142.8,2,0.073,0
18,2,439.25,413.84,30,189.1,1,0.025,0
19,3,461.95,355.26,90,26.1,3,0.157,0
20,4,691.02,446.4,144,70.6,4,0.005,0
21,4,970.04,991.04,135,108.1,4,0.162,0
22,4,981.63,972.93,3,11.7,4,0.084,0
23,3,654.26,429.46,27,188.5,2,0.063,0
24,6,557.28,400.46,175,34.6,5,0.01,1
25,2,839.07,917.1,116,156.1,2,0.125,0
26,2,399.47,441.69,167,298.0,2,0.072,0
27,7,639.52,301.07,37,4.7,2,0.067,0
28,2,587.77,439.24,196,181.9,1,0.021,0
29,5,687.05,675.7,30,141.4,5,0.101,0
30,3,906.3,983.0,31,51.8,3,0.082,0
31,6,311.76,337.37,467,88.0,6,0.004,1
32,4,746.55,836.58,17,133.7,3,0.013,0
33,4,751.49,643.21,148,29.8,3,0.121,0
34,5,690.85,715.43,234,64.4,3,0.203,0
35,5,743.71,685.12,112,71.1,5,0.089,0
36,1,777.14,690.03,156,304.8,1,0.197,0
37,7,723.75,504.95,0,83.2,7,0.155,0
38,3,394.75,418.22,121,216.3,1,0.063,0
39,2,566.62,379.72,193,97.1,2,0.074,0
40,4,939.64,719.67,135,83.7,4,0.003,0
41,4,524.95,597.02,19,56.6,4,0.223,0
42,3,712.09,688.46,94,213.2,3,0.07,0
43,4,591.8,716.26,82,99.3,4,0.075,0
44,1,789.22,736.11,82,75.6,1,0.078,0
45,3,669.6,595.21,213,116.5,3,0.099,0
46,2,798.21,981.32,172,185.3,2,0.039,0
47,5,757.46,696.83,13,112.4,3,0.153,0
48,4,641.53,677.62,1,163.3,4,0.046,0
49,7,365.64,353.76,10,101.3,4,0.162,0
50,4,570.04,583.74,4,29.8,4,0.005,0
51,4,519.06,496.07,59,49.2,2,0.051,0
52,2,517.93,608.87,48,297.7,2,0.022,0
53,4,775.53,786.09,0,129.4,3,0.024,0
54,4,1003.69,937.01,8,129.6,4,0.109,0
55,3,330.22,347.0,60,128.4,3,0.065,0
56,2,474.06,327.29,223,113.4,1,0.098,0
57,7,734.81,883.64,207,21.4,6,0.11,0
58,3,661.99,462.53,6,192.3,3,0.108,0
59,3,768.0,666.05,213,231.2,3,0.005,0
60,6,692.98,630.26,38,7.6,4,0.008,0
61,5,897.63,942.39,87,80.3,5,0.044,0
62,4,785.55,1040.11,72,134.3,4,0.088,0
63,3,831.54,1003.05,310,214.2,3,0.016,0
64,4,852.69,601.61,42,12.4,4,0.042,0
65,6,521.11,428.78,14,53.9,2,0.076,0
66,5,788.08,567.49,136,92.2,1,0.087,0
67,7,796.43,589.37,51,5.3,3,0.142,0
68,2,648.75,572.18,17,225.6,2,0.027,0
69,2,647.79,817.48,89,141.2,2,0.067,0
70,3,651.99,619.96,139,202.4,3,0.233,0
71,4,568.08,554.92,36,51.9,4,0.33,0
72,3,492.94,515.5,280,98.0,3,0.084,0
73,2,1021.84,829.83,273,326.5,2,0.127,0
74,2,862.02,849.82,120,185.4,2,0.042,0
75,4,703.89,738.64,5,10.4,4,0.034,0
76,3,479.89,715.91,105,102.9,2,0.139,0
77,5,781.87,926.35,48,76.8,2,0.147,0
78,4,645.38,857.83,132,54.9,4,0.015,0
79,4,676.51,680.43,31,186.2,4,0.005,0
80,1,1037.18,1146.8,167,365.0,1,0.051,0
81,5,984.69,1036.2,72,83.0,5,0.104,0
82,5,345.24,221.74,67,108.6,1,0.035,0
83,4,754.8,383.08,12,41.2,4,0.164,0
84,5,724.84,561.78,60,71.5,5,0.036,0
85,4,753.27,940.61,82,167.2,2,0.049,0
86,2,616.33,567.63,188,93.7,2,0.002,0
87,2,700.43,809.49,88,274.8,2,0.045,0
88,8,535.92,675.75,66,27.2,5,0.066,0
89,3,855.63,636.04,94,24.1,2,0.118,0
90,7,851.04,1102.25,15,109.9,2,0.057,0
91,5,946.15,726.18,18,132.7,1,0.112,0
92,7,583.94,559.84,96,12.9,7,0.141,1
93,3,740.45,580.55,88,44.0,3,0.049,0
94,4,1006.52,1054.23,169,49.6,2,0.023,0
95,2,598.7,579.32,30,18.9,2,0.097,0
96,4,548.59,636.04,36,84.0,4,0.091,0
97,4,745.05,894.01,11,15.6,3,0.113,0
98,3,874.77,1151.23,50,90.9,3,0.283,0
99,2,599.93,690.14,9,191.7,2,0.006,0
100,3,989.93,1151.25,182,169.1,3,0.017,0
101,4,562.64,512.2,16,150.1,4,0.053,0
102,6,798.73,770.3,128,19.5,5,0.051,0
103,4,598.5,636.08,55,124.7,4,0.137,0
104,3,630.11,473.74,39,31.0,3,0.036,0
105,2,823.39,1008.37,100,311.7,2,0.13,0
106,3,668.62,650.73,111,71.1,3,0.138,0
107,7,472.13,490.48,87,26.3,7,0.042,0
108,5,580.2,404.02,37,118.0,5,0.019,0
109,1,808.25,749.46,684,365.0,1,0.126,0
110,6,759.62,890.68,43,61.7,6,0.016,0
111,4,808.84,876.7,184,100.1,4,0.02,0
112,5,609.6,710.74,3,75.1,2,0.092,0
113,6,541.01,504.51,49,8.1,5,0.012,0
114,1,577.18,592.06,144,365.0,1,0.02,0
115,6,587.45,575.26,81,33.5,2,0.01,0
116,3,692.97,785.07,55,121.2,3,0.025,0
117,3,522.4,549.66,94,106.6,3,0.014,0
118,5,859.81,793.98,164,30.2,5,0.013,0
119,1,777.36,379.33,87,230.8,1,0.177,0
120,5,570.31,589.76,10,143.6,5,0.143,0
121,3,670.21,445.29,152,234.9,3,0.17,0
122,2,566.99,645.14,101,58.6,2,0.124,0
123,4,677.6,790.35,56,94.7,4,0.106,0
124,7,574.78,312.16,108,82.9,4,0.043,1
125,6,1021.35,1082.53,66,125.4,4,0.073,0
126,4,461.38,486.75,102,72.6,4,0.012,1
127,2,509.57,547.9,348,174.0,2,0.062,0
128,3,664.33,500.6,7,169.7,3,0.006,0
129,3,714.06,782.16,36,112.5,1,0.05,0
130,4,715.02,534.96,235,85.8,4,0.068,0
131,4,837.67,953.29,35,11.6,3,0.083,0
132,3,766.38,832.87,25,201.2,3,0.012,0
133,3,561.74,524.67,22,244.1,3,0.084,0
134,8,859.32,932.33,114,35.6,1,0.022,0
135,4,794.24,643.82,82,159.2,2,0.098,0
136,4,908.03,806.58,202,60.0,4,0.031,0
137,7,707.7,872.46,179,50.2,2,0.08,0
138,3,863.52,1057.74,8,130.5,3,0.01,0
139,6,291.6,227.59,279,114.6,2,0.011,1
140,4,627.15,549.5,129,173.1,4,0.126,0
141,5,563.1,500.55,120,28.6,5,0.269,1
142,5,805.28,815.28,89,136.7,1,0.177,0
143,2,589.06,573.27,52,97.1,2,0.037,0
144,1,846.34,1065.01,164,324.8,1,0.067,0
145,7,818.11,1069.09,52,35.5,7,0.002,0
146,4,608.89,828.49,276,138.3,4,0.102,0
147,2,735.81,1053.6,116,65.6,2,0.251,0
148,2,667.83,456.83,4,21.9,1,0.038,0
149,4,717.45,690.34,119,162.7,3,0.077,0
150,6,812.45,699.7,4,83.3,5,0.015,0
151,5,651.11,534.19,127,26.4,5,0.217,0
152,4,451.59,578.82,68,18.4,4,0.265,0
153,3,789.34,855.76,413,165.1,3,0.097,0
154,2,860.87,587.26,3,176.0,2,0.157,0
155,4,445.04,675.88,78,87.8,2,0.029,0
156,8,694.52,442.35,16,68.1,2,0.096,0
157,3,560.24,520.59,47,11.0,3,0.018,0
158,6,869.04,884.3,55,119.4,6,0.01,0
159,4,877.37,678.83,85,60.8,2,0.06,0
160,2,578.55,642.2,64,291.1,2,0.13,0
161,5,502.66,440.57,4,121.8,3,0.083,0
162,2,736.7,857.97,16,252.6,2,0.169,0
163,4,533.63,576.21,201,149.7,2,0.042,1
164,3,828.66,413.63,145,63.1,3,0.017,0
165,1,680.32,469.38,264,365.0,1,0.1,0
166,6,940.83,1100.53,10,69.8,5,0.028,0
167,3,947.49,1024.07,6,222.4,3,0.125,0
168,3,932.81,741.39,2,3.5,3,0.074,0
169,7,760.44,658.65,53,31.9,7,0.374,0
170,5,558.14,548.33,62,116.4,5,0.305,0
171,1,477.53,284.12,21,365.0,1,0.077,0
172,3,789.19,1147.73,51,147.9,3,0.143,0
173,3,800.4,643.46,90,224.4,3,0.128,0
174,2,739.3,743.86,162,105.9,2,0.084,0
175,2,500.67,667.96,239,329.2,2,0.231,0
176,12,580.35,558.98,39,1.0,1,0.085,0
177,4,712.5,758.39,3,172.0,4,0.009,0
178,6,608.03,491.66,70,106.7,3,0.055,0
179,4,583.62,519.62,9,90.0,4,0.111,0
180,6,555.02,452.32,66,28.5,3,0.316,0
181,4,679.7,853.66,48,52.6,2,0.282,0
182,5,668.88,579.61,30,139.0,3,0.068,0
183,6,576.0,490.39,52,82.6,6,0.087,0
184,5,701.54,580.69,43,36.9,1,0.257,0
185,3,737.42,793.82,212,125.9,3,0.14,0
186,5,752.94,840.51,23,110.4,5,0.081,0
187,8,556.39,334.08,9,27.7,8,0.002,0
188,4,653.93,662.8,115,24.3,3,0.209,0
189,4,702.41,744.76,28,147.7,4,0.014,0
190,4,718.78,920.77,3,175.5,3,0.157,0
191,2,499.75,377.44,70,329.7,2,0.005,0
192,2,648.82,503.32,92,47.7,2,0.222,0
193,11,788.91,890.13,29,49.9,9,0.065,0
194,2,610.92,603.45,91,337.5,1,0.384,0
195,3,753.35,961.08,5,155.8,2,0.091,0
196,5,702.19,856.86,111,130.9,5,0.105,0
197,4,631.01,666.27,43,171.4,4,0.007,0
198,2,889.26,877.47,187,211.3,2,0.056,0
199,3,654.6,633.99,63,100.9,3,0.081,0
200,4,668.44,664.43,76,52.5,1,0.055,0
201,7,627.28,634.91,64,59.3,7,0.018,0
202,4,922.07,1184.19,22,104.5,1,0.464,0
203,8,908.61,538.44,22,30.2,7,0.047,0
204,7,872.02,798.86,63,83.8,5,0.046,0
205,2,830.42,864.43,249,328.4,2,0.209,0
206,4,567.37,498.97,334,96.2,4,0.142,1
207,5,632.53,596.34,66,137.9,2,0.11,0
208,4,584.4,532.83,7,34.7,4,0.225,0
209,5,854.55,1077.3,51,8.7,4,0.166,0
210,4,1050.34,961.45,56,58.5,4,0.015,0
211,4,801.89,686.28,11,147.1,1,0.031,0
212,4,951.4,1099.92,368,101.0,4,0.172,0
213,4,768.6,686.39,33,151.6,4,0.022,0
214,6,747.52,722.35,85,52.0,6,0.034,0
215,5,612.98,477.3,14,112.8,5,0.223,0
216,5,791.95,727.68,114,50.1,4,0.354,0
217,5,836.95,831.11,317,63.6,5,0.119,0
218,3,858.06,640.99,504,175.0,3,0.06,0
219,3,715.51,701.19,16,135.1,3,0.064,0
220,2,729.69,804.59,116,51.3,2,0.28,0
221,4,690.85,415.68,112,181.0,2,0.162,0
222,8,615.31,535.04,105,26.5,5,0.035,0
223,2,832.19,1257.27,58,136.2,2,0.059,0
224,6,415.71,398.7,41,98.8,5,0.011,0
225,1,449.14,551.44,75,234.1,1,0.054,0
226,2,617.95,614.54,209,265.9,2,0.034,0
227,2,508.96,475.37,238,345.9,2,0.023,0
228,6,862.9,1023.98,22,102.1,6,0.111,0
229,8,633.59,785.28,51,12.3,2,0.043,0
230,5,831.56,683.15,12,69.1,5,0.006,0
231,4,895.71,699.07,1,7.7,4,0.013,0
232,3,709.21,515.12,113,112.5,2,0.133,0
233,4,749.06,617.49,188,93.2,4,0.041,0
234,3,884.01,1084.9,166,56.8,2,0.011,0
235,3,849.89,855.19,116,173.8,2,0.292,0
236,3,389.36,481.56,198,176.6,3,0.067,0
237,3,638.16,506.26,62,207.3,3,0.026,0
238,2,776.89,621.05,299,312.6,2,0.139,0
239,4,732.35,674.87,153,116.8,4,0.105,0
240,4,551.11,583.84,37,85.1,4,0.015,0
241,8,443.87,431.45,59,13.4,7,0.064,0
242,4,791.68,902.19,5,143.5,4,0.122,0
243,6,573.49,621.02,12,53.8,6,0.007,0
244,5,679.85,746.14,64,21.1,4,0.002,0
245,6,721.71,820.57,0,107.1,4,0.042,0
246,6,675.59,823.72,18,70.7,6,0.072,0
247,7,560.24,284.57,10,45.6,5,0.172,0
248,2,687.59,685.89,82,47.0,2,0.108,0
249,3,618.33,722.55,13,180.7,2,0.211,0
250,4,948.37,1427.08,2,140.7,1,0.061,0
251,4,732.0,717.35,274,82.3,4,0.031,0
252,1,1084.97,608.1,371,365.0,1,0.033,0
253,2,502.24,645.41,63,238.3,2,0.002,0
254,6,654.87,495.41,8,110.2,3,0.113,0
255,4,654.35,714.63,116,32.8,4,0.093,0
256,6,583.47,646.24,144,12.2,4,0.118,1
257,4,647.31,663.65,153,33.6,4,0.016,0
258,3,628.0,360.02,16,105.8,3,0.157,0
259,7,553.19,513.02,66,90.0,6,0.042,0
260,6,969.2,664.96,45,100.6,6,0.034,0
261,1,687.48,749.87,30,365.0,1,0.12,0
262,3,839.05,690.51,197,94.0,3,0.213,0
263,5,848.54,488.05,137,139.3,1,0.001,0
264,1,914.22,1044.33,411,365.0,1,0.077,0
265,4,552.65,412.57,9,56.1,4,0.041,0
266,2,889.96,913.92,39,87.1,2,0.057,0
267,2,688.9,587.36,250,125.5,2,0.093,0
268,2,1005.35,1179.86,72,116.5,1,0.113,0
269,3,778.73,907.4,77,40.2,3,0.014,0
270,7,527.08,552.16,68,32.2,3,0.014,0
271,5,888.68,869.58,47,111.9,5,0.172,0
272,2,873.89,796.85,5,163.4,2,0.219,0
273,4,506.24,384.24,95,96.5,4,0.089,1
274,4,811.73,716.25,26,77.5,4,0.199,0
275,7,940.53,1030.52,249,96.4,4,0.056,0
276,1,771.83,1073.55,90,86.0,1,0.043,0
277,4,553.93,617.18,188,89.8,2,0.033,1
278,2,851.54,973.32,60,31.9,2,0.091,0
279,4,799.82,782.58,6,140.3,2,0.162,0
280,3,665.39,735.42,19,124.5,2,0.311,0
281,7,630.96,359.92,118,79.8,4,0.027,0
282,4,799.12,683.75,222,82.9,4,0.024,0
283,3,563.4,642.68,0,91.1,3,0.097,0
284,5,730.28,835.67,261,96.2,5,0.051,0
285,7,879.8,784.19,43,39.6,7,0.049,0
286,3,927.98,685.15,74,65.5,3,0.007,0
287,3,621.2,612.38,91,28.8,3,0.107,0
288,3,461.99,421.85,41,147.8,1,0.22,0
289,4,593.91,705.64,90,65.6,4,0.239,0
290,6,822.46,938.15,32,2.3,3,0.063,0
291,5,588.88,771.32,10,86.6,5,0.16,0
292,1,862.41,1053.94,79,365.0,1,0.021,0
293,2,588.56,556.3,27,301.1,2,0.048,0
294,6,616.4,659.38,58,33.8,6,0.095,0
295,2,674.07,948.34,108,293.9,2,0.417,0
296,4,841.69,774.29,59,124.2,4,0.092,0
297,5,462.46,478.64,17,57.7,1,0.044,0
298,2,742.0,741.35,18,267.4,2,0.084,0
299,3,739.31,741.77,13,85.5,2,0.087,0
300,5,551.29,454.91,10,55.5,5,0.046,0
301,6,753.41,950.57,27,29.0,3,0.137,0
302,3,673.01,549.56,0,195.2,3,0.081,0
303,5,530.32,727.39,5,26.9,5,0.177,0
304,2,688.91,914.69,91,241.8,2,0.126,0
305,3,543.66,570.94,24,162.8,3,0.061,0
306,4,603.93,604.61,31,37.2,4,0.039,0
307,4,831.99,702.71,44,143.2,4,0.054,0
308,2,653.19,662.46,5,68.2,2,0.095,0
309,4,828.92,1007.98,25,50.3,4,0.358,0
310,3,676.46,583.89,179,215.0,3,0.176,0
311,4,555.6,718.72,42,20.4,4,0.209,0
312,7,771.99,930.25,14,81.7,7,0.054,0
313,5,784.02,767.39,19,127.0,4,0.155,0
314,5,515.43,597.5,227,47.6,5,0.01,1
315,6,870.36,711.5,12,18.5,1,0.112,0
316,3,928.13,909.01,58,24.1,3,0.044,0
317,4,794.0,1146.06,8,48.4,4,0.115,0
318,2,711.61,881.55,298,277.1,2,0.149,0
319,3,1001.75,1101.59,84,222.3,2,0.014,0
320,5,780.86,791.63,84,111.3,3,0.048,0
321,5,729.58,718.75,25,98.6,5,0.011,0
322,7,954.98,949.49,164,69.4,5,0.037,0
323,5,940.4,794.88,79,80.8,5,0.02,0
324,5,484.12,547.26,101,66.1,1,0.016,1
325,3,624.37,754.79,97,210.1,3,0.294,0
326,3,787.85,748.12,16,145.1,3,0.359,0
327,3,884.1,966.75,215,82.5,3,0.011,0
328,4,525.17,448.74,20,145.5,4,0.035,0
329,8,836.18,825.02,22,37.6,8,0.123,0
330,4,639.31,531.11,113,159.7,3,0.062,0
331,4,807.62,770.96,10,141.1,1,0.093,0
332,5,614.95,629.64,243,98.1,1,0.064,0
333,3,350.07,392.38,15,166.1,3,0.033,0
334,2,434.33,381.11,106,43.1,2,0.099,0
335,3,531.09,581.67,120,224.7,3,0.025,0
336,7,611.27,494.35,86,97.9,4,0.022,0
337,2,698.92,743.25,81,129.1,2,0.105,0
338,2,622.36,897.57,69,229.4,2,0.096,0
339,1,692.89,641.43,684,365.0,1,0.002,0
340,4,625.54,458.68,165,44.0,4,0.04,0
341,2,699.3,824.7,95,81.0,2,0.034,0
342,5,839.6,887.63,18,47.9,1,0.053,0
343,3,697.75,761.72,265,225.5,3,0.029,0
344,3,781.13,979.83,125,188.1,3,0.006,0
345,3,807.15,692.42,17,29.2,3,0.172,0
346,6,676.32,584.18,16,38.8,6,0.073,0
347,4,431.37,478.36,80,110.3,3,0.294,0
348,6,737.9,891.33,56,110.9,6,0.008,0
349,5,598.89,627.31,47,81.1,2,0.061,0
350,2,829.36,817.51,74,46.7,2,0.182,0
351,4,904.85,963.26,19,4.8,3,0.104,0
352,1,661.37,758.4,53,192.1,1,0.091,0
353,3,724.59,514.75,81,74.4,3,0.154,0
354,5,800.18,641.72,5,122.3,2,0.04,0
355,3,578.07,567.8,52,83.3,3,0.014,0
356,3,701.38,798.19,28,4.0,3,0.027,0
357,6,467.87,671.07,15,42.2,4,0.033,0
358,4,856.65,837.22,16,73.0,4,0.227,0
359,3,952.91,999.66,18,32.1,1,0.096,0
360,1,714.99,619.89,31,145.4,1,0.06,0
361,5,587.23,664.41,42,123.0,5,0.081,0
362,3,739.23,576.9,12,197.3,3,0.541,0
363,8,508.77,507.6,148,73.4,1,0.082,1
364,5,634.61,514.03,37,8.0,5,0.06,0
365,4,637.27,368.04,72,177.6,1,0.142,0
366,3,621.74,956.71,28,90.2,1,0.028,0
367,2,732.88,850.42,290,223.8,2,0.0,0
368,4,765.09,888.86,181,151.4,2,0.081,0
369,6,702.14,829.78,2,101.8,5,0.021,0
370,2,835.14,1073.16,189,151.9,2,0.042,0
371,7,758.55,783.19,14,100.4,6,0.084,0
372,2,625.89,734.57,116,194.4,2,0.113,0
373,1,683.8,615.35,209,206.7,1,0.001,0
374,7,687.87,664.17,195,90.4,5,0.144,0
375,5,642.51,445.26,18,138.6,4,0.326,0
376,3,776.45,807.81,241,71.8,3,0.089,0
377,6,380.28,339.97,5,91.4,6,0.112,0
378,4,704.82,686.05,246,56.5,4,0.345,0
379,4,746.4,870.17,152,132.0,4,0.077,0
380,3,789.86,837.58,175,67.9,3,0.057,0
381,2,866.25,1044.71,65,53.6,2,0.112,0
382,4,678.9,598.68,290,161.4,4,0.114,0
383,5,824.76,887.75,153,95.2,5,0.126,0
384,5,791.58,690.34,35,132.8,1,0.012,0
385,7,739.64,713.59,29,82.5,5,0.095,0
386,2,491.29,461.18,62,33.2,2,0.147,0
387,3,863.57,688.47,106,182.7,3,0.055,0
388,3,714.45,655.46,24,154.9,3,0.003,0
389,7,662.19,738.67,40,74.2,6,0.084,0
390,4,526.45,430.02,7,94.7,4,0.025,0
391,5,333.38,289.11,39,124.2,2,0.086,0
392,4,985.34,1230.43,113,42.8,4,0.165,0
393,4,746.03,957.58,91,180.3,1,0.004,0
394,6,533.95,622.81,30,11.2,1,0.022,0
395,3,510.9,685.42,35,115.0,2,0.301,0
396,5,658.2,837.84,35,113.7,5,0.019,0
397,4,821.21,806.68,7,21.3,4,0.247,0
398,5,794.68,1110.82,26,111.9,1,0.014,0
399,3,802.29,1052.53,98,36.4,3,0.252,0
400,4,566.89,558.68,20,2.7,2,0.004,0
401,1,673.17,707.0,26,123.6,1,0.247,0
402,6,719.06,623.88,149,45.1,6,0.301,0
403,4,691.49,678.25,27,62.0,1,0.229,0
404,4,781.88,538.81,29,98.1,4,0.008,0
405,3,936.05,826.26,55,22.6,1,0.058,0
406,2,731.56,847.71,91,275.8,2,0.003,0
407,7,612.27,486.84,14,23.2,5,0.038,0
408,3,482.08,451.88,97,139.6,3,0.066,0
409,6,726.38,807.52,95,88.7,6,0.003,0
410,6,601.05,566.24,53,8.9,6,0.008,0
411,2,764.29,940.31,325,329.0,2,0.02,0
412,8,754.7,935.37,312,77.0,1,0.192,0
413,5,934.53,819.03,67,57.0,4,0.147,0
414,4,732.07,668.1,370,97.1,4,0.161,0
415,7,768.34,775.24,74,74.3,1,0.188,0
416,6,601.71,521.68,60,34.4,6,0.038,0
417,4,485.17,643.7,209,127.9,4,0.011,1
418,3,861.17,790.14,407,154.9,3,0.088,0
419,2,880.98,1041.47,567,283.1,2,0.08,0
420,4,650.39,455.63,69,14.5,4,0.016,0
421,2,409.91,346.55,95,275.2,2,0.005,0
422,3,904.13,707.87,42,130.2,3,0.318,0
423,3,878.23,659.69,97,169.0,3,0.03,0
424,3,682.49,612.01,113,38.5,3,0.008,0
425,3,860.32,923.55,3,79.9,3,0.103,0
426,1,693.85,906.64,56,365.0,1,0.033,0
427,4,732.56,702.93,45,119.1,4,0.081,0
428,8,456.09,463.56,99,63.3,1,0.474,1
429,2,883.3,943.24,136,185.4,2,0.005,0
430,9,437.04,373.37,33,28.8,7,0.122,0
431,4,958.22,953.65,36,17.5,1,0.007,0
432,6,973.43,1379.87,61,113.2,5,0.039,0
433,1,316.82,341.41,231,365.0,1,0.07,0
434,8,933.54,1323.28,69,37.6,7,0.013,0
435,5,664.19,667.37,175,60.9,1,0.188,0
436,5,763.34,668.64,150,76.3,5,0.008,0
437,4,488.42,590.36,464,153.1,3,0.038,1
438,3,651.61,816.32,57,195.1,2,0.057,0
439,4,522.84,470.92,18,122.9,4,0.069,0
440,2,581.61,624.01,205,106.9,2,0.204,0
441,3,883.34,872.1,249,107.0,3,0.102,0
442,6,849.87,615.19,4,108.0,6,0.109,0
443,3,823.07,605.29,48,185.6,1,0.141,0
444,3,619.13,593.71,125,49.9,1,0.084,0
445,6,596.45,733.63,61,12.8,6,0.041,0
446,1,452.6,529.56,253,295.5,1,0.133,0
447,4,801.7,654.78,80,113.4,4,0.067,0
448,2,990.5,768.13,69,267.9,2,0.038,0
449,3,918.37,757.89,200,134.9,3,0.143,0
450,3,704.6,569.65,97,92.9,3,0.133,0
451,3,774.0,637.5,86,199.7,2,0.037,0
452,3,737.11,438.49,159,224.1,3,0.065,0
453,3,836.42,427.79,25,127.3,3,0.003,0
454,2,961.32,469.15,126,187.7,2,0.116,0
455,5,614.56,423.98,32,10.8,5,0.165,0
456,4,620.14,764.81,2,29.0,4,0.127,0
457,2,656.93,1130.65,151,79.2,2,0.102,0
458,4,695.07,975.88,66,54.3,1,0.187,0
459,1,809.25,849.52,420,365.0,1,0.06,0
460,2,689.92,582.87,99,116.0,2,0.224,0
461,3,571.99,522.65,1,30.6,2,0.106,0
462,3,573.97,590.09,63,141.9,3,0.011,0
463,3,523.72,740.23,22,103.3,3,0.051,0
464,4,683.95,548.3,84,20.9,4,0.003,0
465,2,855.07,855.58,84,336.6,1,0.004,0
466,3,763.05,777.91,85,146.0,2,0.189,0
467,7,784.51,770.66,32,10.1,7,0.0,0
468,5,537.37,321.48,66,130.7,5,0.021,0
469,5,524.08,495.18,7,108.8,3,0.102,0
470,4,726.76,530.19,63,74.3,4,0.145,0
471,4,886.95,1292.81,112,73.1,4,0.181,0
472,4,826.73,921.13,47,71.5,4,0.014,0
473,5,598.97,732.71,44,68.2,2,0.035,0
474,3,1043.68,858.97,202,69.8,3,0.198,0
475,6,395.54,360.01,61,47.3,6,0.047,0
476,4,704.35,992.01,91,140.6,4,0.235,0
477,4,715.41,861.93,36,135.0,4,0.175,0
478,7,668.63,725.0,47,19.7,5,0.119,0
479,3,778.85,988.15,6,162.8,1,0.146,0
480,5,669.66,932.32,50,60.7,5,0.151,0
481,4,475.69,620.07,166,50.6,4,0.216,1
482,1,686.72,830.86,31,112.5,1,0.014,0
483,4,724.69,890.76,126,43.3,4,0.112,0
484,5,836.73,781.6,42,2.1,3,0.09,0
485,3,912.63,948.35,3,205.0,3,0.155,0
486,3,571.68,649.5,367,160.0,3,0.25,0
487,5,950.83,1011.35,18,138.5,2,0.048,0
488,5,635.78,699.75,36,60.2,4,0.026,0
489,2,623.42,605.82,94,203.5,2,0.065,0
490,5,638.35,289.74,268,132.8,5,0.03,0
491,5,407.31,462.42,78,21.1,5,0.029,0
492,3,636.62,650.38,282,181.6,3,0.216,0
493,2,896.65,919.43,119,150.3,2,0.065,0
494,6,771.6,1111.27,18,9.7,2,0.176,0
495,4,734.13,786.5,63,13.5,4,0.043,0
496,6,752.61,631.45,8,50.2,2,0.17,0
497,4,889.22,1011.56,12,150.4,4,0.07,0
498,2,568.3,578.03,17,358.3,2,0.047,0
499,3,835.58,1022.09,1,116.7,1,0.148,0
500,2,709.98,625.25,23,90.3,2,0.021,0
501,4,582.42,487.49,44,118.0,4,0.002,0
502,4,769.55,686.44,7,48.3,4,0.082,0
503,8,712.57,466.14,0,27.5,7,0.265,0
504,2,578.99,528.31,17,115.6,2,0.232,0
505,4,539.57,711.12,201,58.2,4,0.036,1
506,3,634.77,542.5,89,150.2,3,0.096,0
507,2,623.35,454.18,82,97.5,2,0.259,0
508,3,883.14,789.88,80,187.6,3,0.112,0
509,3,667.86,697.29,97,174.0,2,0.056,0
510,5,644.04,547.94,10,116.0,5,0.033,0
511,5,869.32,881.78,79,113.9,5,0.034,0
512,4,902.45,947.82,105,23.4,4,0.138,0
513,5,575.28,575.48,74,47.6,5,0.129,0
514,5,513.43,504.26,193,123.4,2,0.133,1
515,2,777.28,1051.46,21,26.2,2,0.027,0
516,2,668.89,692.52,183,93.6,2,0.053,0
517,4,618.22,520.43,111,111.9,4,0.068,0
518,4,855.75,984.9,95,155.0,4,0.039,0
519,5,660.91,652.98,79,59.9,3,0.029,0
520,3,987.73,1001.84,15,140.9,1,0.012,0
521,5,707.15,850.48,92,130.3,5,0.222,0
522,5,724.62,919.03,45,120.8,1,0.182,0
523,7,1035.96,799.93,4,18.9,6,0.038,0
524,4,746.45,1005.01,23,139.2,3,0.019,0
525,4,594.06,586.37,60,165.1,3,0.014,0
526,4,546.93,540.6,510,136.3,4,0.005,1
527,4,630.71,503.31,57,100.4,1,0.004,0
528,5,735.4,845.23,14,50.2,5,0.03,0
529,2,836.65,598.75,247,117.7,2,0.001,0
530,5,474.38,525.46,3,86.4,5,0.075,0
531,5,700.47,931.82,12,100.7,5,0.11,0
532,5,891.81,835.69,57,68.8,5,0.057,0
533,3,739.33,899.29,11,196.4,3,0.073,0
534,5,903.38,918.19,76,132.1,1,0.056,0
535,2,473.81,341.88,24,138.8,2,0.003,0
536,2,666.01,681.96,151,90.7,2,0.247,0
537,4,718.07,691.46,12,105.1,2,0.055,0
538,7,782.98,923.36,119,107.8,7,0.001,0
539,7,572.29,530.7,95,82.0,7,0.488,1
540,3,762.39,838.47,311,134.6,1,0.065,0
541,1,774.09,610.65,12,67.3,1,0.025,0
542,4,688.97,748.15,83,114.4,3,0.023,0
543,3,770.49,774.15,148,141.0,3,0.216,0
544,3,747.45,728.39,279,233.0,3,0.0,0
545,4,601.24,604.98,67,70.7,4,0.114,0
546,6,676.28,636.74,241,61.3,4,0.222,0
547,3,512.65,527.17,15,43.3,3,0.018,0
548,3,475.62,456.87,68,180.7,3,0.011,0
549,3,738.15,594.46,35,107.9,3,0.029,0
550,3,415.9,308.08,20,28.6,3,0.061,0
551,5,663.72,598.11,30,141.0,2,0.224,0
552,5,762.01,713.68,98,121.9,5,0.022,0
553,5,702.47,280.33,59,75.2,4,0.033,0
554,4,1027.81,1031.79,20,59.8,2,0.017,0
555,3,764.01,1100.64,3,95.6,3,0.049,0
556,1,659.71,750.74,136,135.9,1,0.02,0
557,2,791.21,764.08,54,315.1,2,0.061,0
558,3,503.18,421.13,16,43.8,3,0.314,0
559,4,850.03,561.36,16,103.0,4,0.124,0
560,3,624.25,735.19,35,20.4,3,0.164,0
561,5,865.98,939.66,23,90.7,5,0.082,0
562,7,760.05,572.32,23,80.3,7,0.055,0
563,6,793.85,946.78,20,89.4,2,0.127,0
564,2,616.92,720.51,81,244.6,2,0.022,0
565,3,528.29,457.36,174,121.9,3,0.001,0
566,5,525.63,494.94,2,16.6,5,0.011,0
567,2,442.64,464.76,30,77.0,2,0.052,0
568,3,642.48,713.52,149,206.9,3,0.092,0
569,3,611.89,477.92,19,133.8,3,0.227,0
570,2,851.77,948.35,194,314.5,2,0.059,0
571,9,544.96,551.41,43,17.5,3,0.032,0
572,1,1029.09,1257.72,100,107.2,1,0.04,0
573,3,549.76,633.62,1,112.0,3,0.202,0
574,4,563.88,570.4,157,163.4,4,0.072,1
575,3,478.0,565.65,101,145.6,1,0.289,0
576,4,701.45,489.69,65,48.3,4,0.073,0
577,5,651.71,602.94,14,75.0,5,0.139,0
578,2,683.82,550.78,38,236.6,2,0.193,0
579,2,761.03,676.49,222,365.0,2,0.386,0
580,4,847.4,751.2,16,45.5,4,0.0,0
581,5,524.53,392.05,67,44.7,5,0.046,0
582,4,702.94,836.89,23,126.1,3,0.158,0
583,2,828.3,952.69,96,65.8,2,0.132,0
584,6,535.88,470.83,23,114.3,6,0.084,0
585,3,1114.65,598.53,51,217.6,3,0.046,0
586,3,1051.19,944.99,194,94.4,3,0.121,0
587,2,688.73,682.03,5,89.8,2,0.003,0
588,2,534.0,678.92,268,129.5,2,0.01,0
589,5,553.31,490.91,34,21.3,5,0.207,0
590,6,735.06,878.89,72,87.4,4,0.001,0
591,4,795.96,715.6,25,189.5,1,0.019,0
592,5,423.67,471.86,39,115.5,5,0.007,0
593,2,558.1,648.25,88,365.0,2,0.057,0
594,2,721.27,804.72,168,346.7,2,0.062,0
595,7,489.34,395.67,148,47.7,6,0.02,1
596,8,655.44,607.78,131,92.7,1,0.067,0
597,3,764.68,854.48,49,147.1,3,0.01,0
598,11,675.7,462.18,4,11.2,9,0.309,0
599,8,589.86,683.02,169,42.2,6,0.151,1
600,3,713.05,540.11,3,210.7,3,0.01,0
601,4,776.03,566.22,162,43.2,3,0.096,0
602,2,561.87,502.01,3,66.9,2,0.112,0
603,2,751.65,648.67,540,313.0,2,0.136,0
604,3,748.68,775.91,1,71.3,1,0.004,0
605,6,777.88,819.45,1,116.8,2,0.0,0
606,5,739.43,749.83,63,16.7,4,0.132,0
607,4,719.51,578.05,113,131.5,4,0.105,0
608,1,676.61,840.2,78,365.0,1,0.154,0
609,3,655.13,663.59,111,229.0,3,0.044,0
610,3,808.45,958.91,63,23.4,3,0.058,0
611,5,685.68,371.15,142,99.1,5,0.001,0
612,4,780.26,863.77,221,110.5,4,0.06,0
613,6,777.91,688.77,13,64.2,1,0.079,0
614,6,559.03,643.91,20,125.4,6,0.095,0
615,7,652.2,885.19,63,29.3,7,0.033,0
616,5,692.07,530.38,115,65.1,4,0.043,0
617,2,713.52,835.99,16,127.5,1,0.003,0
618,4,764.39,672.84,19,37.1,4,0.215,0
619,10,726.81,454.77,141,45.7,4,0.098,0
620,3,706.29,837.25,3,28.8,3,0.068,0
621,4,634.71,865.68,52,24.6,4,0.054,0
622,2,858.54,1221.04,34,185.7,2,0.135,0
623,5,752.13,797.34,133,83.6,1,0.062,0
624,3,683.18,485.83,239,185.3,1,0.069,0
625,6,641.56,614.95,22,43.4,4,0.027,0
626,3,741.98,725.77,106,88.2,3,0.057,0
627,3,704.44,858.89,222,195.1,3,0.051,0
628,10,471.42,469.11,50,8.6,7,0.054,0
629,3,551.42,322.5,110,174.9,3,0.01,0
630,7,895.69,1008.63,38,81.1,7,0.01,0
631,3,755.57,766.43,127,190.3,3,0.043,0
632,6,604.04,713.24,258,57.8,3,0.008,0
633,2,644.07,676.07,51,133.7,2,0.063,0
634,4,570.7,649.34,23,37.9,4,0.009,0
635,4,621.3,623.13,326,133.8,4,0.193,0
636,3,853.68,902.1,7,175.9,3,0.093,0
637,5,672.84,548.84,164,96.1,1,0.124,0
638,4,824.98,883.42,247,94.2,1,0.233,0
639,6,944.15,909.19,19,114.0,6,0.154,0
640,6,640.73,703.51,44,15.8,2,0.128,0
641,7,505.73,386.14,9,92.3,5,0.278,0
642,2,764.94,978.99,65,323.8,2,0.068,0
643,4,576.95,605.61,62,64.9,1,0.011,0
644,4,700.09,811.14,73,111.6,4,0.251,0
645,1,725.28,725.97,23,365.0,1,0.213,0
646,2,978.58,1096.64,74,122.9,2,0.029,0
647,2,748.44,412.36,141,291.7,2,0.039,0
648,2,631.43,617.85,99,357.8,2,0.168,0
649,3,793.88,667.99,220,198.8,3,0.028,0
650,3,822.27,763.08,362,174.2,3,0.013,0
651,4,880.73,1058.75,174,146.6,4,0.043,0
652,4,561.57,381.91,4,84.7,4,0.182,0
653,2,893.64,1025.85,34,87.9,2,0.046,0
654,5,1042.93,1139.15,8,21.9,5,0.093,0
655,1,890.29,1118.29,102,200.5,1,0.224,0
656,5,917.58,537.03,115,78.4,5,0.208,0
657,3,634.79,709.63,3,113.0,3,0.004,0
658,3,953.41,1001.6,37,200.4,3,0.118,0
659,1,628.59,621.9,17,80.2,1,0.066,0
660,6,694.18,894.68,42,41.5,1,0.14,0
661,4,630.32,364.57,266,163.1,1,0.042,0
662,5,612.82,628.16,47,127.6,1,0.021,0
663,3,699.21,842.19,120,110.4,3,0.043,0
664,3,526.94,355.64,58,105.0,3,0.101,0
665,2,596.93,667.9,189,296.9,2,0.082,0
666,6,554.11,590.17,72,12.0,6,0.01,0
667,5,930.13,533.92,13,67.8,5,0.111,0
668,4,943.01,1149.88,108,31.7,1,0.061,0
669,4,1081.8,888.85,50,143.7,4,0.125,0
670,5,689.96,907.78,176,99.4,5,0.028,0
671,4,704.41,785.29,17,185.5,4,0.326,0
672,4,815.72,864.62,200,43.8,4,0.319,0
673,7,508.54,611.54,51,62.2,7,0.075,0
674,5,553.24,652.19,26,85.3,5,0.072,0
675,7,460.42,280.02,29,54.9,1,0.053,0
676,5,825.52,544.02,0,9.0,5,0.041,0
677,5,570.83,554.46,269,112.5,1,0.05,1
678,3,850.25,667.57,30,163.4,3,0.108,0
679,5,630.73,840.09,216,49.2,5,0.054,0
680,4,700.56,561.74,197,174.6,4,0.174,0
681,2,674.33,686.74,61,283.4,2,0.18,0
682,3,728.55,813.51,28,147.5,3,0.166,0
683,3,626.65,932.98,66,219.0,1,0.13,0
684,9,855.95,1052.7,117,18.0,6,0.103,0
685,2,674.86,585.62,130,72.1,2,0.126,0
686,6,754.6,833.79,53,21.3,3,0.035,0
687,5,716.43,816.49,70,109.3,1,0.025,0
688,3,547.96,616.12,63,221.4,2,0.002,0
689,2,902.39,725.43,417,263.1,1,0.176,0
690,7,602.25,846.99,100,8.0,3,0.008,0
691,2,821.31,620.23,49,235.6,2,0.062,0
692,5,809.35,919.45,269,57.9,1,0.09,0
693,2,475.16,391.32,345,174.4,2,0.112,0
694,3,673.04,725.64,76,164.6,3,0.167,0
695,6,786.97,756.14,42,100.2,6,0.306,0
696,3,656.57,485.53,156,52.6,3,0.071,0
697,3,680.8,343.83,343,204.5,2,0.159,0
698,4,732.56,862.31,52,105.4,4,0.154,0
699,6,643.61,571.61,54,65.5,6,0.066,0
700,8,753.58,774.55,26,18.7,1,0.017,0
701,7,706.39,960.71,16,24.6,7,0.035,0
702,5,670.45,754.09,265,51.4,5,0.067,0
703,1,554.42,233.07,37,179.0,1,0.067,0
704,5,760.84,574.48,151,92.9,3,0.108,0
705,3,338.64,213.94,65,202.0,3,0.104,0
706,6,739.34,616.07,6,74.3,6,0.184,0
707,6,702.23,664.18,31,30.1,4,0.009,0
708,3,578.04,873.41,10,86.0,3,0.037,0
709,2,491.58,590.53,178,82.9,2,0.027,0
710,4,762.74,817.11,31,91.1,3,0.108,0
711,3,662.93,721.78,164,114.5,3,0.108,0
712,2,720.79,789.28,79,339.8,2,0.153,0
713,1,424.38,275.65,204,365.0,1,0.055,0
714,5,771.49,554.02,26,46.6,5,0.077,0
715,2,840.95,917.53,14,185.8,2,0.057,0
716,4,677.1,677.77,170,132.9,4,0.113,0
717,4,565.46,599.65,129,190.0,4,0.067,1
718,8,765.12,1010.77,7,78.1,8,0.156,0
719,4,657.37,566.39,135,84.4,2,0.045,0
720,4,829.5,768.19,93,157.8,2,0.346,0
721,5,703.11,737.81,16,41.4,5,0.055,0
722,4,378.66,249.75,179,121.0,4,0.226,1
723,4,347.64,245.22,123,161.7,4,0.131,1
724,4,593.44,755.22,72,36.8,3,0.027,0
725,4,767.93,722.75,20,67.1,4,0.115,0
726,3,626.15,564.75,93,228.2,3,0.114,0
727,2,773.82,811.16,25,61.5,1,0.14,0
728,2,600.69,400.12,29,336.4,2,0.056,0
729,2,1009.39,947.46,39,63.4,2,0.017,0
730,2,671.8,594.6,153,347.2,2,0.049,0
731,3,740.38,794.78,136,185.4,3,0.049,0
732,7,556.22,321.44,5,78.7,5,0.003,0
733,6,637.27,535.16,84,117.4,1,0.144,0
734,4,774.08,702.78,3,167.7,2,0.255,0
735,8,693.07,625.87,154,55.1,6,0.052,0
736,5,282.76,342.23,135,119.2,3,0.024,1
737,5,774.87,652.87,115,35.3,5,0.06,0
738,3,791.37,1278.17,32,202.5,1,0.029,0
739,5,809.63,930.57,394,99.1,5,0.104,0
740,6,864.91,780.75,206,103.3,3,0.018,0
741,3,727.11,815.02,80,189.8,3,0.0,0
742,4,1059.34,1213.27,3,125.4,1,0.039,0
743,5,735.04,689.42,64,53.9,1,0.009,0
744,3,354.62,436.31,20,69.2,1,0.101,0
745,7,733.55,590.4,64,71.0,6,0.039,0
746,5,868.13,969.92,388,137.6,2,0.021,0
747,4,493.34,482.98,145,71.8,4,0.056,1
748,4,659.42,697.61,40,64.2,4,0.022,0
749,3,881.93,922.28,60,180.4,3,0.119,0
750,3,615.3,617.53,347,213.9,3,0.168,0
751,4,664.36,927.0,12,64.6,4,0.074,0
752,5,817.12,721.51,133,24.1,3,0.08,0
753,4,507.69,427.51,7,22.4,4,0.044,0
754,6,698.24,685.88,42,15.8,6,0.054,0
755,1,554.24,698.7,246,365.0,1,0.061,0
756,8,659.78,664.81,32,3.6,7,0.11,0
757,1,735.52,725.0,152,341.2,1,0.351,0
758,7,859.05,763.58,48,23.4,1,0.118,0
759,4,746.87,674.21,95,167.3,3,0.048,0
760,4,615.23,746.84,19,115.4,4,0.067,0
761,2,879.58,868.62,124,195.0,2,0.021,0
762,5,792.3,832.65,59,13.1,5,0.173,0
763,6,408.75,351.69,17,32.1,5,0.095,0
764,5,825.69,953.99,6,107.9,5,0.06,0
765,3,709.74,883.36,59,178.7,1,0.054,0
766,5,695.07,566.12,42,61.6,2,0.024,0
767,5,878.56,720.02,12,89.0,5,0.068,0
768,3,669.35,556.31,77,16.5,3,0.076,0
769,6,834.12,1006.9,46,62.8,2,0.012,0
770,3,891.61,720.25,217,102.6,3,0.026,0
771,9,709.33,660.52,32,67.2,5,0.24,0
772,3,767.1,616.07,304,100.8,3,0.054,0
773,2,804.1,1076.17,88,40.7,2,0.016,0
774,6,769.37,687.56,53,31.4,5,0.036,0
775,6,833.4,1110.63,64,88.2,5,0.149,0
776,3,543.34,540.46,241,233.1,3,0.035,0
777,5,603.79,544.2,133,86.3,5,0.048,0
778,6,511.06,592.72,85,44.9,1,0.439,0
779,3,952.9,945.42,37,45.0,1,0.01,0
780,3,448.64,575.16,63,162.5,1,0.066,0
781,3,898.11,859.21,48,9.4,3,0.01,0
782,5,770.84,701.2,88,115.8,5,0.146,0
783,3,568.57,516.74,119,43.8,3,0.032,0
784,4,509.3,635.89,212,125.0,2,0.012,1
785,2,694.3,729.13,80,345.8,2,0.054,0
786,3,666.33,568.05,41,114.2,3,0.029,0
787,4,759.32,541.32,13,82.1,4,0.066,0
788,7,370.08,385.72,37,6.5,6,0.001,0
789,4,671.72,545.68,26,146.3,2,0.051,0
790,4,568.52,367.49,1,105.4,4,0.137,0
791,4,891.48,1085.59,15,119.6,3,0.053,0
792,3,761.4,573.72,72,49.4,1,0.025,0
793,3,623.87,400.9,267,230.6,3,0.18,0
794,7,913.19,888.08,27,95.0,6,0.161,0
795,7,634.65,596.6,41,84.9,7,0.247,0
796,4,684.39,564.86,49,58.2,3,0.072,0
797,4,740.59,773.02,47,56.5,4,0.048,0
798,5,836.39,786.77,115,131.7,3,0.029,0
799,5,701.78,1010.45,63,52.0,5,0.07,0
800,6,913.06,877.84,41,64.9,2,0.015,0
801,3,639.73,476.91,117,38.9,3,0.004,0
802,2,552.86,586.06,46,297.6,2,0.03,0
803,5,938.88,1010.81,55,13.9,5,0.041,0
804,2,652.99,609.24,104,132.6,2,0.035,0
805,4,788.99,526.51,59,122.5,4,0.06,0
806,4,815.24,1067.42,6,82.6,4,0.033,0
807,6,1012.41,756.78,156,88.3,6,0.019,0
808,3,655.43,771.26,37,69.3,3,0.018,0
809,5,779.15,971.26,102,75.3,5,0.498,0
810,4,582.55,546.44,213,101.9,4,0.026,1
811,3,627.82,738.25,92,87.6,3,0.012,0
812,5,586.33,699.74,92,31.0,3,0.31,1
813,4,827.04,649.7,42,88.6,4,0.139,0
814,3,837.97,1084.51,155,128.0,3,0.041,0
815,2,755.33,805.08,153,112.1,2,0.05,0
816,1,583.64,330.98,105,253.1,1,0.085,0
817,1,602.36,626.23,72,74.8,1,0.199,0
818,5,594.72,528.24,27,124.3,5,0.126,0
819,3,753.54,820.74,91,27.0,3,0.035,0
820,2,462.85,403.59,42,26.0,2,0.008,0
821,3,640.5,559.3,70,166.5,1,0.201,0
822,2,499.14,395.74,41,60.4,2,0.039,0
823,8,775.96,810.85,106,47.2,2,0.089,0
824,4,551.33,608.7,144,164.6,4,0.054,1
825,2,993.72,993.16,8,50.3,2,0.183,0
826,3,856.8,806.42,81,240.7,2,0.168,0
827,2,686.64,699.91,13,275.8,2,0.116,0
828,7,762.02,923.1,27,92.2,1,0.02,0
829,3,770.26,610.04,65,185.6,3,0.074,0
830,9,555.96,407.35,11,25.4,1,0.123,0
831,1,885.73,673.02,113,365.0,1,0.241,0
832,2,685.65,460.88,176,98.5,2,0.105,0
833,2,584.81,466.24,82,87.8,2,0.007,0
834,2,781.24,959.55,38,151.8,2,0.039,0
835,4,531.58,350.89,55,96.5,2,0.001,0
836,3,798.38,758.27,107,167.9,3,0.017,0
837,6,751.45,851.63,220,100.5,6,0.02,0
838,3,602.5,603.92,83,121.7,3,0.008,0
839,4,843.47,990.66,225,117.1,4,0.047,0
840,3,805.8,712.3,71,29.2,3,0.223,0
841,7,651.72,587.49,58,32.4,3,0.018,0
842,7,780.86,719.99,11,9.6,5,0.074,0
843,5,500.17,555.52,187,100.4,5,0.222,1
844,8,773.73,1196.21,129,43.0,1,0.042,0
845,2,481.15,480.43,292,325.5,2,0.135,0
846,5,719.26,685.24,39,8.7,3,0.313,0
847,6,803.39,648.64,25,120.3,6,0.038,0
848,3,750.76,1012.07,48,12.1,1,0.112,0
849,4,933.01,860.83,119,46.7,4,0.082,0
850,3,580.99,509.19,99,129.9,3,0.084,0
851,5,761.31,729.34,108,21.2,5,0.033,0
852,1,380.14,518.71,52,155.9,1,0.003,0
853,6,623.17,553.22,85,118.7,4,0.134,0
854,3,654.6,651.31,338,219.0,3,0.116,0
855,2,935.1,464.54,35,209.0,2,0.194,0
856,2,696.46,833.0,52,302.5,2,0.147,0
857,3,836.97,789.04,62,137.9,3,0.198,0
858,2,564.34,667.28,13,55.3,2,0.025,0
859,7,650.06,732.48,14,50.8,7,0.039,0
860,5,574.49,592.74,43,35.4,2,0.022,0
861,3,550.93,501.36,9,92.3,3,0.019,0
862,4,561.21,568.32,46,76.6,1,0.204,0
863,5,607.91,444.93,25,84.3,5,0.049,0
864,3,1006.41,1051.65,159,57.7,3,0.028,0
865,4,691.23,767.71,96,119.4,4,0.041,0
866,3,497.08,505.23,274,194.7,2,0.016,0
867,3,621.36,625.84,27,199.1,3,0.075,0
868,4,852.48,749.14,8,34.8,1,0.01,0
869,4,594.74,575.65,44,182.7,4,0.069,0
870,4,923.14,720.62,5,90.2,2,0.217,0
871,3,854.45,761.22,257,168.8,3,0.028,0
872,2,670.85,947.89,30,343.2,2,0.045,0
873,5,601.6,612.28,13,11.5,4,0.017,0
874,1,557.38,611.49,279,365.0,1,0.046,0
875,6,728.86,725.03,84,15.7,2,0.034,0
876,6,762.25,772.25,4,17.8,2,0.174,0
877,1,901.0,925.22,128,365.0,1,0.115,0
878,3,753.52,717.2,71,229.2,1,0.209,0
879,3,647.14,723.93,58,203.8,3,0.022,0
880,3,906.15,776.43,16,91.4,1,0.077,0
881,4,822.89,578.78,159,86.8,4,0.1,0
882,3,596.85,620.33,32,57.7,3,0.149,0
883,5,687.54,841.31,55,33.3,5,0.327,0
884,5,799.07,695.31,158,30.7,4,0.021,0
885,2,745.73,862.72,55,109.8,2,0.166,0
886,4,548.82,622.63,3,113.7,3,0.003,0
887,4,726.38,953.04,123,20.9,4,0.041,0
888,3,598.65,821.79,81,149.4,1,0.059,0
889,6,709.52,791.85,54,21.1,2,0.062,0
890,4,505.05,492.95,82,172.5,4,0.01,0
891,5,566.36,383.27,17,122.4,5,0.104,0
892,4,1014.8,1212.99,129,169.9,4,0.226,0
893,4,636.06,779.99,27,74.3,2,0.077,0
894,7,867.02,822.37,25,55.1,5,0.037,0
895,1,681.12,729.07,179,365.0,1,0.244,0
896,5,519.56,412.88,124,114.1,2,0.096,1
897,5,538.0,473.63,118,78.7,5,0.082,1
898,1,581.06,427.46,15,260.2,1,0.396,0
899,2,1021.86,1076.84,202,365.0,2,0.049,0
900,2,665.33,612.16,156,291.0,2,0.054,0
901,4,727.16,908.9,95,22.0,4,0.0,0
902,3,802.27,839.93,379,119.7,2,0.105,0
903,4,775.69,830.47,43,165.1,1,0.029,0
904,1,829.75,831.64,114,121.6,1,0.013,0
905,5,621.19,817.45,76,115.6,5,0.018,0
906,9,522.42,674.17,29,39.7,9,0.07,0
907,8,558.32,539.15,101,46.1,8,0.012,1
908,4,470.22,498.29,53,128.9,2,0.014,0
909,5,621.97,797.97,73,44.2,5,0.019,0
910,3,250.0,200.0,98,73.5,3,0.023,0
911,4,808.69,857.53,73,150.1,3,0.059,0
912,3,785.81,730.8,73,66.3,3,0.099,0
913,3,553.68,716.75,22,236.7,2,0.014,0
914,9,493.47,545.84,16,54.7,6,0.068,0
915,4,929.19,606.24,13,36.4,4,0.072,0
916,1,844.97,774.72,134,130.8,1,0.199,0
917,6,661.39,847.07,109,113.1,3,0.015,0
918,3,598.73,705.55,122,81.0,2,0.101,0
919,3,705.71,558.57,241,78.3,2,0.036,0
920,4,483.87,389.15,31,134.4,2,0.096,0
921,10,743.95,755.57,95,38.0,7,0.121,0
922,3,519.68,514.03,24,100.7,3,0.218,0
923,4,341.37,323.84,7,126.4,4,0.031,0
924,6,577.93,531.31,0,23.0,6,0.006,0
925,2,547.74,483.34,125,203.8,2,0.093,0
926,4,971.04,1409.07,105,39.9,4,0.095,0
927,4,951.2,881.62,178,181.9,4,0.14,0
928,4,532.55,462.35,65,108.2,4,0.065,0
929,3,684.99,754.3,7,128.3,3,0.123,0
930,3,601.55,589.36,4,239.2,3,0.06,0
931,7,975.67,795.85,99,10.2,7,0.015,0
932,5,426.97,405.62,8,118.4,4,0.039,0
933,2,769.77,760.51,207,106.6,2,0.108,0
934,5,891.7,968.44,6,144.1,2,0.032,0
935,7,618.15,656.85,14,44.2,2,0.055,0
936,5,703.54,560.65,15,139.4,2,0.126,0
937,3,857.96,962.41,38,86.3,3,0.212,0
938,3,533.96,629.23,62,56.9,3,0.035,0
939,5,795.48,624.32,11,47.5,5,0.279,0
940,3,467.74,395.08,228,76.4,3,0.066,0
941,6,460.7,444.52,0,18.3,2,0.357,0
942,5,827.59,863.93,133,116.5,5,0.155,0
943,5,554.96,583.55,67,24.1,5,0.236,0
944,4,726.9,720.69,9,169.3,4,0.079,0
945,2,523.28,373.47,18,117.0,2,0.226,0
946,3,742.09,892.3,106,48.9,3,0.002,0
947,5,451.13,361.66,34,92.5,3,0.005,0
948,4,894.35,1135.92,61,62.6,4,0.16,0
949,5,822.01,1013.96,71,70.7,5,0.057,0
950,2,609.81,474.0,57,30.2,2,0.395,0
951,6,420.55,450.19,69,55.6,2,0.134,0
952,1,669.3,851.49,13,365.0,1,0.016,0
953,6,646.25,722.36,107,124.0,3,0.032,0
954,3,618.34,408.39,41,125.0,3,0.146,0
955,3,857.59,851.17,14,134.4,3,0.303,0
956,3,882.03,1029.11,12,48.8,3,0.096,0
957,3,764.13,1021.03,32,187.3,3,0.206,0
958,3,923.59,898.55,118,216.8,3,0.033,0
959,2,279.53,200.0,91,194.3,2,0.043,0
960,4,654.39,940.76,11,112.5,4,0.173,0
961,6,647.24,631.38,2,18.0,2,0.222,0
962,4,826.32,1065.04,2,26.0,4,0.061,0
963,5,652.24,618.57,49,48.0,4,0.13,0
964,1,783.31,869.45,75,75.3,1,0.003,0
965,3,627.76,541.69,102,180.8,3,0.181,0
966,6,598.9,519.11,30,1.0,1,0.126,0
967,2,820.16,1117.0,55,295.3,2,0.256,0
968,2,699.73,831.23,21,104.0,2,0.001,0
969,4,746.07,741.9,167,120.6,2,0.16,0
970,1,513.96,610.02,234,365.0,1,0.082,0
971,5,801.67,692.99,80,56.2,4,0.134,0
972,6,538.44,538.61,129,18.0,6,0.013,1
973,2,956.97,976.54,143,282.8,2,0.027,0
974,4,661.53,561.18,76,45.3,4,0.005,0
975,4,637.9,524.42,71,150.9,4,0.036,0
976,4,833.83,518.88,43,12.7,3,0.066,0
977,6,692.24,558.29,58,75.8,6,0.381,0
978,2,807.62,1102.87,45,167.3,2,0.095,0
979,6,655.16,422.32,246,52.2,1,0.11,0
980,7,807.03,801.44,228,69.2,1,0.135,0
981,4,688.53,709.55,18,90.2,4,0.056,0
982,5,830.03,788.57,68,97.0,1,0.034,0
983,5,872.61,1025.21,140,123.0,1,0.004,0
984,5,462.32,436.88,5,20.9,2,0.13,0
985,5,753.67,897.39,11,72.4,3,0.005,0
986,4,974.45,1081.46,80,116.7,4,0.148,0
987,3,792.67,578.13,3,233.3,3,0.065,0
988,3,1065.77,1313.36,214,85.2,3,0.058,0
989,5,560.77,525.58,185,122.2,5,0.089,1
990,4,738.68,474.07,137,66.4,4,0.022,0
991,4,773.15,846.02,177,185.0,4,0.01,0
992,3,620.97,585.32,133,216.6,3,0.014,0
993,8,514.65,682.29,10,92.0,4,0.002,0
994,4,1025.47,1250.17,3,119.3,4,0.003,0
995,8,868.33,711.64,123,22.6,3,0.033,0
996,3,783.68,932.42,147,103.5,3,0.023,0
997,2,707.18,608.74,73,178.0,2,0.144,0
998,5,721.06,482.09,143,105.9,2,0.021,0
999,2,794.2,696.58,7,252.4,2,0.29,0
1000,4,916.35,672.77,39,184.9,4,0.031,0
1001,6,593.97,592.34,33,58.7,2,0.243,0
1002,3,715.85,992.24,13,129.0,3,0.1,0
1003,7,644.5,654.65,89,19.1,4,0.209,0
1004,2,541.47,591.43,216,248.7,2,0.072,0
1005,4,607.95,485.97,90,125.5,4,0.184,0
1006,4,732.44,653.29,55,184.5,4,0.017,0
1007,3,655.11,726.55,112,68.3,3,0.152,0
1008,1,704.09,694.43,406,365.0,1,0.046,0
1009,5,808.7,692.12,39,90.3,2,0.101,0
1010,5,873.26,1048.4,36,14.9,2,0.16,0
1011,4,1098.07,1128.92,100,126.7,4,0.078,0
1012,8,815.69,1150.94,75,30.9,5,0.024,0
1013,2,607.47,687.57,88,96.1,2,0.042,0
1014,6,865.41,669.02,157,34.5,5,0.036,0
1015,2,652.32,667.41,62,67.7,2,0.034,0
1016,4,595.12,451.82,105,42.6,1,0.027,1
1017,4,793.42,1111.58,113,67.3,4,0.013,0
1018,7,912.06,731.68,25,46.7,3,0.064,0
1019,4,609.17,744.91,1,59.8,4,0.044,0
1020,7,747.31,889.94,81,15.1,7,0.026,0
1021,6,768.45,663.56,52,40.6,6,0.035,0
1022,2,557.72,594.35,14,240.4,2,0.024,0
1023,2,485.28,510.11,454,293.1,1,0.04,0
1024,3,489.57,571.11,42,51.9,3,0.144,0
1025,2,891.83,923.39,92,189.2,2,0.033,0
1026,7,630.42,546.19,47,80.5,1,0.011,0
1027,6,605.46,673.36,37,114.6,2,0.277,0
1028,7,747.77,832.14,11,77.8,6,0.095,0
1029,2,895.12,728.43,175,125.1,2,0.126,0
1030,3,525.3,283.09,26,189.5,3,0.203,0
1031,1,416.77,466.08,206,365.0,1,0.259,0
1032,3,921.34,990.13,194,159.5,3,0.117,0
1033,4,777.07,844.18,2,28.7,1,0.027,0
1034,6,539.09,681.31,105,30.3,1,0.036,1
1035,4,634.25,745.39,104,39.6,4,0.111,0
1036,6,549.65,691.82,17,82.1,6,0.038,0
1037,3,795.99,920.65,116,78.3,3,0.054,0
1038,5,853.42,877.99,42,9.8,5,0.177,0
1039,3,800.39,603.56,10,61.2,2,0.057,0
1040,5,724.96,948.42,66,128.3,2,0.029,0
1041,2,756.71,725.0,521,334.5,2,0.111,0
1042,2,588.75,517.41,150,313.8,2,0.03,0
1043,3,633.37,714.07,48,214.7,3,0.049,0
1044,4,700.9,443.58,85,128.7,4,0.086,0
1045,4,658.5,561.17,137,93.2,4,0.012,0
1046,4,700.08,611.98,17,19.2,4,0.02,0
1047,7,457.37,397.19,54,93.7,4,0.168,0
1048,3,832.18,1154.28,84,204.4,3,0.054,0
1049,5,539.18,530.3,42,19.2,3,0.073,0
1050,4,383.78,334.74,141,68.2,4,0.02,1
1051,2,592.7,586.98,119,137.2,2,0.003,0
1052,3,667.65,781.65,144,160.4,3,0.02,0
1053,3,1002.65,620.39,108,241.1,1,0.143,0
1054,1,626.67,641.01,239,238.6,1,0.024,0
1055,1,731.46,665.2,180,186.4,1,0.181,0
1056,7,748.1,788.43,81,23.4,5,0.018,0
1057,3,472.77,364.42,30,58.2,3,0.0,0
1058,4,684.21,659.61,192,51.5,4,0.084,0
1059,2,660.33,642.29,24,306.9,2,0.233,0
1060,8,712.55,531.48,27,87.5,3,0.301,0
1061,4,763.46,1048.13,226,140.7,4,0.017,0
1062,3,827.62,896.3,13,79.7,3,0.018,0
1063,3,571.53,676.84,241,192.7,3,0.084,0
1064,4,772.48,717.79,66,16.9,4,0.033,0
1065,5,590.73,616.1,18,68.4,5,0.2,0
1066,3,563.47,428.03,160,192.9,3,0.037,0
1067,5,962.89,839.61,30,102.2,5,0.027,0
1068,4,428.01,351.07,116,147.2,4,0.069,1
1069,5,622.5,659.42,140,55.2,2,0.123,0
1070,6,733.35,983.71,67,15.6,5,0.19,0
1071,3,610.08,720.32,175,55.6,3,0.057,0
1072,4,722.55,984.37,281,174.8,4,0.019,0
1073,3,498.57,577.72,95,113.5,3,0.105,0
1074,4,423.21,458.78,17,141.1,2,0.01,0
1075,3,568.84,463.9,148,128.9,3,0.024,0
1076,4,722.82,769.56,54,53.0,4,0.132,0
1077,5,674.27,610.33,68,110.6,5,0.076,0
1078,9,795.42,927.79,59,15.4,7,0.116,0
1079,2,486.3,354.1,182,276.2,2,0.042,0
1080,4,613.66,600.39,105,75.5,4,0.116,0
1081,4,689.21,691.61,27,109.5,4,0.042,0
1082,4,554.65,752.83,141,66.0,4,0.065,1
1083,3,720.7,573.22,197,71.8,3,0.181,0
1084,7,657.82,811.5,2,63.8,7,0.244,0
1085,2,773.03,900.33,53,363.0,2,0.168,0
1086,4,743.32,705.29,391,118.7,4,0.123,0
1087,6,421.98,456.56,15,20.7,5,0.052,0
1088,6,920.88,874.88,16,73.1,4,0.182,0
1089,4,374.15,375.25,92,157.1,4,0.002,1
1090,4,467.22,537.58,42,50.8,4,0.001,0
1091,4,688.76,1039.29,110,77.8,4,0.01,0
1092,5,744.39,887.94,27,68.7,5,0.046,0
1093,3,657.66,690.22,66,122.8,3,0.075,0
1094,2,618.7,794.87,598,299.2,2,0.001,0
1095,7,687.67,492.3,33,84.6,1,0.147,0
1096,4,779.08,716.04,9,11.1,2,0.221,0
1097,6,528.02,535.12,108,107.9,6,0.192,1
1098,5,532.86,422.18,79,97.4,5,0.044,0
1099,4,570.17,508.47,60,133.7,4,0.013,0
1100,4,898.01,600.6,246,165.9,4,0.069,0
1101,3,755.94,562.61,19,87.2,3,0.051,0
1102,3,785.86,747.35,80,243.8,1,0.258,0
1103,3,938.65,762.07,25,56.6,3,0.036,0
1104,3,818.11,886.96,10,179.1,2,0.018,0
1105,3,723.47,762.21,70,75.2,3,0.019,0
1106,4,933.75,1000.43,302,94.6,4,0.016,0
1107,6,554.25,498.33,35,5.2,6,0.063,0
1108,4,660.2,803.12,27,68.8,4,0.104,0
1109,3,873.44,960.92,74,197.9,3,0.147,0
1110,6,370.91,387.56,127,85.3,4,0.094,1
1111,5,580.48,607.51,19,137.8,1,0.169,0
1112,6,818.44,784.47,18,43.4,5,0.018,0
1113,8,715.99,904.8,13,11.8,1,0.091,0
1114,4,777.07,954.5,96,157.3,4,0.044,0
1115,3,412.54,382.4,3,121.2,3,0.317,0
1116,3,573.85,592.78,106,228.7,1,0.017,0
1117,5,797.38,734.13,157,132.2,5,0.127,0
1118,4,564.71,843.17,156,138.5,4,0.111,1
1119,3,823.73,781.68,131,184.5,3,0.073,0
1120,4,743.12,920.77,25,55.9,3,0.073,0
1121,10,524.2,805.09,93,34.6,6,0.105,1
1122,2,751.83,799.48,40,22.1,2,0.149,0
1123,6,812.34,529.34,16,84.4,6,0.21,0
1124,8,754.22,982.04,157,83.8,8,0.19,0
1125,5,780.56,700.67,172,133.9,1,0.051,0
1126,2,440.69,380.14,558,293.9,2,0.014,0
1127,3,1038.26,1407.73,46,196.4,3,0.182,0
1128,4,1123.12,830.75,279,176.5,4,0.007,0
1129,10,914.31,1176.65,10,8.9,7,0.231,0
1130,3,717.33,685.22,23,123.8,3,0.07,0
1131,2,639.26,402.35,16,43.6,2,0.017,0
1132,2,642.43,756.01,80,171.9,2,0.039,0
1133,2,817.59,449.4,1,48.4,2,0.054,0
1134,2,860.35,852.46,69,63.3,1,0.143,0
1135,8,602.56,405.59,64,42.7,6,0.018,0
1136,3,696.77,651.06,9,148.5,3,0.03,0
1137,3,888.54,1012.4,204,185.3,3,0.148,0
1138,4,684.62,742.48,35,175.1,1,0.103,0
1139,3,716.79,746.61,5,213.5,3,0.052,0
1140,6,906.49,1089.46,37,44.8,1,0.026,0
1141,3,882.33,882.32,17,170.1,3,0.033,0
1142,4,820.73,785.22,102,15.1,4,0.015,0
1143,3,539.64,570.43,48,44.2,3,0.295,0
1144,3,541.49,469.84,14,155.3,3,0.092,0
1145,5,589.64,691.39,54,56.7,3,0.069,0
1146,3,621.71,630.5,72,206.0,3,0.147,0
1147,3,732.4,837.24,38,82.1,3,0.255,0
1148,9,686.03,661.7,23,21.1,4,0.002,0
1149,5,675.76,743.2,131,39.9,5,0.065,0
1150,5,661.31,749.27,91,84.8,4,0.102,0
1151,5,568.39,338.83,21,19.4,3,0.062,0
1152,3,630.82,446.48,99,35.4,2,0.064,0
1153,7,1065.04,946.12,26,78.4,2,0.074,0
1154,2,804.88,783.77,109,99.5,2,0.039,0
1155,6,703.01,882.32,67,34.1,6,0.039,0
1156,3,474.93,518.05,28,223.7,3,0.018,0
1157,1,551.43,609.15,61,168.0,1,0.395,0
1158,2,693.66,907.54,94,151.5,2,0.01,0
1159,5,903.94,1152.72,26,123.0,5,0.039,0
1160,3,734.36,586.24,43,57.9,3,0.257,0
1161,3,732.33,912.92,113,130.1,3,0.006,0
1162,5,866.5,884.67,119,98.1,3,0.216,0
1163,2,554.31,497.19,232,336.6,2,0.156,0
1164,3,910.93,857.46,15,117.4,3,0.105,0
1165,5,642.49,562.11,120,39.3,1,0.04,0
1166,3,873.72,898.39,330,115.8,3,0.04,0
1167,4,950.52,934.75,89,40.8,4,0.06,0
1168,4,563.91,703.31,95,66.7,4,0.037,1
1169,5,700.01,970.63,119,28.1,3,0.077,0
1170,4,818.37,752.05,209,112.7,4,0.014,0
1171,4,657.0,486.74,83,148.8,3,0.024,0
1172,3,661.18,749.49,174,160.2,1,0.247,0
1173,4,640.24,760.83,20,130.9,4,0.178,0
1174,5,420.91,452.94,47,145.0,2,0.123,0
1175,4,858.62,594.39,129,170.1,4,0.064,0
1176,4,548.55,461.63,35,92.5,3,0.025,0
1177,3,356.61,367.11,72,205.6,3,0.179,0
1178,5,857.03,751.44,17,1.0,1,0.219,0
1179,5,772.72,618.53,59,20.0,5,0.138,0
1180,6,502.29,717.71,180,27.4,6,0.007,1
1181,4,862.93,690.39,66,110.0,4,0.035,0
1182,5,799.82,992.83,19,30.5,5,0.03,0
1183,3,700.05,757.83,136,225.1,3,0.039,0
1184,1,647.44,726.21,43,365.0,1,0.009,0
1185,3,681.65,836.77,31,119.6,3,0.205,0
1186,4,730.97,630.26,365,93.0,4,0.041,0
1187,3,581.7,546.83,12,42.4,3,0.085,0
1188,4,867.71,949.72,49,31.2,4,0.248,0
1189,9,783.35,493.63,48,30.0,6,0.006,0
1190,5,679.75,904.01,10,2.2,1,0.117,0
1191,2,961.46,983.76,5,247.4,2,0.015,0
1192,4,654.77,531.41,80,126.0,2,0.004,0
1193,6,932.39,1136.36,9,26.1,6,0.029,0
1194,5,743.9,757.53,26,21.6,1,0.0,0
1195,9,813.64,696.23,41,40.6,5,0.005,0
1196,2,644.93,766.93,61,166.2,2,0.212,0
1197,3,419.55,224.42,148,168.5,3,0.098,0
1198,4,771.89,836.67,337,159.0,4,0.103,0
1199,5,521.81,658.55,125,124.6,5,0.08,1
1200,3,608.1,506.79,47,19.7,3,0.009,0
1201,4,711.37,529.0,50,114.9,2,0.094,0
1202,4,603.74,654.83,37,158.7,4,0.284,0
1203,3,695.24,601.14,28,58.6,3,0.034,0
1204,4,729.93,1058.13,222,119.1,2,0.129,0
1205,2,478.87,428.1,71,124.5,2,0.049,0
1206,1,741.13,712.31,35,28.0,1,0.052,0
1207,3,606.82,670.1,134,225.9,3,0.106,0
1208,3,539.79,343.49,7,211.7,3,0.114,0
1209,6,399.79,404.57,169,50.3,4,0.017,1
1210,3,466.84,571.36,79,24.7,3,0.235,0
1211,7,703.59,692.18,18,74.6,6,0.024,0
1212,2,706.37,544.2,97,39.6,2,0.072,0
1213,4,777.76,710.22,143,117.9,4,0.157,0
1214,5,957.36,590.73,86,52.5,1,0.193,0
1215,4,903.42,850.86,458,152.8,4,0.039,0
1216,3,849.37,1037.94,169,183.3,3,0.154,0
1217,1,877.96,768.33,23,365.0,1,0.016,0
1218,4,727.12,828.8,96,22.6,4,0.078,0
1219,3,724.41,509.65,109,183.4,3,0.173,0
1220,4,930.59,1280.38,36,163.3,4,0.028,0
1221,3,732.46,898.19,184,51.4,3,0.137,0
1222,2,735.66,663.25,7,273.9,2,0.037,0
1223,4,874.86,643.36,109,93.1,1,0.009,0
1224,3,658.52,591.6,20,136.9,3,0.06,0
1225,3,679.82,718.16,10,4.7,1,0.058,0
1226,6,495.8,603.49,34,66.1,6,0.262,0
1227,5,630.62,364.46,39,20.5,1,0.035,0
1228,4,650.54,807.39,40,13.0,4,0.112,0
1229,5,659.01,692.86,75,112.5,5,0.004,0
1230,3,821.57,630.4,139,66.4,3,0.092,0
1231,4,548.69,268.96,19,43.1,4,0.138,0
1232,3,923.37,948.76,245,234.5,3,0.151,0
1233,1,390.97,408.17,352,365.0,1,0.387,0
1234,1,789.73,692.38,43,365.0,1,0.071,0
1235,5,822.5,972.53,57,49.2,3,0.085,0
1236,2,803.79,1130.77,96,248.6,2,0.012,0
1237,3,864.33,795.28,131,44.9,2,0.011,0
1238,2,668.26,568.46,339,358.6,2,0.083,0
1239,4,887.95,1192.84,7,72.2,2,0.071,0
1240,4,596.38,570.06,101,22.4,4,0.276,1
1241,3,608.96,689.26,8,177.0,3,0.089,0
1242,7,1010.35,887.64,57,53.7,3,0.24,0
1243,6,726.52,892.21,29,39.4,6,0.154,0
1244,3,842.76,633.0,59,53.3,3,0.18,0
1245,6,774.42,796.89,78,110.1,6,0.056,0
1246,3,808.5,856.35,105,148.8,1,0.128,0
1247,6,399.21,384.64,14,106.5,1,0.057,0
1248,8,756.45,660.17,229,55.9,1,0.015,0
1249,6,702.37,954.23,2,119.2,5,0.108,0
1250,5,846.0,982.85,37,103.0,2,0.094,0
1251,4,580.64,480.18,166,141.3,4,0.078,1
1252,4,878.99,547.81,169,35.2,4,0.052,0
1253,3,519.04,672.52,191,107.2,3,0.06,0
1254,2,632.24,515.14,67,212.2,2,0.052,0
1255,4,463.26,468.98,115,163.8,4,0.048,1
1256,4,537.92,547.8,116,23.5,4,0.126,1
1257,4,701.04,741.13,88,41.7,1,0.302,0
1258,2,905.26,599.58,163,202.2,2,0.036,0
1259,3,705.25,656.0,72,28.4,3,0.234,0
1260,2,507.41,505.81,8,38.6,2,0.025,0
1261,2,383.37,379.11,45,349.3,2,0.131,0
1262,3,801.04,915.56,145,68.3,3,0.051,0
1263,5,601.39,621.23,24,94.4,4,0.017,0
1264,4,621.44,676.78,62,167.8,2,0.096,0
1265,5,861.5,758.34,68,126.8,3,0.167,0
1266,8,679.77,911.85,72,46.2,7,0.03,0
1267,5,655.2,617.29,26,106.8,3,0.009,0
1268,4,724.23,771.93,93,149.7,2,0.159,0
1269,3,922.29,943.37,108,46.2,1,0.163,0
1270,6,738.1,804.68,149,47.7,4,0.135,0
1271,4,376.1,466.41,82,112.7,4,0.017,0
1272,2,577.31,480.22,50,252.8,2,0.003,0
1273,3,657.32,765.87,88,230.6,3,0.017,0
1274,3,829.52,951.82,13,119.7,3,0.018,0
1275,2,513.61,531.42,134,214.6,2,0.014,0
1276,6,722.32,755.09,198,60.6,5,0.104,0
1277,2,687.72,528.78,108,244.9,2,0.269,0
1278,3,852.48,794.57,41,209.3,3,0.066,0
1279,2,550.46,340.49,74,138.0,2,0.02,0
1280,3,725.09,680.7,257,81.1,3,0.28,0
1281,3,929.97,918.2,201,210.6,3,0.289,0
1282,1,834.84,601.28,102,104.7,1,0.088,0
1283,5,789.89,837.14,74,109.4,5,0.127,0
1284,4,653.42,811.18,51,31.7,4,0.032,0
1285,9,722.71,753.85,8,37.8,7,0.036,0
1286,7,683.08,682.33,267,36.9,7,0.111,0
1287,5,828.49,741.43,17,44.8,3,0.132,0
1288,3,778.97,836.86,34,178.0,3,0.004,0
1289,6,605.87,482.73,115,96.7,6,0.236,0
1290,5,961.82,497.88,38,63.8,5,0.029,0
1291,4,880.65,1158.87,90,181.9,3,0.042,0
1292,5,570.01,679.54,129,34.4,5,0.036,1
1293,4,648.42,505.86,83,66.6,2,0.012,0
1294,2,676.24,480.66,97,296.5,2,0.154,0
1295,5,822.44,839.94,4,51.0,5,0.042,0
1296,4,578.63,586.09,68,80.9,1,0.051,0
1297,5,599.62,697.5,54,138.0,3,0.055,0
1298,4,831.75,776.03,175,49.0,4,0.091,0
1299,4,783.8,964.85,61,147.0,3,0.155,0
1300,2,407.73,390.06,143,107.7,2,0.02,0
1301,1,798.64,992.39,267,365.0,1,0.018,0
1302,5,478.86,461.48,56,39.2,5,0.123,0
1303,4,604.81,500.27,31,149.3,4,0.041,0
1304,2,645.27,596.95,62,39.1,2,0.021,0
1305,4,629.61,711.99,232,103.2,4,0.048,0
1306,4,602.6,645.24,112,38.3,4,0.157,0
1307,6,544.33,550.05,25,6.8,1,0.125,0
1308,3,776.86,614.68,45,157.4,3,0.064,0
1309,5,458.04,452.54,225,96.5,5,0.113,1
1310,2,620.25,539.26,19,51.1,2,0.103,0
1311,4,818.66,707.52,109,170.2,4,0.008,0
1312,5,759.62,910.83,31,133.5,4,0.219,0
1313,4,492.31,416.86,131,109.7,4,0.03,1
1314,3,410.57,342.97,215,175.4,3,0.057,0
1315,2,536.62,570.32,75,270.3,2,0.014,0
1316,7,373.29,304.89,11,56.8,6,0.056,0
1317,3,713.75,634.64,158,87.7,3,0.07,0
1318,5,631.07,874.11,5,97.3,5,0.326,0
1319,4,642.62,621.12,1,95.3,4,0.087,0
1320,5,776.56,881.53,188,64.1,5,0.142,0
1321,3,831.04,1249.1,203,207.4,3,0.121,0
1322,4,735.74,765.1,89,120.0,4,0.116,0
1323,3,666.57,736.52,131,66.4,3,0.004,0
1324,9,594.64,631.81,182,53.2,9,0.126,1
1325,5,647.37,605.25,5,39.0,5,0.142,0
1326,4,731.09,749.5,25,131.6,4,0.104,0
1327,4,838.82,808.84,134,125.4,4,0.034,0
1328,6,491.57,402.02,24,113.7,5,0.073,0
1329,1,530.81,619.26,41,315.1,1,0.085,0
1330,3,699.08,446.09,66,23.3,3,0.07,0
1331,5,383.34,383.92,115,136.9,5,0.048,1
1332,4,742.8,701.31,24,103.4,4,0.096,0
1333,3,858.47,680.56,67,246.6,1,0.007,0
1334,1,1053.76,1185.03,131,365.0,1,0.017,0
1335,3,712.31,566.75,22,150.6,3,0.151,0
1336,3,828.9,761.29,67,17.0,3,0.066,0
1337,4,703.28,805.65,206,148.1,4,0.334,0
1338,5,942.94,579.85,123,40.3,5,0.086,0
1339,5,636.52,773.69,63,51.7,2,0.097,0
1340,4,749.4,743.94,13,64.9,4,0.034,0
1341,3,790.55,741.68,2,25.0,3,0.342,0
1342,6,758.28,549.09,5,21.4,6,0.142,0
1343,5,584.25,594.82,124,133.1,5,0.297,1
1344,3,493.93,496.39,146,123.9,3,0.06,0
1345,2,853.18,946.44,197,112.7,2,0.024,0
1346,3,737.68,668.4,44,167.4,3,0.114,0
1347,4,711.29,572.54,9,74.0,4,0.083,0
1348,4,833.79,886.1,128,127.5,4,0.027,0
1349,4,826.77,731.27,154,32.7,4,0.059,0
1350,8,753.74,829.78,39,70.8,1,0.001,0
1351,3,795.34,631.32,173,217.6,3,0.173,0
1352,2,621.23,719.88,187,266.0,2,0.032,0
1353,4,780.07,1012.54,133,34.4,4,0.013,0
1354,2,464.59,449.12,4,348.7,2,0.052,0
1355,4,702.96,892.59,263,63.0,3,0.158,0
1356,2,812.08,934.46,102,54.8,2,0.222,0
1357,3,592.18,632.03,63,22.9,3,0.092,0
1358,3,721.36,719.42,392,136.3,3,0.143,0
1359,5,745.19,664.08,91,29.8,2,0.1,0
1360,3,566.39,702.07,10,98.1,2,0.099,0
1361,3,869.36,1042.52,207,169.4,3,0.196,0
1362,5,748.05,591.66,13,66.1,5,0.054,0
1363,5,448.61,458.93,120,102.3,5,0.063,1
1364,5,713.61,597.44,49,47.2,3,0.12,0
1365,5,918.07,1005.3,0,52.1,5,0.02,0
1366,5,699.4,804.19,51,25.7,5,0.125,0
1367,2,602.4,414.03,229,317.4,2,0.021,0
1368,4,618.3,607.98,9,20.7,4,0.295,0
1369,4,675.98,733.37,0,100.8,4,0.114,0
1370,1,518.14,527.61,108,314.6,1,0.07,0
1371,4,910.37,1235.11,0,158.5,4,0.219,0
1372,5,838.61,574.79,167,26.8,1,0.004,0
1373,4,861.59,1095.12,179,140.2,4,0.042,0
1374,5,474.47,390.63,89,87.0,5,0.135,0
1375,5,719.28,410.96,1,63.6,4,0.162,0
1376,5,861.72,916.91,75,89.6,1,0.077,0
1377,2,557.97,543.96,160,353.4,2,0.001,0
1378,6,689.16,701.87,70,75.0,6,0.073,0
1379,3,535.08,590.89,72,18.6,3,0.061,0
1380,8,825.09,915.79,116,45.1,6,0.03,0
1381,2,667.8,596.91,65,329.5,2,0.175,0
1382,3,686.13,797.53,142,61.2,3,0.13,0
1383,3,530.71,316.65,74,225.6,1,0.121,0
1384,2,932.2,914.57,379,208.9,1,0.246,0
1385,4,707.64,867.47,99,29.8,4,0.064,0
1386,6,818.73,865.51,69,89.8,4,0.016,0
1387,2,757.61,765.18,100,353.3,2,0.12,0
1388,5,563.64,524.87,42,37.7,5,0.033,0
1389,5,453.82,485.34,14,12.6,5,0.021,0
1390,4,671.29,633.63,32,25.6,2,0.03,0
1391,4,865.97,974.56,41,16.4,4,0.135,0
1392,2,404.57,362.55,24,118.3,2,0.07,0
1393,3,992.23,1294.99,201,228.8,3,0.027,0
1394,5,825.06,915.31,0,64.1,5,0.206,0
1395,2,728.61,992.78,356,266.7,2,0.031,0
1396,6,682.62,629.67,10,89.4,6,0.206,0
1397,6,828.81,1031.77,4,62.5,6,0.186,0
1398,3,516.89,386.09,65,30.8,1,0.118,0
1399,2,766.36,877.03,226,108.4,2,0.09,0
1400,6,746.23,728.96,17,78.0,5,0.175,0
1401,2,969.31,992.41,20,105.7,2,0.066,0
1402,1,645.21,739.33,39,91.3,1,0.011,0
1403,2,706.7,811.76,62,38.6,1,0.051,0
1404,8,690.01,805.73,25,22.4,1,0.143,0
1405,3,622.47,666.27,49,122.3,1,0.028,0
1406,3,921.74,1021.62,199,240.6,3,0.07,0
1407,6,553.8,529.23,176,97.4,6,0.091,1
1408,3,472.35,411.5,274,96.3,1,0.071,0
1409,7,736.59,761.15,52,69.9,1,0.153,0
1410,5,591.29,337.59,25,125.6,5,0.057,0
1411,5,738.12,799.98,72,16.2,2,0.046,0
1412,4,795.01,933.31,210,166.9,3,0.042,0
1413,5,721.92,811.43,2,107.8,5,0.022,0
1414,6,703.6,617.58,193,87.9,3,0.302,0
1415,2,390.73,230.94,36,319.6,1,0.088,0
1416,4,783.93,886.81,38,31.5,1,0.128,0
1417,3,729.43,614.38,54,47.4,3,0.046,0
1418,1,981.13,728.51,441,365.0,1,0.081,0
1419,1,870.58,1035.71,34,365.0,1,0.027,0
1420,3,477.7,348.21,30,141.5,3,0.108,0
1421,3,859.11,829.63,157,188.0,3,0.16,0
1422,5,505.06,684.59,245,46.3,5,0.03,1
1423,4,825.05,714.95,11,15.3,4,0.022,0
1424,3,918.04,722.37,88,123.2,3,0.031,0
1425,3,980.05,1079.48,154,50.7,3,0.082,0
1426,6,640.59,682.49,173,44.4,4,0.062,0
1427,4,805.9,538.77,305,174.4,4,0.094,0
1428,2,851.42,860.38,334,302.5,2,0.026,0
1429,4,770.59,952.17,38,69.6,4,0.013,0
1430,3,449.28,575.08,27,99.4,3,0.057,0
1431,4,723.17,685.49,149,28.0,4,0.194,0
1432,4,785.36,863.23,128,126.8,2,0.011,0
1433,3,699.76,775.63,57,229.3,3,0.387,0
1434,3,571.2,686.37,51,18.0,2,0.01,0
1435,3,669.87,657.7,44,83.8,2,0.012,0
1436,5,835.18,1051.54,78,100.0,4,0.124,0
1437,3,759.03,648.26,31,244.6,3,0.049,0
1438,4,769.82,889.94,84,138.5,4,0.132,0
1439,2,662.71,529.89,217,111.1,2,0.145,0
1440,4,763.97,490.44,151,46.9,4,0.086,0
1441,6,384.04,431.07,85,71.3,6,0.219,0
1442,3,693.39,1103.24,33,197.9,2,0.202,0
1443,2,642.86,684.06,9,284.2,2,0.045,0
1444,4,704.07,674.62,127,137.8,4,0.006,0
1445,4,524.08,654.27,88,20.3,3,0.068,0
1446,6,755.54,688.35,19,5.8,6,0.063,0
1447,5,988.36,639.5,245,84.2,4,0.142,0
1448,3,712.11,846.37,96,189.0,3,0.053,0
1449,4,706.98,926.8,87,176.7,4,0.351,0
1450,4,1076.16,1103.9,36,11.9,4,0.045,0
1451,4,557.87,592.75,217,163.5,4,0.24,1
1452,3,774.24,679.96,138,49.8,3,0.112,0
1453,5,937.06,906.59,113,26.5,1,0.021,0
1454,4,641.45,669.97,10,91.6,4,0.027,0
1455,5,827.93,835.37,7,1.0,4,0.016,0
1456,6,725.02,730.21,50,17.2,2,0.045,0
1457,4,538.81,200.35,15,52.1,2,0.048,0
1458,4,675.35,697.63,41,44.3,4,0.018,0
1459,2,695.23,510.64,27,187.5,2,0.051,0
1460,4,604.61,662.13,38,111.8,4,0.102,0
1461,5,459.01,556.09,49,13.9,5,0.065,0
1462,9,638.21,709.72,83,18.3,8,0.026,0
1463,5,475.74,366.51,13,65.6,4,0.236,0
1464,4,781.25,650.91,113,94.0,2,0.007,0
1465,6,782.38,771.94,2,28.2,2,0.023,0
1466,6,508.79,595.63,328,102.8,3,0.317,1
1467,2,712.3,853.98,109,225.0,2,0.04,0
1468,2,498.39,534.34,87,41.0,2,0.032,0
1469,5,645.72,521.19,24,12.3,5,0.045,0
1470,6,599.68,740.47,48,95.6,3,0.058,0
1471,2,772.03,768.05,107,195.2,2,0.162,0
1472,7,457.1,420.75,77,67.1,7,0.212,0
1473,6,847.46,764.96,3,21.3,6,0.121,0
1474,3,884.16,615.03,50,29.0,3,0.005,0
1475,5,678.37,827.58,44,131.3,5,0.003,0
1476,3,498.18,485.71,19,105.7,3,0.118,0
1477,4,385.99,332.55,28,97.9,4,0.075,0
1478,4,864.29,969.26,27,140.7,3,0.13,0
1479,2,997.59,1154.67,239,227.7,2,0.029,0
1480,6,706.53,461.7,92,87.7,6,0.134,0
1481,4,525.59,688.59,263,141.9,3,0.025,1
1482,3,535.73,773.73,44,180.6,3,0.006,0
1483,6,877.24,895.14,110,12.6,2,0.023,0
1484,1,725.34,760.07,358,365.0,1,0.066,0
1485,2,554.6,820.09,85,365.0,2,0.182,0
1486,4,1044.88,816.51,102,174.7,4,0.062,0
1487,4,856.81,767.42,93,108.5,4,0.202,0
1488,4,782.42,873.38,37,160.1,2,0.021,0
1489,5,616.3,757.77,27,24.7,3,0.11,0
1490,3,885.85,892.59,22,238.5,2,0.15,0
1491,5,832.28,696.86,163,118.5,4,0.046,0
1492,7,684.03,860.25,54,43.5,7,0.102,0
1493,5,863.25,861.92,37,27.4,2,0.153,0
1494,3,856.86,857.1,85,116.7,3,0.023,0
1495,2,741.09,878.91,12,113.9,2,0.333,0
1496,2,527.97,686.96,16,143.3,2,0.003,0
1497,4,546.8,573.01,146,71.5,1,0.096,1
1498,5,462.28,506.5,208,58.9,1,0.091,1
1499,5,898.69,1086.76,34,94.9,5,0.023,0
1500,3,480.88,459.1,63,28.4,3,0.068,0
1501,4,705.12,627.77,48,169.4,4,0.032,0
1502,4,461.36,427.43,67,125.9,3,0.189,0
1503,3,952.55,777.21,64,58.4,3,0.056,0
1504,3,525.62,411.27,58,22.2,3,0.065,0
1505,4,748.42,1080.87,110,56.7,4,0.1,0
1506,9,464.81,381.64,19,32.2,8,0.013,0
1507,8,830.62,875.72,187,74.1,7,0.002,0
1508,4,862.71,847.93,37,105.3,4,0.0,0
1509,4,702.64,850.0,24,127.5,4,0.073,0
1510,5,690.13,706.16,157,31.5,5,0.119,0
1511,4,821.64,1049.57,26,1.0,1,0.03,0
1512,4,608.56,592.81,53,11.7,2,0.173,0
1513,3,863.33,905.69,47,52.6,3,0.091,0
1514,3,744.48,856.28,9,124.9,3,0.02,0
1515,6,464.04,482.53,200,36.4,3,0.158,1
1516,4,977.0,1079.96,48,39.9,4,0.043,0
1517,1,727.6,768.88,186,242.8,1,0.119,0
1518,4,649.27,465.7,86,26.7,4,0.097,0
1519,4,724.81,835.78,82,174.0,4,0.003,0
1520,2,592.24,731.72,179,287.8,2,0.168,0
1521,5,677.07,659.52,62,12.9,5,0.006,0
1522,4,818.4,784.8,49,63.1,4,0.166,0
1523,6,803.15,850.28,79,23.6,4,0.077,0
1524,4,792.95,1101.53,23,23.9,4,0.051,0
1525,5,609.85,575.14,5,25.3,5,0.008,0
1526,5,570.88,641.95,75,13.9,2,0.05,0
1527,4,758.18,731.66,9,116.5,4,0.015,0
1528,2,815.62,913.09,80,246.5,2,0.026,0
1529,6,590.11,439.55,5,70.0,6,0.039,0
1530,3,665.83,904.97,307,218.5,3,0.072,0
1531,2,758.87,814.63,16,168.2,2,0.06,0
1532,2,685.64,647.41,222,212.8,2,0.019,0
1533,2,873.58,829.61,181,325.9,2,0.12,0
1534,9,503.81,531.84,2,18.5,6,0.1,0
1535,5,482.05,675.14,114,137.4,4,0.051,1
1536,3,864.38,1131.74,317,110.9,3,0.134,0
1537,6,792.57,749.95,58,13.0,1,0.24,0
1538,5,713.58,727.02,30,83.3,3,0.043,0
1539,5,649.92,668.69,70,124.2,4,0.028,0
1540,3,770.6,469.78,15,95.3,3,0.133,0
1541,3,728.33,694.76,250,81.7,2,0.027,0
1542,1,744.92,776.22,73,79.1,1,0.103,0
1543,1,689.86,564.61,109,365.0,1,0.131,0
1544,5,780.26,1049.78,46,57.6,5,0.076,0
1545,10,837.75,649.12,1,67.8,7,0.087,0
1546,5,835.59,665.93,3,10.0,5,0.067,0
1547,7,768.59,874.9,59,87.0,7,0.355,0
1548,3,699.45,738.45,83,186.8,1,0.064,0
1549,3,766.68,697.31,487,160.7,1,0.001,0
1550,3,879.26,1056.38,36,105.4,3,0.005,0
1551,4,676.83,709.83,47,33.0,4,0.004,0
1552,6,659.13,902.9,180,36.3,6,0.006,0
1553,4,774.04,498.72,5,37.2,4,0.007,0
1554,3,810.75,726.15,123,100.0,2,0.02,0
1555,4,684.93,911.54,11,101.2,4,0.352,0
1556,1,767.58,841.33,495,365.0,1,0.086,0
1557,3,573.95,561.87,40,149.5,3,0.043,0
1558,4,698.36,642.0,173,156.0,1,0.213,0
1559,6,932.94,998.21,193,77.1,4,0.165,0
1560,2,791.16,610.01,270,343.2,2,0.023,0
1561,2,602.94,429.97,117,69.2,2,0.259,0
1562,6,623.03,693.22,290,67.0,5,0.047,0
1563,3,513.47,601.31,46,15.7,3,0.012,0
1564,2,943.52,1121.07,222,335.2,2,0.074,0
1565,2,550.81,503.52,40,147.1,2,0.156,0
1566,2,320.65,290.57,78,314.1,2,0.012,0
1567,5,489.01,488.69,82,31.8,5,0.154,0
1568,4,707.95,567.28,16,159.1,4,0.003,0
1569,7,592.45,671.12,70,5.6,6,0.009,0
1570,8,719.4,676.8,7,78.2,8,0.001,0
1571,4,751.23,741.22,135,151.4,4,0.007,0
1572,4,606.4,585.13,6,130.3,4,0.022,0
1573,3,562.04,619.83,12,190.9,3,0.226,0
1574,3,836.63,884.51,117,191.0,3,0.022,0
1575,3,744.76,1028.71,72,232.9,3,0.12,0
1576,4,298.59,275.65,0,107.6,4,0.013,0
1577,5,469.42,637.74,45,138.7,1,0.015,0
1578,5,431.08,274.88,25,116.2,1,0.02,0
1579,3,676.08,742.27,246,233.9,3,0.022,0
1580,1,730.42,498.79,221,236.7,1,0.064,0
1581,4,674.28,536.2,137,40.8,3,0.036,0
1582,5,605.74,487.66,271,70.1,5,0.048,0
1583,5,853.29,673.68,111,55.7,5,0.048,0
1584,2,748.07,657.1,25,207.7,2,0.093,0
1585,6,563.18,811.04,221,61.2,2,0.02,1
1586,7,572.93,472.31,8,57.7,6,0.027,0
1587,4,585.67,396.64,22,149.4,4,0.135,0
1588,2,647.89,711.86,48,347.3,2,0.062,0
1589,7,705.28,739.45,13,40.3,1,0.048,0
1590,4,762.01,1099.77,1,40.1,4,0.002,0
1591,2,576.5,571.8,88,308.0,2,0.052,0
1592,4,496.55,269.38,89,29.9,2,0.028,0
1593,4,759.02,694.14,56,40.1,1,0.127,0
1594,4,824.34,750.59,27,79.0,4,0.087,0
1595,3,956.52,720.67,257,130.6,1,0.115,0
1596,6,760.71,675.12,39,116.8,4,0.037,0
1597,6,590.51,572.85,146,89.7,5,0.033,1
1598,5,791.6,781.97,17,20.1,1,0.077,0
1599,3,677.37,490.36,48,17.0,3,0.007,0
1600,3,498.22,558.94,195,151.8,3,0.138,0
1601,4,692.73,919.38,3,61.2,2,0.006,0
1602,5,742.39,784.05,227,50.5,5,0.122,0
1603,4,915.04,1117.51,51,94.9,4,0.128,0
1604,3,710.7,736.47,417,138.7,3,0.083,0
1605,4,577.7,456.79,124,102.0,2,0.11,1
1606,4,416.96,439.56,306,91.4,4,0.141,1
1607,4,515.64,463.81,7,114.1,2,0.038,0
1608,3,554.47,431.44,153,50.1,3,0.19,0
1609,3,949.94,935.1,182,61.5,3,0.011,0
1610,3,671.35,781.51,373,124.6,3,0.001,0
1611,3,686.56,639.79,4,30.9,3,0.001,0
1612,4,865.18,1200.86,8,59.5,4,0.075,0
1613,7,790.4,940.71,47,2.2,7,0.014,0
1614,4,660.69,588.3,4,114.2,4,0.148,0
1615,4,871.97,771.13,1,160.4,2,0.04,0
1616,6,597.4,853.65,63,29.9,6,0.104,0
1617,6,742.55,692.61,60,94.4,5,0.157,0
1618,4,511.71,548.99,97,121.6,4,0.138,1
1619,6,739.03,801.38,1,81.3,4,0.133,0
1620,7,852.66,558.68,50,70.8,7,0.016,0
1621,2,830.7,546.45,48,261.8,2,0.05,0
1622,2,835.32,978.38,203,329.5,2,0.331,0
1623,3,1133.17,895.8,51,223.1,1,0.188,0
1624,4,659.87,661.43,39,16.1,4,0.263,0
1625,3,564.44,393.97,127,122.4,2,0.067,0
1626,7,768.41,717.93,77,90.8,4,0.255,0
1627,6,567.95,592.23,4,76.5,6,0.005,0
1628,4,530.06,311.66,101,73.7,4,0.036,1
1629,2,662.14,669.3,154,222.2,2,0.173,0
1630,2,997.04,1018.83,88,129.7,2,0.09,0
1631,4,803.36,728.08,180,146.0,1,0.212,0
1632,5,757.07,590.45,0,56.8,3,0.113,0
1633,2,449.08,415.26,305,146.6,2,0.102,0
1634,3,606.56,561.05,56,131.5,2,0.222,0
1635,9,914.88,1267.1,54,38.5,7,0.037,0
1636,1,659.5,643.57,6,258.6,1,0.028,0
1637,6,1029.24,933.66,98,101.9,6,0.048,0
1638,3,767.21,748.36,94,120.7,3,0.107,0
1639,3,677.43,734.83,131,44.9,2,0.188,0
1640,5,652.9,703.41,49,62.5,5,0.169,0
1641,4,690.24,752.34,37,3.6,4,0.047,0
1642,4,482.23,540.39,7,153.8,4,0.067,0
1643,2,845.96,598.9,9,330.1,2,0.142,0
1644,7,766.25,845.41,214,30.9,1,0.114,0
1645,7,661.57,685.94,21,53.8,5,0.113,0
1646,5,683.27,598.13,74,12.1,5,0.061,0
1647,7,821.47,838.95,6,64.1,1,0.051,0
1648,3,1004.46,982.38,121,182.2,3,0.085,0
1649,3,929.74,925.87,96,123.9,3,0.058,0
1650,2,727.86,753.24,261,125.5,2,0.234,0
1651,4,576.61,383.07,53,128.7,4,0.271,0
1652,1,470.0,494.73,8,365.0,1,0.144,0
1653,1,718.4,811.86,115,195.8,1,0.062,0
1654,6,582.51,610.92,139,51.3,6,0.026,1
1655,5,723.28,618.39,4,58.5,5,0.023,0
1656,4,743.6,615.23,3,74.3,4,0.062,0
1657,2,807.54,836.97,248,300.6,2,0.073,0
1658,4,524.27,608.48,178,176.6,4,0.083,1
1659,6,566.93,715.31,17,65.3,6,0.01,0
1660,1,652.87,752.74,136,138.2,1,0.067,0
1661,7,739.08,814.71,4,25.7,3,0.004,0
1662,3,730.24,358.9,174,126.4,3,0.087,0
1663,4,1086.71,953.34,37,144.0,4,0.05,0
1664,9,361.11,383.71,15,57.1,4,0.138,0
1665,5,866.54,748.68,101,19.5,4,0.011,0
1666,6,858.81,699.04,194,112.2,6,0.054,0
1667,5,562.71,443.14,3,46.8,5,0.114,0
1668,5,629.15,851.22,13,46.4,5,0.342,0
1669,3,964.24,713.54,35,211.1,3,0.026,0
1670,5,606.68,580.92,206,36.9,4,0.011,0
1671,3,609.17,520.48,251,207.4,1,0.09,0
1672,3,717.99,593.95,131,43.2,3,0.016,0
1673,4,776.85,840.78,48,83.9,4,0.275,0
1674,3,849.63,989.48,31,120.2,1,0.05,0
1675,3,856.1,654.59,25,45.5,3,0.211,0
1676,2,817.28,825.86,307,213.7,2,0.061,0
1677,4,413.8,404.4,27,149.4,3,0.083,0
1678,6,693.8,631.05,60,47.1,5,0.056,0
1679,5,799.73,650.39,36,61.4,5,0.508,0
1680,4,802.71,980.69,71,160.8,4,0.072,0
1681,6,593.5,470.77,33,80.9,4,0.176,0
1682,2,546.6,404.17,49,201.7,2,0.167,0
1683,3,536.27,654.11,66,48.7,3,0.027,0
1684,7,769.83,800.61,29,39.8,5,0.008,0
1685,3,851.09,650.05,219,179.1,2,0.196,0
1686,1,721.28,710.16,102,101.3,1,0.079,0
1687,8,539.51,472.17,12,85.8,6,0.02,0
1688,3,726.94,943.4,32,104.2,3,0.085,0
1689,4,557.22,530.3,5,172.9,1,0.057,0
1690,4,589.45,652.12,36,51.3,4,0.164,0
1691,6,644.71,641.74,88,119.2,6,0.349,0
1692,5,580.22,746.97,18,116.1,5,0.035,0
1693,2,530.47,552.05,15,132.7,2,0.049,0
1694,4,932.41,1148.27,39,98.3,4,0.154,0
1695,2,416.82,461.96,70,34.8,2,0.036,0
1696,3,611.26,543.64,76,44.6,3,0.105,0
1697,4,667.63,667.88,41,117.3,4,0.03,0
1698,2,884.19,846.56,234,128.7,1,0.021,0
1699,4,744.2,658.85,65,163.2,4,0.043,0
1700,4,657.77,516.09,62,163.2,4,0.085,0
1701,4,588.82,748.93,3,21.3,4,0.01,0
1702,4,872.09,512.59,104,104.1,4,0.017,0
1703,6,579.01,733.2,49,80.1,6,0.046,0
1704,6,731.67,535.93,12,96.7,6,0.145,0
1705,3,674.59,747.87,33,165.5,3,0.108,0
1706,3,772.01,681.6,27,33.6,3,0.111,0
1707,6,935.67,623.76,10,119.0,2,0.087,0
1708,5,805.82,990.41,51,69.5,1,0.07,0
1709,7,680.66,354.04,32,58.4,4,0.063,0
1710,4,951.36,1102.84,45,93.0,1,0.164,0
1711,2,936.97,961.32,41,204.6,2,0.028,0
1712,3,870.93,1053.99,68,146.4,1,0.048,0
1713,2,742.31,835.29,114,258.5,2,0.214,0
1714,4,584.33,655.96,97,163.6,2,0.068,1
1715,5,345.09,407.07,22,55.0,5,0.003,0
1716,7,731.72,854.29,93,19.3,7,0.053,0
1717,2,816.1,889.66,3,284.8,2,0.008,0
1718,7,499.43,466.01,99,69.5,7,0.057,1
1719,7,762.32,727.38,23,7.1,4,0.176,0
1720,3,633.18,646.71,55,112.5,3,0.047,0
1721,6,776.54,735.19,69,40.5,6,0.028,0
1722,5,607.52,873.13,84,42.1,5,0.086,0
1723,6,591.09,580.86,43,86.7,6,0.004,0
1724,3,690.84,531.97,333,184.2,3,0.069,0
1725,5,523.54,510.92,175,66.1,5,0.079,1
1726,7,844.23,702.66,18,75.8,6,0.219,0
1727,5,703.04,978.32,80,57.9,5,0.043,0
1728,4,528.31,538.64,131,176.8,4,0.049,1
1729,1,607.66,684.81,44,365.0,1,0.186,0
1730,1,788.53,869.78,3,236.2,1,0.054,0
1731,3,654.78,778.63,98,33.2,3,0.01,0
1732,2,806.49,844.95,457,297.2,2,0.014,0
1733,4,550.73,506.81,39,69.9,4,0.026,0
1734,8,658.04,664.26,17,37.3,8,0.086,0
1735,1,689.17,520.11,30,365.0,1,0.058,0
1736,7,1034.04,1003.06,83,86.6,5,0.139,0
1737,6,590.81,802.78,112,59.1,6,0.099,1
1738,2,793.98,910.73,78,84.9,2,0.168,0
1739,4,770.72,754.34,28,153.0,4,0.134,0
1740,4,962.17,1349.29,61,171.9,4,0.095,0
1741,4,903.94,793.76,74,128.7,3,0.015,0
1742,2,630.62,673.85,90,40.4,2,0.164,0
1743,7,542.6,509.73,42,21.5,6,0.11,0
1744,3,487.64,467.68,0,179.1,3,0.073,0
1745,7,735.4,793.34,45,95.6,2,0.057,0
1746,3,852.07,950.23,51,56.9,3,0.025,0
1747,4,871.57,836.23,83,113.8,2,0.066,0
1748,2,660.84,550.33,10,307.8,2,0.193,0
1749,3,706.66,965.61,253,146.1,3,0.089,0
1750,6,913.91,932.45,166,75.4,6,0.008,0
1751,4,585.52,464.08,85,94.5,4,0.005,0
1752,4,328.7,261.5,110,28.5,4,0.003,1
1753,5,872.98,1220.6,51,19.0,1,0.18,0
1754,3,525.94,785.12,101,30.5,2,0.058,0
1755,1,656.41,700.61,86,89.8,1,0.229,0
1756,4,768.49,674.13,44,135.0,2,0.154,0
1757,5,630.67,672.62,291,109.1,3,0.131,0
1758,8,862.05,809.36,60,81.7,5,0.025,0
1759,5,1100.7,1226.97,419,94.6,5,0.045,0
1760,4,578.94,619.48,58,166.6,4,0.067,0
1761,1,720.08,715.41,5,365.0,1,0.051,0
1762,5,700.75,688.92,32,136.4,5,0.048,0
1763,2,746.92,714.04,151,210.8,1,0.364,0
1764,9,609.49,725.12,144,51.0,9,0.007,0
1765,3,602.47,579.24,114,222.4,3,0.074,0
1766,4,606.02,855.17,65,78.3,3,0.016,0
1767,7,630.78,901.86,6,27.6,3,0.124,0
1768,5,633.15,585.25,14,26.9,2,0.064,0
1769,2,324.22,300.83,7,251.6,1,0.149,0
1770,4,713.29,706.29,127,119.1,4,0.124,0
1771,1,654.82,570.78,294,290.6,1,0.19,0
1772,2,592.23,693.06,25,153.3,2,0.214,0
1773,8,713.96,883.09,25,31.7,7,0.003,0
1774,3,699.18,878.66,78,211.5,3,0.061,0
1775,2,640.35,613.7,22,243.6,2,0.042,0
1776,2,701.32,670.39,77,323.3,2,0.013,0
1777,3,612.72,368.72,36,10.7,3,0.038,0
1778,2,524.65,455.72,182,306.2,2,0.049,0
1779,4,994.16,808.86,18,38.9,4,0.035,0
1780,3,625.61,487.07,12,145.1,3,0.035,0
1781,5,739.83,667.78,53,50.3,2,0.073,0
1782,2,1089.47,1022.54,636,324.3,2,0.03,0
1783,2,637.95,634.79,113,66.3,2,0.071,0
1784,4,769.03,978.14,35,120.9,2,0.038,0
1785,5,1049.0,1293.53,2,119.5,5,0.111,0
1786,5,452.51,350.71,47,56.9,3,0.024,0
1787,3,900.07,977.13,20,189.2,3,0.23,0
1788,2,733.32,616.02,28,66.8,2,0.101,0
1789,4,624.22,642.69,18,158.4,4,0.061,0
1790,3,707.27,892.72,152,169.2,3,0.215,0
1791,3,645.72,582.92,4,127.6,3,0.169,0
1792,2,936.44,751.52,119,70.7,2,0.025,0
1793,7,697.6,704.78,100,45.6,4,0.201,0
1794,1,804.67,1017.14,30,336.2,1,0.088,0
1795,3,620.66,869.58,268,142.8,3,0.121,0
1796,4,743.86,652.2,8,28.8,4,0.021,0
1797,5,642.58,659.49,103,131.4,1,0.034,0
1798,4,487.01,513.84,19,75.8,4,0.134,0
1799,3,896.26,641.48,196,126.2,3,0.088,0
1800,4,752.22,530.15,75,17.3,3,0.026,0
1801,7,815.68,868.62,64,56.7,7,0.055,0
1802,5,590.74,546.35,38,102.5,5,0.069,0
1803,4,877.71,631.71,34,97.4,2,0.1,0
1804,6,770.17,875.99,49,41.9,1,0.023,0
1805,3,722.53,731.36,170,158.3,3,0.026,0
1806,1,854.39,856.36,33,365.0,1,0.056,0
1807,6,650.61,508.09,135,54.8,4,0.011,0
1808,3,894.21,589.04,78,99.4,1,0.074,0
1809,6,600.66,528.82,48,53.4,1,0.055,0
1810,2,704.99,711.86,2,210.5,2,0.022,0
1811,9,559.52,480.21,7,71.6,3,0.037,0
1812,2,527.77,411.96,81,210.9,2,0.002,0
1813,9,630.14,583.25,238,57.3,4,0.031,0
1814,5,675.87,680.61,25,101.6,5,0.022,0
1815,6,782.77,1004.24,0,125.0,3,0.027,0
1816,2,603.54,621.68,82,280.1,2,0.093,0
1817,1,788.04,556.81,2,365.0,1,0.164,0
1818,3,652.01,388.31,49,67.6,3,0.002,0
1819,2,625.89,318.76,62,362.9,2,0.024,0
1820,3,794.42,848.41,0,65.1,1,0.12,0
1821,3,618.33,488.2,181,181.1,1,0.154,0
1822,7,973.78,1070.74,38,6.5,3,0.06,0
1823,8,764.85,945.36,380,45.0,6,0.213,0
1824,3,494.86,553.29,85,77.4,3,0.159,0
1825,2,682.12,651.14,52,144.8,2,0.077,0
1826,4,602.92,825.81,130,33.5,2,0.029,0
1827,3,453.81,411.97,121,38.9,3,0.063,0
1828,3,858.68,703.58,57,192.5,3,0.059,0
1829,3,862.14,919.67,100,182.8,1,0.034,0
1830,3,591.29,682.75,206,158.8,3,0.013,0
1831,3,806.59,389.53,25,198.0,3,0.001,0
1832,5,831.55,1016.24,1,99.3,5,0.127,0
1833,6,698.1,471.23,62,82.6,3,0.197,0
1834,3,842.84,496.92,131,64.3,1,0.03,0
1835,2,744.18,692.95,66,40.1,2,0.033,0
1836,2,871.82,686.52,130,200.3,2,0.008,0
1837,6,524.13,567.71,39,103.3,5,0.112,0
1838,1,722.2,773.66,189,365.0,1,0.073,0
1839,7,730.23,775.28,3,67.5,3,0.03,0
1840,5,526.53,655.45,14,106.3,5,0.097,0
1841,7,540.87,506.74,42,25.3,3,0.069,0
1842,4,462.39,496.36,220,53.2,4,0.128,1
1843,3,706.78,470.81,124,170.8,1,0.031,0
1844,5,633.95,755.73,39,35.0,2,0.024,0
1845,3,506.39,455.62,69,31.3,1,0.157,0
1846,5,882.59,832.45,93,11.7,5,0.016,0
1847,6,760.05,707.99,62,67.0,1,0.07,0
1848,4,591.32,579.54,5,188.1,4,0.048,0
1849,4,730.49,676.54,55,161.9,4,0.037,0
1850,2,664.3,376.7,70,205.2,2,0.144,0
1851,2,465.64,581.14,331,245.8,2,0.087,0
1852,6,741.08,644.69,29,48.6,2,0.025,0
1853,5,945.98,875.17,6,22.7,5,0.05,0
1854,2,911.8,876.6,63,81.1,2,0.195,0
1855,6,715.51,790.56,3,91.8,3,0.005,0
1856,2,634.6,572.04,257,165.5,2,0.298,0
1857,6,784.43,951.65,71,29.5,1,0.019,0
1858,4,739.98,1017.4,65,56.8,4,0.103,0
1859,4,679.21,901.44,45,167.9,3,0.139,0
1860,9,979.02,1028.59,32,14.8,7,0.014,0
1861,5,640.58,566.72,139,103.9,5,0.025,0
1862,3,843.57,741.8,23,196.7,3,0.052,0
1863,2,721.58,668.22,10,307.6,2,0.078,0
1864,5,722.3,599.38,74,120.4,1,0.063,0
1865,5,452.36,489.98,86,23.7,5,0.079,0
1866,5,865.21,826.03,74,68.0,5,0.059,0
1867,2,825.51,822.82,229,318.3,1,0.147,0
1868,6,728.2,683.36,178,42.3,6,0.011,0
1869,6,855.22,932.39,6,21.5,6,0.005,0
1870,5,762.33,801.35,35,9.8,5,0.081,0
1871,4,505.39,469.67,63,13.4,4,0.059,0
1872,4,554.41,537.97,106,146.1,4,0.132,1
1873,3,690.91,670.26,107,184.1,3,0.102,0
1874,7,446.28,506.15,111,78.8,7,0.193,1
1875,2,868.37,733.23,176,316.4,2,0.001,0
1876,8,667.67,605.52,45,60.3,5,0.22,0
1877,5,720.54,446.74,4,124.6,5,0.271,0
1878,5,552.78,433.93,85,47.3,4,0.009,0
1879,4,796.97,759.32,24,150.1,4,0.053,0
1880,3,678.59,619.29,35,209.4,3,0.185,0
1881,3,651.09,395.54,136,82.9,1,0.115,0
1882,3,911.64,1007.38,72,118.3,1,0.05,0
1883,6,896.41,738.54,100,52.1,6,0.001,0
1884,9,812.46,549.19,29,41.2,2,0.043,0
1885,3,731.36,784.65,244,217.5,3,0.164,0
1886,5,622.59,726.44,50,11.4,4,0.046,0
1887,6,656.68,336.58,54,38.7,6,0.15,0
1888,2,649.79,738.47,19,78.4,1,0.055,0
1889,6,758.83,726.09,56,51.2,1,0.113,0
1890,6,695.24,659.69,21,80.3,5,0.029,0
1891,3,698.98,542.43,172,202.0,1,0.307,0
1892,3,931.13,902.24,115,35.3,1,0.125,0
1893,2,871.56,855.66,2,249.9,2,0.203,0
1894,5,582.82,845.48,61,31.0,5,0.034,0
1895,5,744.55,822.28,4,19.8,5,0.05,0
1896,5,583.64,583.35,75,77.4,3,0.044,0
1897,5,790.41,977.26,208,63.0,5,0.064,0
1898,3,989.38,1164.52,242,158.1,3,0.38,0
1899,5,646.59,458.56,25,35.0,5,0.053,0
1900,4,818.59,926.89,15,135.3,4,0.098,0
1901,3,942.03,960.44,187,169.5,3,0.083,0
1902,3,679.57,584.37,94,152.4,3,0.132,0
1903,3,774.15,614.04,66,67.0,3,0.126,0
1904,4,957.22,929.13,171,147.4,4,0.002,0
1905,2,559.59,558.43,41,25.4,2,0.014,0
1906,5,544.5,669.57,22,127.3,1,0.069,0
1907,5,513.36,282.13,85,146.9,3,0.163,0
1908,8,813.24,608.49,20,74.5,6,0.002,0
1909,6,548.03,569.49,44,64.5,3,0.008,0
1910,3,783.98,762.25,72,153.8,3,0.109,0
1911,7,903.94,923.9,16,92.3,7,0.179,0
1912,9,600.72,545.65,3,47.0,8,0.386,0
1913,6,585.69,614.83,116,70.8,1,0.061,1
1914,1,800.49,546.05,249,243.2,1,0.055,0
1915,2,707.18,1003.86,131,262.5,2,0.029,0
1916,6,345.57,374.43,12,27.3,6,0.08,0
1917,3,929.78,1014.82,77,195.8,2,0.018,0
1918,2,782.8,615.9,28,310.7,2,0.086,0
1919,3,642.94,567.25,231,81.4,3,0.018,0
1920,5,636.87,701.99,107,81.4,1,0.202,0
1921,4,805.04,748.64,3,63.7,2,0.094,0
1922,2,693.27,730.43,0,206.7,2,0.008,0
1923,6,708.59,598.12,329,92.2,6,0.088,0
1924,8,722.61,529.22,2,84.9,8,0.049,0
1925,6,577.14,705.37,160,40.8,6,0.107,1
1926,3,645.89,530.09,307,99.6,3,0.105,0
1927,1,671.75,793.99,66,77.5,1,0.014,0
1928,3,585.9,487.64,93,159.5,3,0.129,0
1929,4,741.21,717.71,107,65.9,3,0.076,0
1930,2,772.65,712.84,105,274.7,2,0.032,0
1931,6,952.97,912.91,19,51.0,2,0.033,0
1932,8,585.85,674.67,56,11.2,8,0.081,0
1933,4,833.57,1105.63,30,72.4,4,0.079,0
1934,2,913.74,878.7,25,202.0,1,0.15,0
1935,2,842.44,862.85,101,170.1,2,0.103,0
1936,6,625.29,591.59,37,89.4,4,0.102,0
1937,3,653.61,664.93,3,128.5,3,0.017,0
1938,4,927.69,794.5,307,140.4,4,0.008,0
1939,6,672.03,532.83,3,41.6,6,0.055,0
1940,5,695.48,740.68,209,55.8,4,0.084,0
1941,4,626.99,654.97,21,153.4,2,0.008,0
1942,3,816.07,1001.48,18,103.8,3,0.095,0
1943,3,330.88,334.14,8,209.3,3,0.122,0
1944,3,578.5,573.04,66,93.6,1,0.054,0
1945,1,553.02,610.27,123,122.9,1,0.358,0
1946,3,938.26,1123.07,280,240.6,3,0.042,0
1947,4,734.83,711.55,157,134.5,4,0.042,0
1948,9,669.74,324.82,10,36.1,4,0.074,0
1949,5,669.4,528.8,16,104.4,5,0.09,0
1950,3,492.77,598.24,0,11.1,3,0.058,0
1951,5,903.43,1211.59,104,89.1,1,0.132,0
1952,2,647.29,819.92,2,218.4,2,0.209,0
1953,4,788.97,719.73,15,121.8,2,0.009,0
1954,2,601.52,562.02,144,278.5,1,0.02,0
1955,3,691.01,793.23,19,198.2,3,0.061,0
1956,7,562.17,629.65,11,32.4,6,0.106,0
1957,3,662.79,333.3,31,226.1,2,0.032,0
1958,7,856.12,863.52,35,98.8,7,0.018,0
1959,8,715.87,708.16,0,10.9,6,0.0,0
1960,5,756.12,581.89,123,102.1,2,0.042,0
1961,5,709.4,624.66,133,34.7,2,0.026,0
1962,2,944.67,994.55,65,342.5,2,0.177,0
1963,4,577.52,552.38,164,162.8,4,0.036,1
1964,4,679.29,805.91,34,86.3,4,0.104,0
1965,5,728.19,984.58,219,41.3,1,0.155,0
1966,6,550.61,654.7,40,41.5,2,0.006,0
1967,4,718.97,783.25,113,175.2,3,0.111,0
1968,5,704.45,683.5,35,59.3,3,0.174,0
1969,11,717.09,831.29,30,23.1,5,0.007,0
1970,5,717.74,628.36,93,56.7,5,0.106,0
1971,3,599.26,533.7,51,91.7,3,0.097,0
1972,3,456.31,343.92,128,141.4,3,0.041,0
1973,2,727.46,501.9,22,267.4,1,0.092,0
1974,1,565.99,710.96,119,365.0,1,0.035,0
1975,4,686.13,723.17,32,112.2,4,0.107,0
1976,3,587.73,650.19,303,170.2,3,0.043,0
1977,5,477.89,465.8,44,10.1,5,0.072,0
1978,4,754.1,1039.11,68,127.3,3,0.122,0
1979,6,805.05,1088.21,48,120.7,5,0.048,0
1980,3,865.49,862.61,215,88.4,3,0.392,0
1981,10,632.94,629.38,64,35.8,8,0.186,0
1982,7,705.95,674.88,82,32.7,7,0.032,0
1983,5,751.09,583.64,71,140.3,2,0.024,0
1984,4,853.18,783.32,203,129.8,4,0.109,0
1985,3,437.49,409.91,25,88.0,3,0.003,0
1986,4,479.69,267.0,150,41.1,4,0.048,1
1987,3,908.24,494.4,88,234.9,3,0.006,0
1988,3,447.24,441.49,116,228.0,1,0.037,0
1989,4,837.61,977.05,337,130.4,4,0.148,0
1990,5,899.65,761.05,49,69.1,1,0.106,0
1991,4,820.51,1107.64,113,137.3,4,0.005,0
1992,4,549.52,518.61,75,127.7,4,0.006,0
1993,1,566.23,470.3,482,365.0,1,0.19,0
1994,5,691.36,494.48,60,124.7,5,0.083,0
1995,5,962.72,981.51,26,106.1,3,0.107,0
1996,3,961.51,574.93,79,69.0,3,0.415,0
1997,5,744.84,633.15,223,47.9,5,0.008,0
1998,5,460.84,464.96,62,28.2,2,0.035,0
1999,3,724.35,521.9,18,97.1,3,0.291,0
2000,3,668.84,598.92,93,85.9,3,0.06,0
2001,3,703.41,706.9,58,187.3,3,0.078,0
2002,5,451.54,341.59,94,127.9,5,0.047,1
2003,4,736.58,832.46,28,21.1,4,0.039,0
2004,5,474.5,563.88,35,82.5,3,0.182,0
2005,4,320.5,255.72,74,49.4,4,0.026,0
2006,6,733.66,704.26,10,25.1,1,0.131,0
2007,4,987.79,963.2,24,91.7,4,0.096,0
2008,5,574.65,614.52,145,44.2,2,0.052,1
2009,2,629.08,591.64,403,216.4,2,0.145,0
2010,3,834.36,713.82,192,65.2,3,0.04,0
2011,2,874.4,689.6,329,164.2,2,0.102,0
2012,7,715.83,835.58,201,26.0,5,0.009,0
2013,5,593.74,524.99,154,39.9,5,0.013,1
2014,2,898.92,759.32,184,94.6,2,0.011,0
2015,1,515.46,623.41,47,125.5,1,0.09,0
2016,6,621.83,639.81,46,20.2,6,0.002,0
2017,3,788.24,627.07,34,13.9,3,0.046,0
2018,3,464.7,446.56,157,234.0,3,0.104,0
2019,5,758.25,611.19,58,49.8,5,0.079,0
2020,5,870.79,665.17,40,120.7,5,0.12,0
2021,3,951.48,847.72,39,17.6,1,0.104,0
2022,4,641.49,615.21,142,148.1,2,0.131,0
2023,6,633.98,555.71,36,11.9,6,0.152,0
2024,2,807.24,894.71,78,259.4,2,0.029,0
2025,4,607.33,686.44,58,20.3,4,0.146,0
2026,8,653.69,561.14,86,45.1,8,0.198,0
2027,2,748.32,722.03,168,218.9,2,0.138,0
2028,6,755.85,684.66,99,42.1,1,0.19,0
2029,3,413.93,332.02,12,167.3,3,0.013,0
2030,1,525.04,541.56,149,245.9,1,0.258,0
2031,2,425.05,265.22,49,95.6,2,0.297,0
2032,4,449.83,363.54,9,13.7,1,0.179,0
2033,3,532.19,408.38,90,27.7,1,0.061,0
2034,4,666.66,546.19,37,65.6,4,0.125,0
2035,5,681.18,533.25,33,124.5,2,0.184,0
2036,3,377.24,255.3,122,78.7,3,0.034,0
2037,3,560.02,527.35,131,232.6,3,0.032,0
2038,3,472.27,437.21,77,158.5,3,0.01,0
2039,1,669.97,668.6,146,365.0,1,0.025,0
2040,4,601.56,629.92,194,149.6,4,0.008,0
2041,5,888.78,960.89,10,121.0,5,0.173,0
2042,7,679.08,569.81,4,65.2,7,0.177,0
2043,7,608.95,616.46,76,94.6,3,0.059,0
2044,6,660.66,626.04,74,36.2,1,0.159,0
2045,5,603.45,590.46,18,32.7,5,0.154,0
2046,4,901.22,818.77,75,72.0,2,0.141,0
2047,5,649.71,545.46,123,105.1,5,0.35,0
2048,4,768.41,730.72,135,105.6,4,0.114,0
2049,5,818.45,740.51,81,133.3,5,0.153,0
2050,3,600.85,636.83,16,98.7,3,0.144,0
2051,3,429.45,510.63,43,59.3,3,0.126,0
2052,1,627.89,509.78,93,365.0,1,0.024,0
2053,2,795.59,710.1,223,335.9,2,0.043,0
2054,3,445.68,652.36,81,28.6,3,0.15,0
2055,4,737.92,469.21,135,82.0,4,0.014,0
2056,2,825.96,559.95,87,42.4,2,0.18,0
2057,3,908.74,1100.16,117,106.4,3,0.3,0
2058,3,801.67,1108.43,32,226.1,1,0.098,0
2059,2,743.91,960.03,21,40.8,2,0.099,0
2060,5,727.91,773.64,0,83.1,3,0.001,0
2061,6,518.81,474.08,15,3.5,2,0.064,0
2062,3,558.02,527.39,37,211.3,3,0.051,0
2063,5,440.17,475.47,28,142.3,5,0.029,0
2064,6,710.79,843.74,87,91.8,6,0.083,0
2065,4,766.11,848.33,16,73.6,1,0.02,0
2066,2,717.66,428.47,82,234.4,2,0.024,0
2067,1,742.55,567.82,0,365.0,1,0.031,0
2068,5,813.95,859.18,27,22.2,5,0.043,0
2069,7,500.93,362.27,3,53.2,7,0.033,0
2070,2,709.43,439.23,178,206.8,2,0.064,0
2071,5,736.98,865.83,39,43.4,2,0.014,0
2072,5,629.66,662.13,58,37.1,3,0.072,0
2073,6,381.14,499.18,114,88.4,2,0.115,1
2074,4,546.37,652.53,204,56.4,4,0.009,1
2075,3,623.76,546.08,87,161.4,3,0.251,0
2076,1,722.44,758.08,188,365.0,1,0.202,0
2077,7,705.02,593.41,95,68.6,7,0.02,0
2078,3,988.5,669.56,40,72.4,2,0.088,0
2079,5,841.55,1042.77,110,108.9,1,0.215,0
2080,2,696.55,669.48,152,96.8,2,0.067,0
2081,4,718.18,911.77,60,76.3,1,0.013,0
2082,1,890.6,909.94,74,365.0,1,0.019,0
2083,4,896.36,946.21,241,51.4,2,0.018,0
2084,4,750.11,836.64,164,44.7,4,0.169,0
2085,4,960.0,924.73,122,129.9,2,0.025,0
2086,4,565.3,538.45,49,123.5,4,0.033,0
2087,5,695.67,729.38,125,141.1,5,0.041,0
2088,3,1174.94,1467.73,136,178.0,3,0.085,0
2089,3,806.54,887.98,94,141.6,3,0.328,0
2090,6,678.86,681.18,11,121.9,1,0.352,0
2091,2,715.59,656.81,421,244.9,2,0.351,0
2092,5,726.95,709.76,23,28.7,5,0.275,0
2093,4,950.49,786.32,43,12.9,4,0.015,0
2094,3,820.63,659.41,50,64.3,3,0.007,0
2095,3,688.19,655.48,20,244.8,2,0.059,0
2096,3,448.6,449.13,2,219.9,1,0.042,0
2097,4,591.0,676.95,159,40.6,4,0.064,1
2098,3,709.01,548.89,33,6.3,3,0.161,0
2099,4,680.56,682.0,2,37.3,2,0.104,0
2100,2,864.38,938.18,167,330.2,2,0.193,0
2101,4,665.3,534.72,14,176.7,2,0.126,0
2102,5,825.8,749.83,115,41.0,5,0.022,0
2103,5,479.19,551.97,63,142.4,4,0.017,0
2104,8,621.33,613.98,157,14.9,1,0.009,0
2105,3,804.2,479.8,67,222.0,3,0.123,0
2106,2,1010.09,1166.49,199,300.0,2,0.042,0
2107,7,678.7,690.77,3,70.0,1,0.195,0
2108,4,824.32,559.55,107,25.0,4,0.065,0
2109,2,900.42,742.33,119,231.6,2,0.282,0
2110,3,842.98,821.69,45,216.7,3,0.048,0
2111,3,812.24,862.98,16,200.5,3,0.044,0
2112,5,646.91,779.98,92,25.2,5,0.052,0
2113,1,927.92,760.64,241,251.2,1,0.012,0
2114,5,502.29,456.95,8,42.9,5,0.041,0
2115,4,509.96,600.09,18,156.0,4,0.079,0
2116,2,980.11,1184.94,70,120.0,2,0.008,0
2117,4,754.24,705.47,196,81.7,4,0.218,0
2118,7,514.3,459.5,169,20.8,3,0.003,1
2119,5,484.96,533.44,122,146.0,5,0.114,1
2120,3,478.63,280.36,0,147.5,3,0.044,0
2121,3,1005.15,1002.44,215,69.0,2,0.163,0
2122,2,687.81,684.11,3,178.1,2,0.136,0
2123,5,622.4,564.16,204,46.0,5,0.142,0
2124,4,944.32,1033.39,54,161.4,4,0.07,0
2125,5,737.69,898.78,121,114.7,5,0.111,0
2126,6,650.89,523.84,7,14.4,6,0.112,0
2127,6,859.13,734.04,14,69.1,3,0.029,0
2128,3,789.66,894.86,71,218.6,1,0.122,0
2129,3,790.07,560.58,4,125.1,3,0.254,0
2130,5,659.47,589.24,44,116.6,5,0.031,0
2131,7,565.7,811.02,100,54.9,7,0.026,1
2132,7,548.43,569.18,76,39.6,7,0.155,0
2133,1,715.44,674.82,78,365.0,1,0.205,0
2134,3,701.13,459.33,1,155.4,2,0.044,0
2135,6,772.42,400.62,25,83.0,6,0.025,0
2136,1,636.28,771.58,87,89.7,1,0.028,0
2137,6,892.05,684.48,33,110.8,1,0.12,0
2138,4,501.17,505.73,48,164.8,1,0.06,0
2139,3,762.71,957.1,9,95.4,3,0.072,0
2140,5,563.58,507.44,82,54.6,5,0.011,0
2141,5,663.52,602.53,87,28.1,1,0.24,0
2142,4,561.89,640.12,57,84.2,4,0.024,0
2143,4,644.85,819.59,147,139.2,4,0.018,0
2144,2,539.46,630.83,301,331.0,2,0.097,0
2145,6,549.88,711.57,111,23.1,6,0.061,1
2146,2,844.56,454.79,113,267.7,2,0.386,0
2147,3,491.59,533.01,329,225.5,2,0.077,0
2148,1,797.49,1002.31,86,139.1,1,0.151,0
2149,1,827.77,902.32,191,365.0,1,0.121,0
2150,6,809.56,786.26,68,63.1,6,0.047,0
2151,3,696.01,525.48,48,25.4,3,0.169,0
2152,3,536.19,457.52,83,77.9,3,0.095,0
2153,7,468.22,608.64,58,68.9,7,0.107,0
2154,4,522.99,519.2,62,172.7,4,0.132,0
2155,2,523.93,457.89,21,204.7,2,0.212,0
2156,4,741.25,511.31,223,177.4,1,0.016,0
2157,4,487.67,533.11,203,108.4,1,0.031,1
2158,3,668.99,561.21,145,175.3,1,0.066,0
2159,2,706.03,701.5,61,68.0,2,0.036,0
2160,3,654.54,880.43,52,41.4,2,0.031,0
2161,5,659.42,764.5,3,108.1,3,0.153,0
2162,4,891.46,1124.96,8,82.6,4,0.34,0
2163,6,774.96,797.23,57,79.3,5,0.204,0
2164,6,805.46,920.3,4,105.1,1,0.082,0
2165,3,644.26,815.62,12,103.6,3,0.078,0
2166,5,817.68,682.12,26,81.9,5,0.056,0
2167,3,745.56,740.07,49,18.6,3,0.107,0
2168,5,731.53,630.7,60,69.4,5,0.097,0
2169,3,641.3,563.22,47,172.1,3,0.016,0
2170,4,735.52,713.75,31,1.0,2,0.011,0
2171,3,1016.25,822.41,245,71.5,3,0.02,0
2172,5,790.53,731.99,5,126.6,5,0.343,0
2173,2,956.37,1087.58,282,145.2,2,0.004,0
2174,1,416.96,408.91,34,243.4,1,0.153,0
2175,2,710.85,600.56,57,112.0,2,0.062,0
2176,3,823.15,952.6,217,223.6,3,0.145,0
2177,3,758.0,619.08,97,26.6,3,0.069,0
2178,7,777.25,605.56,4,35.1,3,0.064,0
2179,7,641.69,795.82,107,89.6,1,0.012,0
2180,6,881.69,1030.76,87,66.1,3,0.057,0
2181,8,459.88,428.6,196,84.5,2,0.011,1
2182,3,677.56,934.43,288,134.8,3,0.031,0
2183,7,718.63,637.36,266,68.2,7,0.068,0
2184,2,614.08,697.85,87,290.9,2,0.03,0
2185,5,704.19,481.6,110,133.3,5,0.077,0
2186,7,405.29,323.01,235,48.5,7,0.05,1
2187,8,505.54,609.58,0,51.1,4,0.139,0
2188,3,890.54,1143.57,186,230.1,3,0.114,0
2189,4,736.51,714.4,5,111.2,4,0.039,0
2190,4,643.18,936.43,428,114.7,2,0.037,0
2191,4,846.96,1068.7,1,141.6,2,0.056,0
2192,4,908.08,781.62,83,169.8,2,0.105,0
2193,1,971.46,897.98,132,365.0,1,0.059,0
2194,6,416.96,301.36,29,88.3,6,0.31,0
2195,5,907.43,827.08,118,47.3,1,0.099,0
2196,4,525.86,551.01,30,68.0,4,0.225,0
2197,4,745.25,751.26,35,59.8,4,0.195,0
2198,2,791.7,796.58,28,112.9,1,0.024,0
2199,9,941.33,1129.1,75,62.7,8,0.133,0
2200,4,770.39,796.07,19,178.7,4,0.116,0
2201,4,741.85,843.48,82,16.3,4,0.168,0
2202,1,574.33,625.64,61,112.2,1,0.071,0
2203,5,446.85,472.49,65,113.3,5,0.064,0
2204,4,570.42,675.56,66,23.2,3,0.027,0
2205,7,910.99,1057.12,87,63.7,6,0.023,0
2206,4,704.92,546.13,27,143.5,4,0.298,0
2207,4,949.19,1294.49,54,10.2,4,0.058,0
2208,2,592.39,606.66,192,297.1,2,0.089,0
2209,7,817.81,662.31,30,91.4,3,0.096,0
2210,2,725.16,715.74,18,17.2,1,0.024,0
2211,3,894.29,940.94,84,203.5,2,0.224,0
2212,5,666.5,744.85,223,44.0,5,0.043,0
2213,7,680.87,811.68,1,88.7,7,0.112,0
2214,5,882.57,1018.12,167,144.0,5,0.033,0
2215,6,386.56,528.68,96,66.7,6,0.05,1
2216,3,678.53,692.88,24,187.1,3,0.209,0
2217,5,450.84,436.51,58,29.9,5,0.074,0
2218,2,695.58,491.44,142,345.8,2,0.025,0
2219,3,636.94,760.51,143,165.7,3,0.013,0
2220,3,790.34,886.69,305,201.2,3,0.011,0
2221,4,769.93,682.83,58,8.8,4,0.109,0
2222,3,657.16,689.08,47,53.0,3,0.024,0
2223,3,555.74,554.61,15,16.9,2,0.039,0
2224,4,711.75,736.68,11,128.7,4,0.084,0
2225,3,895.76,846.63,304,108.8,3,0.058,0
2226,3,552.96,565.46,374,158.5,1,0.094,0
2227,5,474.51,330.36,128,31.1,3,0.048,1
2228,7,423.52,389.15,283,73.1,7,0.159,1
2229,5,469.8,498.74,28,122.7,2,0.241,0
2230,2,698.91,600.35,228,116.4,2,0.084,0
2231,4,489.19,527.25,71,162.5,4,0.142,0
2232,4,643.76,909.66,165,126.6,4,0.087,0
2233,3,769.25,591.61,113,242.2,3,0.005,0
2234,8,380.72,241.17,122,27.6,6,0.071,1
2235,1,848.02,1052.55,91,365.0,1,0.167,0
2236,3,914.12,1296.78,291,100.0,3,0.065,0
2237,6,979.69,1052.43,19,81.2,2,0.015,0
2238,3,921.11,922.27,133,103.4,3,0.148,0
2239,3,1061.91,924.83,194,180.6,1,0.002,0
2240,1,734.51,813.72,33,36.9,1,0.004,0
2241,1,820.9,818.37,61,365.0,1,0.007,0
2242,8,662.32,774.84,53,31.4,3,0.048,0
2243,3,799.42,525.57,84,124.5,1,0.005,0
2244,4,720.62,767.76,21,177.9,4,0.014,0
2245,4,450.55,375.38,148,123.0,3,0.093,1
2246,9,474.36,564.23,18,22.7,4,0.05,0
2247,2,971.35,748.91,256,362.4,1,0.013,0
2248,2,723.27,814.34,34,241.3,2,0.412,0
2249,1,913.05,806.75,125,365.0,1,0.12,0
2250,3,614.98,561.51,142,194.5,3,0.083,0
2251,4,566.13,662.33,327,80.7,4,0.22,1
2252,2,687.13,577.69,45,265.3,2,0.14,0
2253,5,817.78,572.29,90,31.5,5,0.001,0
2254,1,908.81,922.02,29,365.0,1,0.078,0
2255,5,727.93,631.69,154,134.3,1,0.04,0
2256,6,798.05,579.3,158,69.7,3,0.044,0
2257,5,678.45,725.95,196,76.2,5,0.082,0
2258,7,918.37,971.63,209,55.1,5,0.063,0
2259,3,920.65,942.17,52,242.0,3,0.191,0
2260,3,582.21,641.33,131,149.9,3,0.006,0
2261,5,757.46,455.23,34,27.2,3,0.223,0
2262,4,550.66,466.62,139,36.5,1,0.117,1
2263,6,822.44,868.09,42,79.4,6,0.105,0
2264,5,640.85,773.64,72,38.1,5,0.02,0
2265,7,580.41,608.26,10,100.1,3,0.009,0
2266,3,394.0,486.06,39,28.1,3,0.156,0
2267,7,862.45,745.63,46,13.1,6,0.034,0
2268,4,728.92,639.33,105,130.4,1,0.04,0
2269,5,737.66,682.82,99,111.0,1,0.055,0
2270,3,824.77,811.13,32,6.0,1,0.036,0
2271,4,585.73,377.78,162,63.2,3,0.067,1
2272,5,562.27,559.9,161,44.6,2,0.006,1
2273,4,782.4,777.03,74,162.5,1,0.019,0
2274,3,873.72,766.61,264,101.4,3,0.221,0
2275,5,779.82,659.91,15,37.8,4,0.227,0
2276,2,940.42,991.48,77,309.8,2,0.066,0
2277,5,784.66,877.12,4,70.5,5,0.112,0
2278,2,776.48,798.9,73,138.5,2,0.172,0
2279,6,823.33,846.82,340,58.6,1,0.001,0
2280,4,665.21,660.35,63,52.9,3,0.027,0
2281,4,513.63,515.2,32,6.6,3,0.043,0
2282,1,702.85,798.53,187,189.1,1,0.002,0
2283,2,807.08,1068.78,7,104.7,2,0.124,0
2284,3,571.08,741.58,52,54.9,3,0.039,0
2285,1,489.09,383.09,80,82.6,1,0.004,0
2286,4,591.1,341.53,68,180.2,4,0.083,0
2287,2,900.3,995.81,148,344.8,2,0.09,0
2288,2,774.35,777.65,21,224.6,2,0.01,0
2289,3,681.1,672.91,61,139.9,2,0.062,0
2290,3,554.85,597.12,120,219.6,2,0.048,0
2291,2,741.3,705.06,51,72.7,2,0.119,0
2292,3,727.77,492.04,113,214.3,3,0.033,0
2293,5,768.44,592.95,285,131.6,5,0.023,0
2294,7,1075.62,843.14,191,63.8,2,0.153,0
2295,7,774.08,877.29,93,68.1,2,0.058,0
2296,1,595.89,820.63,35,241.8,1,0.109,0
2297,6,492.24,445.99,122,93.6,6,0.025,1
2298,3,616.07,936.58,71,59.9,2,0.186,0
2299,5,631.46,391.96,272,136.3,4,0.128,0
2300,4,824.32,740.61,97,44.7,4,0.179,0
2301,3,607.28,629.54,29,220.8,3,0.148,0
2302,4,551.22,269.88,38,77.3,3,0.173,0
2303,3,780.71,1018.37,46,41.2,3,0.069,0
2304,8,607.16,523.14,21,14.6,8,0.04,0
2305,6,786.48,791.78,118,57.9,4,0.338,0
2306,6,573.1,624.47,32,98.2,3,0.211,0
2307,1,629.21,428.99,39,135.8,1,0.02,0
2308,6,612.71,910.77,72,102.3,6,0.06,0
2309,8,761.7,782.06,40,10.0,3,0.043,0
2310,4,678.41,632.2,2,151.3,4,0.028,0
2311,2,516.75,401.92,47,104.4,2,0.168,0
2312,5,504.2,524.84,3,74.8,5,0.021,0
2313,5,652.61,446.92,131,115.4,2,0.036,0
2314,3,487.68,501.26,306,100.4,3,0.206,0
2315,2,637.87,816.05,99,96.9,2,0.074,0
2316,4,738.46,910.55,84,88.6,4,0.14,0
2317,6,522.63,464.56,149,47.4,3,0.072,1
2318,3,827.26,781.21,2,178.4,3,0.082,0
2319,3,907.54,1005.81,21,51.0,3,0.055,0
2320,4,862.52,1066.43,109,163.7,4,0.07,0
2321,2,800.32,1045.7,47,24.4,2,0.134,0
2322,5,763.28,1012.03,88,95.1,1,0.058,0
2323,4,735.98,598.65,109,27.7,4,0.088,0
2324,3,755.49,869.29,59,81.5,3,0.036,0
2325,4,609.25,440.68,83,34.7,4,0.142,0
2326,4,696.24,631.73,322,148.7,1,0.089,0
2327,3,722.29,552.66,252,83.3,3,0.007,0
2328,7,796.16,612.52,2,60.9,2,0.005,0
2329,4,461.49,483.82,44,36.8,2,0.042,0
2330,7,731.65,630.41,96,67.5,4,0.013,0
2331,5,859.29,908.55,0,145.7,5,0.156,0
2332,3,609.62,462.25,238,120.5,3,0.027,0
2333,2,683.58,749.76,100,66.2,2,0.044,0
2334,6,420.48,384.3,7,58.2,3,0.119,0
2335,5,709.96,668.54,52,140.0,5,0.127,0
2336,9,476.7,352.72,40,80.5,4,0.002,0
2337,5,617.0,742.74,41,43.4,5,0.115,0
2338,3,692.67,712.14,72,142.4,3,0.043,0
2339,3,608.98,674.72,266,96.0,3,0.021,0
2340,6,675.4,502.96,31,30.6,1,0.083,0
2341,4,755.99,858.16,153,33.3,2,0.002,0
2342,1,694.24,699.96,209,338.2,1,0.036,0
2343,1,721.19,649.64,407,365.0,1,0.197,0
2344,6,419.54,535.08,18,44.4,6,0.018,0
2345,1,676.35,731.66,121,193.4,1,0.193,0
2346,6,366.96,400.18,32,1.0,1,0.068,0
2347,5,640.62,388.87,8,75.9,4,0.045,0
2348,2,976.18,1187.27,39,17.7,2,0.068,0
2349,5,840.47,915.71,177,125.1,5,0.015,0
2350,5,485.86,606.13,4,143.3,2,0.251,0
2351,6,618.53,545.21,82,88.1,6,0.021,0
2352,3,673.6,577.5,538,221.1,3,0.018,0
2353,5,775.97,1026.6,67,44.0,1,0.031,0
2354,3,827.59,986.22,43,159.0,3,0.245,0
2355,3,944.41,674.57,44,16.3,3,0.02,0
2356,5,556.83,558.64,70,29.0,3,0.041,0
2357,3,732.7,882.55,13,190.7,3,0.09,0
2358,3,435.52,451.02,28,220.7,3,0.027,0
2359,2,761.47,677.73,35,21.9,2,0.0,0
2360,4,773.9,670.39,92,137.9,1,0.07,0
2361,3,703.01,712.06,50,101.6,3,0.015,0
2362,1,798.04,961.03,691,365.0,1,0.165,0
2363,7,570.82,457.19,74,7.6,6,0.066,0
2364,1,502.07,287.76,44,45.2,1,0.067,0
2365,3,557.4,512.18,76,140.0,3,0.049,0
2366,2,755.5,823.52,120,64.2,2,0.011,0
2367,4,896.58,1017.05,114,127.6,4,0.031,0
2368,5,571.22,455.41,25,54.2,3,0.005,0
2369,3,597.49,629.72,125,176.8,3,0.097,0
2370,5,717.29,625.68,36,47.5,3,0.207,0
2371,2,1216.93,1395.95,88,104.2,2,0.023,0
2372,4,632.85,616.16,113,61.3,1,0.157,0
2373,2,844.61,986.23,68,42.5,2,0.005,0
2374,2,673.22,682.28,69,28.6,2,0.08,0
2375,3,618.95,680.85,45,19.5,3,0.188,0
2376,4,500.59,456.27,110,30.9,4,0.02,1
2377,3,654.41,561.48,1,207.9,3,0.02,0
2378,3,827.39,780.32,24,222.6,3,0.025,0
2379,4,569.52,639.76,372,176.7,4,0.297,1
2380,2,714.45,1075.12,13,45.1,2,0.101,0
2381,5,571.94,716.08,97,27.0,5,0.097,1
2382,5,637.35,831.11,223,117.4,2,0.007,0
2383,5,472.83,462.94,176,60.3,5,0.136,1
2384,4,1047.74,935.26,175,47.8,4,0.282,0
2385,1,745.97,417.19,721,365.0,1,0.166,0
2386,4,651.03,573.16,45,110.4,4,0.074,0
2387,2,893.61,647.07,57,348.3,2,0.021,0
2388,6,686.43,791.95,10,65.2,6,0.381,0
2389,5,768.87,738.62,20,102.0,5,0.021,0
2390,12,934.37,687.73,50,24.9,2,0.018,0
2391,4,921.06,1021.75,41,161.5,4,0.205,0
2392,2,528.47,561.96,60,225.3,2,0.351,0
2393,4,701.9,542.76,106,172.0,4,0.093,0
2394,5,891.56,1161.4,9,145.1,1,0.163,0
2395,4,537.8,456.85,5,97.0,4,0.027,0
2396,3,661.33,740.24,194,100.1,3,0.184,0
2397,3,655.86,639.48,109,45.4,3,0.048,0
2398,4,775.16,1030.55,50,98.3,4,0.133,0
2399,4,820.38,971.53,92,163.7,3,0.456,0
2400,6,872.51,680.88,21,90.6,6,0.018,0
2401,9,712.4,971.66,27,22.9,7,0.067,0
2402,5,543.89,406.09,3,40.0,5,0.082,0
2403,5,646.81,509.78,28,109.9,4,0.053,0
2404,7,541.33,717.1,1,38.3,7,0.071,0
2405,2,597.68,594.38,79,315.5,2,0.097,0
2406,3,806.34,856.68,79,30.0,1,0.053,0
2407,3,484.74,525.75,82,144.8,3,0.035,0
2408,2,617.08,484.2,59,77.6,2,0.089,0
2409,5,833.62,1147.16,20,138.6,5,0.021,0
2410,3,802.68,1154.98,72,161.9,3,0.038,0
2411,3,579.65,363.05,228,67.6,3,0.025,0
2412,3,565.03,514.19,255,82.9,3,0.032,0
2413,4,936.31,1063.63,38,71.6,4,0.217,0
2414,4,756.22,739.31,377,158.8,4,0.141,0
2415,6,578.07,515.25,45,49.8,6,0.089,0
2416,4,693.84,771.81,97,182.2,4,0.001,0
2417,5,862.97,976.84,33,13.5,5,0.023,0
2418,6,565.89,757.39,35,30.8,3,0.095,0
2419,1,562.77,367.58,42,331.1,1,0.003,0
2420,1,733.09,585.23,57,184.4,1,0.206,0
2421,3,497.16,422.19,35,24.0,1,0.167,0
2422,5,599.01,886.15,245,86.5,5,0.037,1
2423,6,634.75,826.44,11,40.1,6,0.158,0
2424,3,301.46,318.04,142,121.8,3,0.063,0
2425,7,712.47,700.48,2,100.5,1,0.142,0
2426,2,791.88,861.7,114,68.2,2,0.044,0
2427,6,992.54,1225.71,155,71.3,6,0.134,0
2428,4,789.51,749.5,153,44.6,1,0.068,0
2429,1,546.09,575.99,313,365.0,1,0.086,0
2430,6,632.22,589.63,74,50.5,1,0.175,0
2431,4,979.18,705.92,16,71.3,4,0.011,0
2432,2,768.08,493.18,354,211.5,2,0.005,0
2433,7,857.22,738.76,10,22.8,7,0.026,0
2434,4,613.99,568.25,26,65.3,4,0.095,0
2435,2,667.58,725.88,81,186.5,2,0.098,0
2436,2,689.65,726.69,87,45.6,2,0.017,0
2437,3,838.05,604.9,12,85.3,1,0.01,0
2438,3,635.73,636.93,172,65.0,3,0.099,0
2439,3,790.41,704.1,17,225.5,3,0.065,0
2440,6,699.9,664.98,85,45.2,1,0.297,0
2441,3,518.03,526.35,72,87.2,3,0.129,0
2442,4,699.57,878.8,171,55.9,4,0.097,0
2443,7,865.64,785.99,25,67.7,1,0.014,0
2444,4,700.92,936.18,186,81.5,3,0.058,0
2445,4,650.7,481.51,29,90.4,4,0.159,0
2446,5,913.56,753.23,76,73.0,2,0.023,0
2447,3,758.48,743.88,79,71.9,3,0.149,0
2448,4,492.76,377.54,44,163.3,4,0.207,0
2449,5,656.67,483.36,1,86.6,5,0.02,0
2450,6,740.18,751.06,40,53.8,3,0.019,0
2451,5,735.3,540.51,11,81.8,5,0.158,0
2452,4,776.64,627.59,26,39.1,4,0.053,0
2453,3,675.8,664.66,139,136.7,3,0.025,0
2454,3,668.22,895.8,101,73.8,3,0.023,0
2455,3,702.11,675.16,89,192.8,2,0.02,0
2456,6,819.17,840.55,66,117.3,5,0.137,0
2457,4,597.34,459.99,13,20.1,4,0.097,0
2458,4,689.19,544.69,18,132.8,1,0.242,0
2459,7,737.19,399.24,56,41.9,7,0.069,0
2460,2,619.28,497.45,75,278.7,2,0.067,0
2461,3,769.36,887.06,74,82.8,3,0.008,0
2462,3,752.34,665.82,106,40.1,3,0.061,0
2463,4,389.67,401.44,21,83.8,4,0.071,0
2464,5,705.09,736.56,217,122.6,5,0.074,0
2465,6,912.59,1046.93,148,19.5,6,0.175,0
2466,7,924.47,1231.3,167,92.1,1,0.105,0
2467,4,802.37,899.79,105,55.5,4,0.017,0
2468,5,890.5,848.06,179,44.4,2,0.074,0
2469,4,677.05,784.95,486,152.7,3,0.173,0
2470,5,785.43,833.2,41,13.0,5,0.038,0
2471,5,724.57,400.21,142,35.1,5,0.118,0
2472,5,800.3,608.33,210,69.1,3,0.015,0
2473,3,976.72,932.78,44,12.8,3,0.066,0
2474,6,850.35,750.83,46,77.7,6,0.036,0
2475,4,648.63,632.67,84,21.2,4,0.028,0
2476,3,937.05,482.29,51,69.6,3,0.117,0
2477,6,737.19,861.23,31,102.1,1,0.025,0
2478,4,797.77,789.79,49,122.9,2,0.147,0
2479,3,664.59,826.25,66,53.9,3,0.02,0
2480,4,810.61,814.78,29,123.6,4,0.125,0
2481,5,759.85,790.4,57,69.8,5,0.141,0
2482,5,869.75,689.57,135,45.2,5,0.097,0
2483,4,624.64,474.09,100,131.1,4,0.067,0
2484,8,842.59,864.96,31,33.6,4,0.191,0
2485,5,334.19,334.34,15,65.5,5,0.02,0
2486,4,607.61,408.11,178,138.3,3,0.001,0
2487,1,498.2,591.87,128,365.0,1,0.032,0
2488,2,750.61,758.11,511,365.0,2,0.124,0
2489,3,844.21,758.75,34,144.4,3,0.018,0
2490,7,698.62,577.12,13,50.0,7,0.108,0
2491,3,903.36,1040.03,0,29.1,2,0.04,0
2492,2,583.85,502.6,12,55.7,1,0.082,0
2493,4,489.78,512.92,50,120.5,1,0.113,0
2494,3,808.47,781.26,26,198.1,1,0.053,0
2495,5,875.56,782.7,3,133.8,5,0.132,0
2496,3,715.82,529.99,30,85.6,3,0.21,0
2497,3,973.33,1226.64,156,129.0,2,0.062,0
2498,1,776.26,620.21,204,197.2,1,0.004,0
2499,2,759.65,628.75,23,119.0,2,0.047,0
2500,4,635.45,805.59,283,148.3,4,0.026,0
2501,4,504.52,494.24,17,105.7,1,0.183,0
2502,5,659.99,702.22,8,129.6,5,0.043,0
2503,3,937.13,1220.92,21,101.2,3,0.241,0
2504,6,728.64,945.73,12,25.8,1,0.013,0
2505,4,641.32,570.91,102,59.6,1,0.132,0
2506,2,564.25,694.25,24,284.7,2,0.081,0
2507,6,780.82,530.42,80,21.9,6,0.059,0
2508,4,531.25,344.44,33,89.8,4,0.092,0
2509,3,753.54,760.25,34,75.5,3,0.056,0
2510,5,630.82,620.17,204,111.1,4,0.171,0
2511,4,660.9,746.49,24,123.5,1,0.03,0
2512,4,796.32,882.73,95,20.4,4,0.05,0
2513,5,557.51,634.63,32,41.1,5,0.097,0
2514,5,700.98,925.62,307,54.1,5,0.047,0
2515,3,470.92,655.79,475,221.4,1,0.112,0
2516,6,683.04,802.93,140,25.3,6,0.008,0
2517,3,774.55,771.18,243,247.7,3,0.292,0
2518,6,818.71,785.06,138,54.0,6,0.019,0
2519,6,870.14,867.62,79,63.5,6,0.145,0
2520,2,798.79,707.08,197,98.8,2,0.028,0
2521,4,638.98,757.02,101,134.9,4,0.111,0
2522,5,428.44,517.62,72,7.7,5,0.067,0
2523,8,848.6,740.93,179,81.2,2,0.094,0
2524,5,621.31,600.75,125,67.3,1,0.159,0
2525,3,483.01,312.13,329,116.2,3,0.023,0
2526,2,980.73,962.95,71,45.1,2,0.336,0
2527,4,690.92,696.24,266,170.9,4,0.161,0
2528,7,773.35,602.08,18,82.6,3,0.16,0
2529,3,734.22,656.7,3,184.7,3,0.063,0
2530,5,697.84,536.89,12,67.4,1,0.055,0
2531,3,641.95,439.81,20,108.1,3,0.158,0
2532,3,612.43,793.93,208,94.8,2,0.191,0
2533,7,1033.82,708.8,36,37.8,5,0.041,0
2534,4,481.36,492.34,27,46.7,4,0.01,0
2535,3,635.04,759.0,110,33.8,3,0.031,0
2536,3,566.46,727.53,27,213.2,3,0.08,0
2537,5,777.67,612.61,7,83.1,2,0.114,0
2538,4,637.9,800.95,64,42.3,2,0.059,0
2539,6,625.15,645.33,5,83.1,6,0.014,0
2540,4,796.27,887.52,33,29.1,3,0.004,0
2541,4,990.27,1338.75,123,139.7,4,0.085,0
2542,6,575.44,645.76,37,68.8,1,0.011,0
2543,2,467.3,380.52,13,44.3,2,0.001,0
2544,4,709.38,417.79,53,75.9,4,0.062,0
2545,4,825.64,931.29,69,21.1,4,0.067,0
2546,4,667.71,722.07,29,64.8,4,0.194,0
2547,3,794.93,668.59,22,191.2,3,0.001,0
2548,2,617.76,640.43,206,319.4,2,0.065,0
2549,4,1058.78,771.76,7,105.6,3,0.135,0
2550,7,792.14,849.12,226,47.8,7,0.041,0
2551,3,627.33,459.2,0,143.5,3,0.094,0
2552,6,587.2,729.26,84,72.2,6,0.145,0
2553,5,740.56,1051.71,12,34.2,1,0.005,0
2554,3,801.07,847.37,95,151.5,3,0.059,0
2555,4,503.85,542.91,21,62.0,4,0.019,0
2556,3,701.67,784.13,4,202.0,3,0.064,0
2557,3,811.43,856.37,235,155.5,1,0.079,0
2558,4,750.06,585.57,56,98.7,4,0.043,0
2559,5,793.59,1017.85,28,55.9,4,0.073,0
2560,3,923.64,1006.8,353,133.9,3,0.061,0
2561,5,250.0,278.0,7,69.0,3,0.094,0
2562,3,732.76,880.59,51,193.0,3,0.185,0
2563,6,347.29,414.32,15,114.8,6,0.167,0
2564,8,693.24,864.39,309,40.8,3,0.011,0
2565,6,894.86,976.19,57,16.9,6,0.002,0
2566,4,680.71,563.73,172,160.1,3,0.1,0
2567,3,559.84,606.51,21,212.6,3,0.028,0
2568,4,823.84,819.69,37,32.3,4,0.068,0
2569,6,720.98,594.83,77,55.7,1,0.142,0
2570,1,728.36,939.82,35,119.0,1,0.012,0
2571,4,1023.61,992.88,58,17.0,4,0.042,0
2572,5,473.95,495.59,241,68.7,5,0.181,1
2573,4,604.55,516.49,273,164.0,4,0.213,0
2574,5,756.42,748.19,39,22.1,5,0.217,0
2575,3,882.85,1047.17,87,231.7,3,0.097,0
2576,2,555.93,783.41,31,218.4,2,0.015,0
2577,4,638.37,451.94,395,128.5,4,0.015,0
2578,4,689.73,692.8,75,50.6,1,0.064,0
2579,3,677.18,253.2,27,54.7,3,0.014,0
2580,4,804.62,735.55,191,66.2,4,0.035,0
2581,3,692.48,708.72,65,208.5,3,0.022,0
2582,3,797.44,823.45,121,200.4,2,0.276,0
2583,3,519.57,689.77,222,110.7,3,0.017,0
2584,3,721.7,688.89,44,162.7,3,0.085,0
2585,3,705.19,925.47,103,165.7,3,0.251,0
2586,3,826.55,867.37,6,147.5,3,0.042,0
2587,5,1077.97,967.93,24,83.3,5,0.158,0
2588,4,843.44,875.6,15,63.3,3,0.009,0
2589,5,594.47,609.8,93,26.9,4,0.183,1
2590,4,794.99,826.58,30,136.1,4,0.369,0
2591,4,692.47,595.87,146,147.2,4,0.001,0
2592,5,649.19,557.06,128,27.3,1,0.087,0
2593,2,620.67,761.63,220,263.8,2,0.256,0
2594,1,612.7,741.97,25,365.0,1,0.051,0
2595,3,528.34,440.77,89,143.4,3,0.008,0
2596,9,505.68,492.05,68,57.1,1,0.288,0
2597,5,798.25,859.44,35,133.4,5,0.008,0
2598,4,646.56,751.9,30,113.0,4,0.049,0
2599,5,727.31,754.69,113,30.4,5,0.166,0
2600,6,569.53,700.98,34,93.6,3,0.103,0
2601,5,786.86,774.59,25,15.0,5,0.016,0
2602,3,594.45,778.35,99,119.2,1,0.015,0
2603,3,499.17,753.93,87,23.6,3,0.042,0
2604,4,935.22,948.8,154,156.7,2,0.044,0
2605,3,731.16,786.04,5,54.2,3,0.103,0
2606,2,653.17,530.33,27,214.7,2,0.101,0
2607,2,671.18,648.17,216,246.1,1,0.152,0
2608,4,646.12,669.25,34,24.4,3,0.187,0
2609,2,773.99,882.11,236,235.3,2,0.102,0
2610,2,467.89,448.73,85,237.6,2,0.036,0
2611,4,429.22,493.3,63,29.3,4,0.147,0
2612,6,716.88,663.08,37,100.2,2,0.02,0
2613,2,438.62,527.13,47,19.2,2,0.007,0
2614,7,414.01,448.36,64,67.2,4,0.16,0
2615,3,835.44,897.23,59,240.6,2,0.017,0
2616,2,725.02,658.28,29,278.7,2,0.05,0
2617,4,727.04,714.85,0,63.1,1,0.004,0
2618,5,532.18,492.38,8,51.3,3,0.135,0
2619,6,908.52,1066.4,9,7.9,6,0.072,0
2620,4,850.89,620.24,86,90.2,4,0.048,0
2621,5,496.13,426.03,128,27.5,4,0.027,1
2622,1,683.69,848.71,109,365.0,1,0.194,0
2623,3,638.56,662.52,64,110.9,3,0.165,0
2624,1,693.3,862.86,25,365.0,1,0.025,0
2625,3,863.15,1006.43,277,108.2,3,0.037,0
2626,4,642.87,762.77,136,30.2,2,0.304,0
2627,5,847.56,918.91,48,117.0,5,0.345,0
2628,6,440.42,382.49,8,18.8,3,0.041,0
2629,4,607.73,616.9,192,85.2,4,0.139,0
2630,3,639.74,480.04,22,37.6,2,0.235,0
2631,1,618.92,598.43,201,207.3,1,0.052,0
2632,2,703.65,626.94,59,165.3,2,0.074,0
2633,2,723.69,454.31,282,254.1,2,0.018,0
2634,8,734.56,797.2,48,8.5,8,0.235,0
2635,2,832.94,887.56,37,67.2,1,0.227,0
2636,4,810.02,1014.49,1,114.5,4,0.383,0
2637,4,474.69,358.53,24,22.0,2,0.014,0
2638,4,722.49,878.68,46,138.1,4,0.083,0
2639,4,608.19,326.07,126,154.4,1,0.011,0
2640,6,822.94,798.71,19,109.9,1,0.023,0
2641,11,894.33,1247.82,15,45.9,9,0.025,0
2642,4,826.24,821.5,58,107.4,3,0.061,0
2643,2,985.9,841.01,6,294.5,1,0.023,0
2644,6,812.96,799.4,117,26.7,6,0.059,0
2645,4,849.83,994.05,8,170.1,4,0.103,0
2646,6,580.89,548.13,106,118.4,1,0.03,1
2647,6,696.27,750.9,24,39.3,6,0.198,0
2648,9,803.49,864.69,36,11.9,2,0.293,0
2649,2,743.28,824.9,76,183.3,1,0.073,0
2650,7,562.97,679.65,21,54.0,1,0.048,0
2651,2,561.47,783.78,42,71.1,2,0.208,0
2652,2,428.43,435.92,388,196.4,2,0.145,0
2653,4,755.81,804.6,37,39.8,4,0.025,0
2654,3,545.43,415.94,24,149.5,3,0.138,0
2655,2,800.75,952.07,41,266.1,2,0.121,0
2656,3,808.62,1028.69,142,65.2,3,0.052,0
2657,2,733.27,834.23,53,56.7,2,0.001,0
2658,3,759.24,548.75,22,199.9,3,0.252,0
2659,6,852.78,783.79,42,82.2,2,0.027,0
2660,4,872.51,881.44,12,161.6,3,0.151,0
2661,2,365.4,302.79,73,325.6,2,0.093,0
2662,4,805.78,1151.45,34,1.0,4,0.023,0
2663,5,773.05,836.38,42,134.4,5,0.18,0
2664,5,744.39,883.08,64,64.4,5,0.31,0
2665,3,770.96,917.03,119,36.9,3,0.202,0
2666,4,652.67,667.29,74,151.3,3,0.074,0
2667,3,340.42,258.66,5,128.4,1,0.006,0
2668,5,609.16,705.26,21,46.3,3,0.085,0
2669,5,425.78,597.06,202,145.2,2,0.002,1
2670,3,452.23,418.02,124,33.5,3,0.01,0
2671,4,860.44,762.93,147,162.8,4,0.163,0
2672,2,618.3,722.02,114,365.0,2,0.264,0
2673,2,740.32,877.12,62,97.9,2,0.153,0
2674,1,700.66,861.08,213,365.0,1,0.003,0
2675,6,900.82,875.37,87,83.2,2,0.194,0
2676,4,711.21,690.78,105,177.2,4,0.11,0
2677,3,610.37,289.54,84,228.1,3,0.032,0
2678,5,922.14,931.4,27,78.8,4,0.001,0
2679,4,625.19,554.67,58,38.2,4,0.002,0
2680,3,762.59,426.02,86,181.5,3,0.092,0
2681,4,774.66,1068.08,25,159.4,4,0.025,0
2682,5,513.7,538.52,23,102.4,5,0.022,0
2683,5,838.07,539.16,141,68.0,5,0.141,0
2684,7,903.09,971.12,27,51.2,3,0.023,0
2685,3,529.94,727.15,397,129.8,3,0.079,0
2686,2,704.43,874.01,82,208.8,2,0.07,0
2687,6,900.98,1075.17,59,10.9,6,0.038,0
2688,2,456.2,343.8,100,214.7,2,0.098,0
2689,5,794.28,707.82,61,28.6,5,0.063,0
2690,2,512.62,423.58,317,363.7,2,0.036,0
2691,5,652.07,654.43,8,13.4,5,0.132,0
2692,4,668.33,771.98,43,73.4,4,0.071,0
2693,4,523.28,569.05,34,53.8,2,0.126,0
2694,3,563.4,461.13,47,201.7,3,0.004,0
2695,3,689.1,663.74,292,184.8,3,0.067,0
2696,6,906.52,1095.7,5,49.7,6,0.006,0
2697,6,772.15,851.01,26,73.8,6,0.152,0
2698,7,454.13,490.42,96,61.0,2,0.026,1
2699,2,769.86,634.69,39,161.5,1,0.093,0
2700,1,706.15,728.76,55,56.9,1,0.017,0
2701,5,605.04,467.71,36,90.5,2,0.292,0
2702,4,634.41,529.64,12,20.2,4,0.077,0
2703,3,774.63,545.48,87,91.8,3,0.082,0
2704,4,464.2,624.67,73,177.7,2,0.004,0
2705,5,602.96,816.27,3,46.8,2,0.017,0
2706,2,528.18,422.11,182,349.4,2,0.095,0
2707,1,580.13,490.13,27,365.0,1,0.268,0
2708,6,749.4,701.79,19,30.3,6,0.05,0
2709,7,707.31,879.69,59,26.0,6,0.27,0
2710,3,800.68,898.0,265,138.2,1,0.039,0
2711,2,361.97,461.97,3,97.6,2,0.083,0
2712,5,659.51,882.05,155,142.8,1,0.209,0
2713,4,683.96,750.11,144,88.9,4,0.105,0
2714,2,454.26,481.36,25,69.7,1,0.155,0
2715,3,596.74,759.29,56,111.8,3,0.087,0
2716,4,696.81,847.39,171,40.5,3,0.165,0
2717,3,748.11,908.91,18,187.2,3,0.093,0
2718,2,752.1,823.57,17,85.9,2,0.221,0
2719,1,404.32,488.56,239,365.0,1,0.006,0
2720,6,605.46,569.11,50,76.1,6,0.077,0
2721,3,470.56,417.16,40,13.2,3,0.086,0
2722,5,699.12,651.72,16,54.3,5,0.097,0
2723,2,635.35,924.04,143,68.2,2,0.032,0
2724,5,606.2,479.67,37,9.0,5,0.105,0
2725,5,1175.08,1396.59,24,70.8,5,0.02,0
2726,5,542.22,756.99,258,48.1,5,0.04,1
2727,2,697.52,752.92,113,55.6,2,0.022,0
2728,3,771.79,722.66,45,15.1,2,0.162,0
2729,4,753.68,837.47,130,87.4,3,0.038,0
2730,2,786.76,709.14,98,58.0,2,0.052,0
2731,5,753.3,616.25,0,33.8,5,0.114,0
2732,3,650.45,825.54,220,86.5,3,0.009,0
2733,4,701.66,881.54,7,23.4,4,0.156,0
2734,4,601.6,563.27,467,165.2,2,0.042,0
2735,2,588.69,531.24,61,180.5,2,0.046,0
2736,4,502.26,523.99,76,35.7,2,0.002,0
2737,2,818.13,802.48,200,102.5,2,0.238,0
2738,6,865.58,723.97,25,13.4,5,0.198,0
2739,2,611.92,425.43,89,169.6,2,0.26,0
2740,5,688.38,487.6,126,45.5,5,0.03,0
2741,5,939.97,714.23,56,18.7,5,0.007,0
2742,3,868.28,687.7,48,188.6,3,0.373,0
2743,3,833.66,869.06,15,65.0,3,0.127,0
2744,2,740.4,621.38,103,188.5,2,0.009,0
2745,4,605.82,511.62,82,61.7,1,0.228,0
2746,6,622.7,466.57,21,93.5,6,0.154,0
2747,4,735.28,553.65,41,50.1,4,0.007,0
2748,4,765.78,572.49,36,46.5,4,0.103,0
2749,3,554.67,545.82,66,75.5,3,0.01,0
2750,6,886.92,1071.77,113,19.0,6,0.04,0
2751,6,911.13,1184.88,32,65.1,6,0.108,0
2752,7,819.09,827.73,22,102.1,7,0.014,0
2753,3,925.53,1122.0,219,182.5,3,0.079,0
2754,6,795.74,671.17,133,113.3,5,0.006,0
2755,1,741.12,825.37,91,91.6,1,0.118,0
2756,3,707.68,584.33,62,21.3,3,0.139,0
2757,4,652.46,709.2,225,133.6,4,0.105,0
2758,8,699.22,584.58,81,27.3,6,0.046,0
2759,6,543.87,463.47,14,62.6,6,0.163,0
2760,4,687.46,680.18,3,99.5,2,0.01,0
2761,4,524.75,694.64,20,36.0,4,0.093,0
2762,1,579.88,678.9,81,365.0,1,0.004,0
2763,5,884.28,755.22,4,25.6,2,0.034,0
2764,7,877.33,692.33,101,50.0,2,0.175,0
2765,2,574.42,480.49,147,205.5,2,0.04,0
2766,4,830.52,937.46,130,128.9,4,0.036,0
2767,3,611.74,638.44,12,202.3,3,0.155,0
2768,6,600.42,678.73,31,29.0,6,0.121,0
2769,5,908.85,815.46,55,81.0,5,0.081,0
2770,4,535.84,571.8,94,156.9,4,0.111,1
2771,2,431.9,455.29,233,142.3,2,0.061,0
2772,5,600.17,752.06,170,44.8,4,0.03,0
2773,2,609.71,802.35,12,56.3,2,0.025,0
2774,2,644.04,760.44,147,241.5,2,0.232,0
2775,3,441.89,553.6,17,80.8,1,0.199,0
2776,1,752.69,749.7,64,365.0,1,0.034,0
2777,2,984.46,846.79,212,309.1,1,0.015,0
2778,5,745.24,740.69,204,39.9,5,0.031,0
2779,3,666.81,649.18,89,198.6,3,0.08,0
2780,3,800.22,768.28,52,67.4,3,0.091,0
2781,3,711.24,709.77,28,28.5,3,0.168,0
2782,4,708.56,684.38,156,51.8,4,0.031,0
2783,3,687.65,624.66,277,95.6,3,0.037,0
2784,5,732.63,713.47,169,81.6,5,0.23,0
2785,5,638.38,740.74,64,93.7,1,0.039,0
2786,6,455.76,376.9,65,10.3,6,0.051,0
2787,5,977.31,1240.26,163,76.4,3,0.023,0
2788,5,779.5,948.25,128,29.0,5,0.06,0
2789,3,594.77,605.07,98,33.5,3,0.129,0
2790,6,752.67,394.0,93,32.2,2,0.196,0
2791,5,530.5,299.46,19,108.7,3,0.027,0
2792,5,757.06,773.95,33,53.3,5,0.256,0
2793,4,811.38,921.47,31,3.5,4,0.046,0
2794,4,854.94,1158.04,19,104.5,4,0.01,0
2795,2,785.32,721.66,41,293.9,2,0.066,0
2796,8,671.51,602.44,133,25.2,5,0.16,0
2797,4,853.63,645.79,151,111.6,4,0.047,0
2798,3,617.2,691.11,5,148.9,3,0.026,0
2799,5,744.74,745.78,14,36.1,5,0.031,0
2800,4,590.57,534.23,201,48.7,4,0.015,1
2801,3,734.47,737.88,30,196.2,3,0.118,0
2802,3,924.12,906.69,120,148.3,3,0.028,0
2803,6,815.93,973.84,18,11.9,6,0.075,0
2804,8,838.31,766.75,17,46.0,2,0.257,0
2805,3,867.05,866.52,82,144.7,3,0.008,0
2806,7,689.48,806.61,48,86.1,7,0.011,0
2807,9,569.05,538.95,62,42.1,1,0.228,0
2808,6,421.96,359.4,14,52.0,6,0.079,0
2809,6,537.4,399.71,24,34.7,6,0.134,0
2810,4,717.55,568.16,100,137.8,4,0.004,0
2811,4,395.07,344.23,10,9.6,4,0.135,0
2812,3,726.56,866.21,288,191.0,3,0.034,0
2813,2,774.09,659.97,28,365.0,2,0.325,0
2814,4,465.37,445.37,59,165.0,1,0.083,0
2815,4,831.89,660.68,11,27.5,1,0.173,0
2816,5,636.79,643.61,103,128.7,3,0.23,0
2817,6,454.7,480.79,31,78.7,5,0.026,0
2818,6,446.08,477.74,6,116.0,6,0.037,0
2819,3,691.65,934.59,107,215.9,3,0.052,0
2820,2,712.72,710.73,343,171.1,2,0.007,0
2821,9,697.78,738.68,122,29.9,5,0.031,0
2822,6,855.55,759.01,97,119.6,2,0.052,0
2823,1,709.31,1017.49,2,256.1,1,0.006,0
2824,6,612.94,716.81,157,102.0,6,0.057,0
2825,3,651.93,767.2,272,211.6,1,0.061,0
2826,6,862.23,1050.05,3,32.0,6,0.052,0
2827,3,531.91,611.57,15,90.2,3,0.007,0
2828,5,723.85,888.45,54,132.3,2,0.022,0
2829,5,730.76,703.37,46,107.9,3,0.308,0
2830,2,853.42,1240.08,50,231.8,2,0.095,0
2831,6,716.75,495.14,17,43.2,1,0.116,0
2832,3,556.51,525.93,95,49.5,3,0.086,0
2833,3,728.83,981.21,177,197.0,3,0.072,0
2834,3,807.9,780.31,63,17.9,3,0.115,0
2835,2,720.96,816.52,51,352.2,2,0.058,0
2836,2,864.46,782.9,159,79.5,2,0.114,0
2837,10,503.99,548.95,85,35.2,9,0.106,0
2838,3,676.36,627.65,78,198.8,3,0.041,0
2839,4,700.9,864.72,261,157.9,2,0.133,0
2840,3,815.86,863.3,2,57.7,2,0.167,0
2841,7,834.92,542.69,65,2.7,1,0.21,0
2842,6,703.63,589.19,178,42.8,5,0.056,0
2843,3,645.87,519.93,17,78.9,3,0.007,0
2844,4,728.22,933.01,59,119.8,3,0.048,0
2845,9,528.91,397.59,43,68.4,5,0.049,0
2846,7,626.61,593.01,37,12.4,7,0.006,0
2847,4,785.5,1117.21,119,25.8,3,0.038,0
2848,1,753.04,940.94,224,365.0,1,0.011,0
2849,4,600.66,497.99,13,171.2,3,0.054,0
2850,3,582.72,479.67,313,127.3,3,0.033,0
2851,2,580.09,466.33,6,151.5,2,0.043,0
2852,4,590.42,614.79,93,22.1,4,0.055,1
2853,3,722.09,650.5,88,56.7,2,0.093,0
2854,7,880.18,920.72,5,45.1,7,0.161,0
2855,3,898.31,953.86,142,81.4,1,0.058,0
2856,3,561.72,567.0,394,198.4,2,0.004,0
2857,8,749.49,771.63,40,82.1,2,0.072,0
2858,5,742.26,755.04,64,124.4,5,0.047,0
2859,5,731.77,618.81,43,127.7,3,0.058,0
2860,4,553.48,393.41,214,127.8,4,0.046,1
2861,4,588.67,595.06,270,152.8,4,0.329,1
2862,5,751.73,634.22,45,51.4,5,0.013,0
2863,5,642.28,767.67,199,84.4,5,0.005,0
2864,4,713.58,535.15,23,34.1,4,0.01,0
2865,5,547.96,508.85,55,46.1,2,0.115,0
2866,2,626.56,645.98,41,219.0,2,0.37,0
2867,4,499.91,625.95,26,70.9,4,0.063,0
2868,4,739.65,681.56,183,51.6,4,0.046,0
2869,6,647.77,671.63,41,3.5,6,0.195,0
2870,5,739.86,831.14,6,16.8,5,0.025,0
2871,4,645.01,743.43,145,173.7,4,0.004,0
2872,2,735.35,789.3,122,171.7,2,0.131,0
2873,4,970.77,1321.86,41,11.9,2,0.076,0
2874,8,621.43,572.08,58,24.2,1,0.232,0
2875,3,773.72,1041.56,56,90.4,3,0.017,0
2876,2,601.11,684.01,98,89.4,1,0.066,0
2877,4,680.19,713.55,15,126.9,4,0.296,0
2878,4,770.94,820.81,38,65.0,4,0.042,0
2879,4,742.49,881.71,2,23.0,1,0.078,0
2880,6,803.62,688.05,41,66.8,1,0.014,0
2881,4,843.47,868.05,9,74.8,4,0.029,0
2882,4,799.72,760.94,111,43.3,3,0.037,0
2883,2,838.04,1106.63,350,258.6,1,0.062,0
2884,8,731.95,636.75,88,98.5,3,0.043,0
2885,3,590.71,826.75,27,112.4,3,0.014,0
2886,1,820.1,746.68,70,73.6,1,0.004,0
2887,3,642.79,464.29,149,101.1,3,0.145,0
2888,3,804.09,664.08,137,39.9,3,0.008,0
2889,1,511.74,424.76,59,256.9,1,0.031,0
2890,3,646.63,861.04,77,60.4,2,0.005,0
2891,4,596.32,435.96,11,37.6,4,0.079,0
2892,5,758.87,807.91,116,75.1,1,0.002,0
2893,5,613.43,793.49,51,141.4,5,0.106,0
2894,9,697.72,1084.38,2,76.1,2,0.051,0
2895,3,678.2,663.26,90,218.2,3,0.182,0
2896,3,853.98,873.12,150,48.3,2,0.019,0
2897,6,770.63,590.89,3,38.7,1,0.056,0
2898,5,743.46,686.84,46,111.3,4,0.285,0
2899,3,703.05,1010.38,78,192.2,2,0.32,0
2900,3,584.94,686.89,453,156.2,3,0.021,0
2901,6,568.49,706.62,19,58.8,1,0.075,0
2902,4,741.59,837.67,124,26.9,4,0.035,0
2903,1,487.89,592.12,28,133.8,1,0.085,0
2904,4,694.36,963.57,341,178.7,3,0.025,0
2905,5,716.1,650.68,32,110.6,5,0.083,0
2906,8,488.4,560.46,10,54.1,8,0.138,0
2907,1,691.57,595.94,86,319.8,1,0.186,0
2908,4,700.94,415.56,1,90.2,4,0.15,0
2909,6,1011.8,1065.41,9,75.6,1,0.068,0
2910,3,701.41,718.85,82,188.8,3,0.097,0
2911,2,831.28,818.8,406,284.9,2,0.129,0
2912,5,766.98,668.91,52,125.6,5,0.043,0
2913,4,738.69,758.93,111,92.5,4,0.027,0
2914,4,824.5,894.33,71,23.4,3,0.01,0
2915,5,483.51,673.22,3,140.7,2,0.09,0
2916,1,686.71,760.21,69,365.0,1,0.162,0
2917,2,742.2,829.38,308,157.4,2,0.056,0
2918,6,555.62,472.38,0,114.0,2,0.011,0
2919,3,692.99,560.67,76,53.6,3,0.006,0
2920,4,714.11,574.02,186,68.4,2,0.019,0
2921,7,674.69,634.73,24,33.2,7,0.015,0
2922,4,566.87,573.71,439,113.3,2,0.024,1
2923,7,586.93,612.25,47,31.4,7,0.028,0
2924,4,651.9,545.26,252,105.5,3,0.018,0
2925,5,757.69,418.05,67,146.3,5,0.103,0
2926,1,714.26,654.31,91,309.8,1,0.115,0
2927,1,729.89,866.72,222,365.0,1,0.055,0
2928,4,665.32,615.23,326,95.7,4,0.045,0
2929,3,573.94,565.42,56,224.5,1,0.121,0
2930,5,653.97,445.48,180,125.9,5,0.019,0
2931,5,575.08,589.38,96,81.7,1,0.206,1
2932,7,250.0,270.47,34,38.7,1,0.083,0
2933,4,697.97,618.4,5,27.3,4,0.273,0
2934,3,660.96,788.45,44,104.0,3,0.147,0
2935,3,885.48,1097.79,213,140.2,3,0.287,0
2936,5,803.36,1143.31,8,66.5,5,0.005,0
2937,3,771.43,628.43,101,122.3,3,0.12,0
2938,3,550.07,581.57,86,118.2,3,0.205,0
2939,2,852.95,650.35,156,164.5,2,0.091,0
2940,3,721.18,808.37,262,84.9,3,0.095,0
2941,3,646.43,709.03,167,211.1,3,0.061,0
2942,4,582.57,358.02,73,156.8,4,0.22,0
2943,5,601.76,634.51,159,85.3,5,0.062,0
2944,2,661.52,635.17,79,36.3,1,0.115,0
2945,7,545.99,416.58,162,56.1,7,0.078,1
2946,4,705.75,664.53,132,131.2,4,0.024,0
2947,2,675.22,953.66,201,270.2,2,0.011,0
2948,7,802.99,895.08,6,18.9,4,0.023,0
2949,2,677.62,565.54,0,253.9,2,0.164,0
2950,2,426.86,398.57,448,358.6,2,0.018,0
2951,3,653.57,400.59,34,77.1,2,0.026,0
2952,2,530.64,415.98,25,84.4,2,0.019,0
2953,2,610.51,816.14,24,365.0,2,0.011,0
2954,5,558.42,660.82,120,83.1,3,0.008,1
2955,2,1013.52,1104.95,6,253.5,2,0.041,0
2956,2,649.02,699.65,31,26.9,2,0.177,0
2957,5,807.64,1036.48,76,141.4,5,0.015,0
2958,4,654.04,695.95,16,130.3,1,0.15,0
2959,2,665.97,628.24,20,80.9,2,0.085,0
2960,5,628.72,617.21,12,22.8,5,0.369,0
2961,1,595.59,564.41,54,282.3,1,0.195,0
2962,5,598.78,565.86,92,19.3,5,0.038,1
2963,7,756.17,1012.74,16,39.0,2,0.005,0
2964,4,691.02,544.96,110,62.4,4,0.094,0
2965,4,899.37,808.53,366,110.5,1,0.05,0
2966,4,666.97,423.55,203,73.6,1,0.124,0
2967,3,658.56,791.71,191,189.6,3,0.103,0
2968,4,706.1,754.47,306,126.2,1,0.06,0
2969,6,790.88,1065.86,75,101.9,5,0.085,0
2970,6,717.4,625.62,117,33.1,3,0.122,0
2971,4,901.86,758.53,152,122.1,4,0.027,0
2972,1,1086.7,833.54,504,365.0,1,0.103,0
2973,2,822.88,897.88,150,209.1,2,0.046,0
2974,5,756.4,703.43,28,63.1,1,0.118,0
2975,3,399.87,423.87,26,96.7,3,0.245,0
2976,3,907.72,830.73,43,152.9,1,0.043,0
2977,6,884.09,1138.52,114,70.1,6,0.129,0
2978,5,930.19,1165.53,96,96.3,3,0.119,0
2979,2,819.44,833.55,35,281.9,2,0.067,0
2980,3,557.61,675.08,235,183.5,3,0.053,0
2981,3,555.22,540.52,376,125.9,3,0.103,0
2982,3,536.43,531.52,169,82.2,1,0.101,0
2983,4,712.06,403.85,6,68.5,4,0.234,0
2984,3,594.84,655.16,118,153.8,3,0.097,0
2985,7,828.85,832.64,199,48.1,7,0.027,0
2986,2,614.23,722.36,54,184.1,2,0.184,0
2987,3,651.13,744.14,105,89.0,2,0.028,0
2988,1,739.65,628.89,46,256.7,1,0.037,0
2989,4,628.28,604.14,218,94.4,4,0.007,0
2990,5,563.78,509.88,183,35.8,5,0.094,1
2991,3,428.06,517.49,54,182.7,3,0.231,0
2992,6,839.62,1103.83,34,29.4,3,0.009,0
2993,2,561.82,651.55,0,53.8,2,0.1,0
2994,5,642.52,897.67,34,70.7,5,0.029,0
2995,6,644.35,711.87,121,33.7,3,0.294,0
2996,2,390.85,314.67,4,230.8,2,0.265,0
2997,2,743.03,536.82,32,156.8,2,0.04,0
2998,5,910.75,743.19,117,76.6,3,0.037,0
2999,3,843.94,767.39,125,132.2,3,0.221,0
3000,4,643.58,556.39,209,58.5,4,0.132,0
3001,4,858.19,867.51,50,121.7,4,0.036,0
3002,7,439.92,424.03,10,65.3,7,0.003,0
3003,5,824.83,837.14,98,70.5,3,0.073,0
3004,2,590.34,878.61,11,284.4,1,0.026,0
3005,2,845.21,993.29,17,182.2,2,0.088,0
3006,4,705.34,743.36,86,22.0,1,0.176,0
3007,3,519.38,629.68,76,82.1,3,0.017,0
3008,3,737.07,618.14,36,65.9,3,0.077,0
3009,6,700.14,581.19,52,100.3,6,0.072,0
3010,3,735.75,870.58,243,169.7,1,0.027,0
3011,4,579.7,579.65,52,20.1,4,0.059,0
3012,2,524.33,537.19,66,32.2,2,0.022,0
3013,4,792.04,611.01,38,8.2,4,0.065,0
3014,3,689.93,624.55,104,188.4,1,0.119,0
3015,3,785.9,721.53,0,127.9,2,0.282,0
3016,5,783.18,707.84,101,20.6,2,0.027,0
3017,2,806.19,1152.05,233,341.1,2,0.024,0
3018,5,942.78,1342.68,11,102.2,1,0.003,0
3019,5,729.89,896.06,46,90.2,4,0.124,0
3020,4,550.42,561.05,16,130.4,1,0.017,0
3021,5,583.95,515.36,267,94.4,2,0.027,1
3022,3,656.48,520.64,148,46.1,3,0.108,0
3023,1,731.69,781.68,3,365.0,1,0.203,0
3024,3,906.85,1137.87,396,132.3,1,0.003,0
3025,7,678.93,784.58,11,55.9,7,0.056,0
3026,6,951.91,971.31,7,83.7,6,0.019,0
3027,5,965.16,1094.1,2,118.6,4,0.011,0
3028,2,764.58,761.69,106,52.6,1,0.244,0
3029,6,794.49,750.37,207,60.5,4,0.023,0
3030,5,631.1,503.15,9,26.3,5,0.095,0
3031,3,952.08,889.37,491,223.4,3,0.602,0
3032,4,604.42,641.11,39,97.1,4,0.024,0
3033,2,880.3,806.93,163,280.0,2,0.048,0
3034,5,545.13,420.49,385,96.9,5,0.139,1
3035,4,796.02,814.27,0,124.9,4,0.164,0
3036,1,867.16,919.82,142,347.2,1,0.027,0
3037,5,836.26,774.53,96,113.2,2,0.036,0
3038,3,629.95,627.18,55,44.0,3,0.056,0
3039,4,659.56,325.73,11,78.5,4,0.021,0
3040,3,930.73,1068.8,116,106.2,3,0.13,0
3041,5,624.13,660.11,4,82.8,2,0.096,0
3042,4,629.26,807.39,264,74.9,4,0.068,0
3043,4,925.67,886.24,63,70.9,2,0.053,0
3044,2,690.6,791.96,347,283.9,2,0.238,0
3045,5,691.72,854.76,163,109.6,4,0.063,0
3046,3,975.81,980.63,0,156.1,3,0.07,0
3047,2,603.21,644.75,88,162.5,2,0.004,0
3048,5,590.29,607.13,196,106.2,5,0.24,1
3049,5,726.88,494.42,41,87.7,4,0.221,0
3050,3,704.86,759.42,46,68.5,3,0.045,0
3051,4,583.24,473.43,119,177.5,4,0.006,1
3052,3,820.9,679.98,146,194.2,3,0.028,0
3053,1,702.29,775.93,185,365.0,1,0.155,0
3054,5,709.74,893.29,40,23.8,5,0.205,0
3055,6,699.39,808.6,5,9.0,6,0.14,0
3056,3,543.09,606.32,264,81.1,3,0.164,0
3057,4,577.43,616.42,39,109.9,1,0.089,0
3058,5,462.69,543.08,142,22.2,2,0.02,1
3059,10,870.84,1164.17,24,43.6,8,0.184,0
3060,5,700.26,619.47,61,126.4,2,0.154,0
3061,7,849.22,756.82,33,62.0,6,0.043,0
3062,2,632.47,724.95,12,283.5,1,0.201,0
3063,5,872.22,574.79,35,17.3,5,0.148,0
3064,6,457.48,448.43,162,29.0,6,0.569,1
3065,5,845.81,889.97,10,116.8,1,0.033,0
3066,4,688.3,613.59,83,176.1,4,0.14,0
3067,3,492.17,303.42,414,215.3,1,0.093,0
3068,2,276.62,353.27,2,337.5,2,0.031,0
3069,5,775.26,682.28,6,23.5,4,0.005,0
3070,9,848.45,754.27,143,70.7,4,0.014,0
3071,3,709.3,897.73,159,195.9,3,0.091,0
3072,4,790.47,323.56,81,34.9,4,0.046,0
3073,1,766.96,998.77,138,365.0,1,0.147,0
3074,5,708.33,1023.69,105,15.8,5,0.039,0
3075,4,843.89,693.76,2,59.2,4,0.182,0
3076,2,478.38,431.56,45,344.8,2,0.161,0
3077,5,714.77,784.56,34,108.4,5,0.009,0
3078,1,802.41,842.63,22,365.0,1,0.102,0
3079,2,633.09,757.78,63,241.1,2,0.096,0
3080,3,738.37,811.88,55,44.5,3,0.011,0
3081,1,523.44,610.38,476,365.0,1,0.015,0
3082,3,711.34,1200.55,70,199.9,3,0.031,0
3083,2,591.85,403.15,184,87.6,2,0.21,0
3084,1,622.42,789.53,298,365.0,1,0.148,0
3085,7,785.76,1018.24,96,23.5,5,0.001,0
3086,7,435.77,340.08,28,46.7,7,0.234,0
3087,5,536.38,450.69,50,17.1,4,0.017,0
3088,3,808.73,889.93,5,87.2,1,0.046,0
3089,2,676.47,507.38,68,244.6,1,0.305,0
3090,4,589.8,517.33,210,159.4,4,0.134,1
3091,5,767.57,804.3,136,76.1,2,0.003,0
3092,3,533.9,460.89,198,233.4,2,0.127,0
3093,2,529.06,504.98,36,110.1,2,0.011,0
3094,3,668.8,552.82,28,127.4,3,0.008,0
3095,5,679.23,551.22,91,16.2,1,0.063,0
3096,5,588.59,644.1,94,81.8,5,0.06,1
3097,3,660.43,647.06,26,18.6,3,0.248,0
3098,2,899.98,922.19,183,169.7,2,0.046,0
3099,4,694.57,792.39,48,65.8,1,0.14,0
3100,4,527.48,546.88,224,96.4,4,0.017,1
3101,3,703.65,656.49,54,133.8,2,0.125,0
3102,2,382.1,314.81,37,345.8,2,0.009,0
3103,3,941.8,1026.37,26,79.2,3,0.016,0
3104,2,522.01,730.22,306,161.5,2,0.185,0
3105,5,730.96,859.68,176,130.4,5,0.095,0
3106,5,724.33,506.3,49,143.8,2,0.133,0
3107,2,582.89,346.87,39,126.8,1,0.001,0
3108,5,894.91,763.34,30,127.0,1,0.058,0
3109,3,1008.64,698.53,58,203.6,3,0.12,0
3110,5,587.79,436.75,4,115.4,5,0.123,0
3111,1,806.68,423.43,12,136.2,1,0.031,0
3112,4,551.86,577.59,269,170.5,4,0.048,1
3113,4,898.21,690.13,149,60.1,4,0.057,0
3114,4,889.72,681.86,172,178.8,4,0.11,0
3115,5,851.41,738.41,58,80.4,5,0.107,0
3116,4,451.53,393.51,46,124.1,4,0.014,0
3117,2,618.61,586.15,13,241.3,2,0.017,0
3118,7,620.72,446.85,58,17.5,1,0.021,0
3119,2,610.62,730.9,34,20.4,2,0.006,0
3120,4,899.28,949.46,22,50.0,4,0.003,0
3121,4,428.33,463.78,50,37.4,4,0.052,0
3122,6,758.46,691.72,209,76.7,5,0.096,0
3123,7,811.63,986.04,133,35.2,6,0.019,0
3124,6,594.64,652.75,128,112.6,5,0.028,1
3125,2,775.73,805.27,5,330.5,1,0.027,0
3126,4,766.25,919.23,18,24.3,2,0.102,0
3127,5,659.24,438.99,32,88.8,5,0.108,0
3128,2,863.02,896.5,52,239.3,2,0.049,0
3129,4,618.53,535.72,14,102.0,1,0.041,0
3130,5,863.38,737.95,30,31.3,5,0.074,0
3131,1,719.78,834.82,100,225.7,1,0.041,0
3132,2,653.25,832.49,7,312.3,2,0.004,0
3133,7,666.42,836.02,37,82.6,3,0.061,0
3134,5,491.72,492.39,61,128.6,5,0.061,0
3135,5,645.69,603.87,3,101.0,5,0.085,0
3136,6,531.68,663.63,89,31.6,6,0.081,0
3137,5,739.71,594.45,7,13.1,5,0.165,0
3138,5,835.08,1118.51,89,19.7,5,0.044,0
3139,2,768.55,709.21,123,54.1,2,0.435,0
3140,2,593.04,587.15,9,72.2,2,0.05,0
3141,2,660.2,589.79,45,73.7,2,0.058,0
3142,5,741.5,746.68,12,108.5,5,0.071,0
3143,3,749.42,612.91,55,101.4,3,0.061,0
3144,4,945.57,875.13,42,9.1,4,0.053,0
3145,4,793.5,817.88,223,54.4,4,0.043,0
3146,2,722.21,706.84,263,295.9,2,0.091,0
3147,3,715.63,359.36,140,76.5,2,0.167,0
3148,4,647.8,968.33,64,14.8,3,0.142,0
3149,1,700.02,921.46,23,365.0,1,0.202,0
3150,4,807.56,619.39,29,20.9,4,0.01,0
3151,1,593.98,520.14,81,274.3,1,0.088,0
3152,7,761.56,735.42,3,101.9,7,0.031,0
3153,3,683.67,774.56,49,16.6,3,0.11,0
3154,7,957.67,1048.13,21,44.3,1,0.025,0
3155,4,744.29,580.72,5,172.2,1,0.191,0
3156,5,749.16,1100.13,6,95.7,5,0.017,0
3157,2,571.58,526.24,463,222.8,1,0.372,0
3158,3,919.65,1251.63,195,69.3,3,0.139,0
3159,6,776.05,682.29,255,55.2,1,0.025,0
3160,4,904.64,1095.84,322,159.9,4,0.004,0
3161,3,672.4,722.92,192,129.1,1,0.262,0
3162,4,699.75,580.01,33,44.2,4,0.191,0
3163,2,494.41,552.52,56,347.5,2,0.059,0
3164,3,976.72,1012.52,61,120.0,3,0.008,0
3165,3,755.41,894.72,184,96.7,3,0.074,0
3166,4,978.36,826.57,268,164.7,4,0.0,0
3167,4,647.62,636.75,59,91.2,4,0.032,0
3168,6,770.78,895.47,28,41.6,6,0.184,0
3169,3,848.91,538.59,33,209.9,3,0.081,0
3170,2,749.47,576.46,42,46.1,2,0.161,0
3171,1,650.08,655.32,1,34.4,1,0.164,0
3172,6,628.8,651.45,21,37.1,6,0.03,0
3173,3,647.95,635.57,41,176.9,3,0.032,0
3174,5,1100.56,1276.28,134,119.2,5,0.028,0
3175,4,606.78,594.61,81,40.0,4,0.154,0
3176,7,402.04,484.27,28,61.2,1,0.229,0
3177,2,705.59,751.24,130,325.2,1,0.085,0
3178,3,703.7,546.37,186,81.6,3,0.082,0
3179,4,652.77,673.88,96,66.7,4,0.096,0
3180,5,606.88,597.37,6,32.9,4,0.155,0
3181,6,658.92,570.48,22,89.0,6,0.017,0
3182,3,502.05,349.7,40,62.2,3,0.016,0
3183,4,966.78,738.64,46,24.2,2,0.141,0
3184,5,736.75,611.82,2,52.1,5,0.009,0
3185,3,717.68,869.65,86,17.9,3,0.015,0
3186,3,857.67,801.94,76,34.0,3,0.196,0
3187,2,1106.49,1376.94,326,266.5,2,0.068,0
3188,3,639.73,508.94,87,93.6,3,0.039,0
3189,4,746.0,640.67,456,155.8,4,0.04,0
3190,3,820.29,728.03,144,134.2,3,0.012,0
3191,3,803.66,756.84,63,13.6,3,0.144,0
3192,3,835.72,875.89,434,170.0,3,0.031,0
3193,6,837.64,942.64,51,59.5,2,0.138,0
3194,6,638.32,798.63,80,74.5,6,0.024,0
3195,7,879.28,492.52,171,27.7,5,0.008,0
3196,4,683.19,959.75,88,164.2,1,0.128,0
3197,4,742.11,584.65,5,113.4,1,0.022,0
3198,1,792.22,808.1,214,283.5,1,0.103,0
3199,5,593.33,707.33,247,72.8,5,0.145,1
3200,4,765.06,863.33,156,85.5,4,0.233,0
3201,6,793.07,970.79,125,117.2,2,0.046,0
3202,4,416.03,500.72,8,55.9,4,0.018,0
3203,3,910.25,986.17,160,213.5,3,0.073,0
3204,4,577.16,663.76,3,93.2,4,0.022,0
3205,2,740.95,557.5,71,34.7,2,0.033,0
3206,5,929.35,797.37,221,82.2,5,0.035,0
3207,4,798.08,642.64,403,100.8,4,0.011,0
3208,5,856.06,450.22,32,87.1,5,0.113,0
3209,5,866.52,703.78,69,29.2,5,0.193,0
3210,4,626.18,496.6,88,108.5,3,0.12,0
3211,5,544.46,443.06,73,46.1,5,0.498,0
3212,5,762.28,864.06,47,61.1,5,0.086,0
3213,7,806.91,683.2,312,69.4,2,0.04,0
3214,2,865.55,1011.79,313,291.9,2,0.012,0
3215,3,817.12,560.98,113,149.4,3,0.057,0
3216,6,626.25,544.41,83,97.0,4,0.014,0
3217,5,831.96,766.99,112,60.4,5,0.048,0
3218,5,384.76,476.04,34,1.0,1,0.048,0
3219,2,890.84,901.78,139,72.6,2,0.071,0
3220,2,566.6,599.64,244,140.9,2,0.106,0
3221,5,563.4,439.76,180,38.9,5,0.058,1
3222,5,1073.24,1256.01,170,117.3,2,0.005,0
3223,5,708.56,700.22,12,73.5,2,0.029,0
3224,1,661.68,429.64,142,309.4,1,0.191,0
3225,1,527.02,600.87,179,193.2,1,0.062,0
3226,4,766.39,811.1,31,51.0,4,0.149,0
3227,3,818.99,762.65,77,139.3,3,0.057,0
3228,3,647.32,602.65,101,36.8,2,0.058,0
3229,1,377.82,296.94,53,365.0,1,0.136,0
3230,5,943.99,1162.74,34,129.3,5,0.094,0
3231,5,656.65,752.14,215,147.4,2,0.033,0
3232,4,653.31,515.02,10,145.0,2,0.192,0
3233,4,694.7,701.73,130,38.0,4,0.138,0
3234,4,579.23,497.07,37,51.9,4,0.008,0
3235,5,891.08,663.77,62,116.9,1,0.012,0
3236,5,808.97,1060.63,92,133.7,4,0.18,0
3237,5,773.17,718.47,93,56.2,5,0.023,0
3238,4,1046.72,870.65,145,38.2,1,0.07,0
3239,4,595.39,453.66,3,73.4,4,0.01,0
3240,5,891.51,848.46,109,126.7,5,0.054,0
3241,3,366.4,211.04,224,115.3,3,0.207,0
3242,4,796.56,772.3,67,2.1,4,0.051,0
3243,4,1038.75,1290.3,382,170.7,4,0.004,0
3244,2,542.53,643.15,77,365.0,2,0.023,0
3245,3,946.6,1037.82,166,175.8,3,0.044,0
3246,5,492.59,729.53,104,23.6,2,0.06,1
3247,5,1011.72,1063.57,2,52.7,1,0.033,0
3248,5,630.91,515.92,72,36.6,5,0.396,0
3249,4,588.92,687.23,31,171.9,3,0.049,0
3250,3,619.67,636.37,90,109.3,2,0.164,0
3251,4,704.78,710.41,221,80.6,1,0.053,0
3252,4,677.2,717.25,100,24.2,4,0.037,0
3253,2,692.15,637.31,129,303.3,2,0.002,0
3254,4,747.42,1026.83,114,172.6,4,0.078,0
3255,1,735.94,496.31,135,314.1,1,0.039,0
3256,7,700.93,815.34,42,23.6,1,0.053,0
3257,4,633.66,650.52,48,151.6,3,0.017,0
3258,3,764.25,833.86,118,43.8,1,0.055,0
3259,6,756.37,698.85,106,14.7,6,0.031,0
3260,7,749.32,976.21,39,16.7,1,0.013,0
3261,5,699.74,823.53,4,65.0,5,0.355,0
3262,5,596.07,504.25,70,52.7,5,0.018,0
3263,2,711.09,870.32,122,84.1,2,0.006,0
3264,6,658.36,697.89,52,69.5,4,0.001,0
3265,4,390.07,344.54,45,30.5,4,0.004,0
3266,3,849.9,562.19,59,14.5,3,0.072,0
3267,5,738.97,852.6,47,5.1,5,0.013,0
3268,5,696.96,596.03,52,1.0,5,0.067,0
3269,3,778.72,860.74,67,24.7,1,0.062,0
3270,6,586.77,758.32,123,39.7,6,0.156,1
3271,7,903.91,757.26,151,49.0,7,0.041,0
3272,4,881.01,1117.94,28,141.4,2,0.011,0
3273,4,525.68,404.9,148,32.5,4,0.099,1
3274,3,605.14,784.63,153,155.1,3,0.09,0
3275,4,801.26,1093.04,84,18.4,4,0.083,0
3276,3,737.01,869.63,94,206.7,3,0.185,0
3277,8,697.35,758.51,24,36.1,8,0.032,0
3278,1,765.96,902.37,140,365.0,1,0.083,0
3279,7,419.22,390.99,34,57.9,7,0.1,0
3280,5,561.73,412.56,197,74.6,5,0.019,1
3281,2,609.71,519.49,125,87.6,2,0.03,0
3282,6,814.43,1187.18,28,5.5,5,0.016,0
3283,4,376.92,289.13,16,133.0,4,0.003,0
3284,6,727.16,866.67,94,16.3,6,0.017,0
3285,5,643.5,629.21,98,122.3,5,0.097,0
3286,4,797.68,740.7,45,135.2,4,0.01,0
3287,6,821.22,1098.62,14,72.7,5,0.165,0
3288,2,954.72,972.43,181,292.1,2,0.012,0
3289,2,523.94,621.68,45,25.0,2,0.047,0
3290,7,576.78,853.52,142,49.5,7,0.047,1
3291,3,707.31,677.74,155,226.8,3,0.007,0
3292,4,911.51,997.84,63,23.5,4,0.174,0
3293,5,765.59,873.46,289,60.1,5,0.034,0
3294,3,715.82,669.68,50,118.0,1,0.305,0
3295,4,883.66,970.62,72,162.0,3,0.044,0
3296,4,640.4,784.87,53,95.8,4,0.178,0
3297,3,875.43,1012.45,9,162.9,2,0.145,0
3298,3,960.26,982.72,62,146.5,3,0.131,0
3299,4,677.04,286.61,60,171.7,1,0.089,0
3300,4,467.56,332.34,19,148.1,4,0.063,0
3301,7,721.85,986.71,35,4.1,6,0.03,0
3302,3,946.64,765.88,41,197.4,3,0.093,0
3303,5,774.03,954.82,127,67.4,5,0.025,0
3304,1,493.62,372.57,14,365.0,1,0.02,0
3305,2,890.54,718.95,4,208.6,2,0.015,0
3306,9,819.31,930.74,324,64.7,7,0.023,0
3307,6,849.94,1114.15,10,79.9,1,0.336,0
3308,5,869.94,983.16,130,101.7,5,0.137,0
3309,2,618.62,662.74,133,296.3,2,0.121,0
3310,4,858.78,625.08,62,66.3,2,0.023,0
3311,3,603.17,346.47,4,91.7,3,0.114,0
3312,1,522.75,477.54,71,365.0,1,0.03,0
3313,7,575.66,593.46,165,39.8,7,0.269,1
3314,3,803.92,795.59,282,185.8,3,0.016,0
3315,1,638.63,921.01,93,89.8,1,0.065,0
3316,3,921.34,637.18,102,39.5,1,0.323,0
3317,7,867.17,814.33,39,96.4,2,0.127,0
3318,3,801.09,1068.72,154,60.2,3,0.101,0
3319,2,907.01,1025.07,308,282.0,2,0.232,0
3320,3,523.74,409.12,156,132.0,2,0.012,0
3321,3,843.48,469.8,65,27.2,3,0.008,0
3322,8,786.13,724.37,65,13.7,5,0.123,0
3323,6,508.99,406.0,19,41.3,2,0.128,0
3324,2,591.99,539.31,490,254.6,2,0.001,0
3325,5,676.19,985.53,247,119.9,4,0.093,0
3326,7,671.89,535.83,48,12.5,4,0.14,0
3327,3,693.84,604.08,21,235.3,3,0.037,0
3328,4,607.09,718.01,108,26.9,1,0.19,0
3329,5,921.87,976.14,96,82.5,5,0.075,0
3330,3,514.84,669.17,52,53.9,2,0.111,0
3331,4,519.25,604.27,206,83.7,4,0.011,1
3332,4,558.62,481.51,156,113.9,4,0.063,1
3333,3,604.69,666.94,152,166.4,3,0.088,0
3334,5,592.99,606.8,2,90.9,5,0.215,0
3335,3,951.96,616.86,271,88.8,3,0.066,0
3336,3,601.22,861.19,152,221.0,3,0.209,0
3337,7,681.76,537.21,181,28.3,3,0.261,0
3338,3,510.66,499.67,10,149.7,3,0.119,0
3339,2,629.62,570.19,170,321.4,2,0.277,0
3340,5,790.21,808.66,122,109.4,3,0.127,0
3341,2,802.07,833.04,9,247.6,2,0.022,0
3342,2,847.62,945.71,9,143.2,2,0.037,0
3343,3,550.35,497.99,172,172.3,3,0.197,0
3344,7,598.99,728.64,115,78.8,5,0.109,1
3345,4,822.64,710.94,247,67.5,4,0.064,0
3346,2,696.37,622.31,212,161.6,2,0.032,0
3347,5,690.93,453.24,24,62.9,5,0.3,0
3348,6,788.52,824.78,170,24.0,6,0.111,0
3349,4,849.5,1107.73,31,167.0,4,0.088,0
3350,8,595.21,565.67,85,35.8,2,0.068,0
3351,3,684.44,926.05,90,57.6,3,0.034,0
3352,4,682.02,533.31,13,27.0,1,0.166,0
3353,2,554.69,404.07,377,361.5,2,0.125,0
3354,5,744.95,951.83,79,21.6,1,0.027,0
3355,3,619.13,598.19,11,87.8,3,0.044,0
3356,2,699.22,562.98,69,223.0,2,0.076,0
3357,5,797.42,839.34,130,48.4,3,0.028,0
3358,8,740.29,789.53,63,26.8,3,0.078,0
3359,5,566.95,674.13,22,72.6,5,0.032,0
3360,3,730.56,682.22,101,96.0,3,0.13,0
3361,3,720.81,525.32,44,60.7,3,0.04,0
3362,5,615.82,582.13,67,139.0,5,0.017,0
3363,3,570.53,568.28,45,82.6,3,0.163,0
3364,5,723.1,886.0,61,45.5,1,0.051,0
3365,3,490.42,342.46,221,174.4,3,0.035,0
3366,4,539.81,499.16,24,48.5,4,0.046,0
3367,5,507.5,537.27,0,90.2,5,0.321,0
3368,6,518.2,678.38,13,96.0,6,0.016,0
3369,1,628.17,544.13,331,365.0,1,0.121,0
3370,3,859.3,719.51,64,99.7,3,0.031,0
3371,2,792.75,898.19,193,307.4,2,0.199,0
3372,3,868.47,472.94,3,42.8,3,0.02,0
3373,4,608.38,539.44,16,25.0,3,0.014,0
3374,2,398.35,445.41,121,129.9,2,0.096,0
3375,2,610.4,653.46,183,176.2,2,0.169,0
3376,5,869.15,904.29,139,54.4,5,0.139,0
3377,2,640.97,430.71,46,16.1,2,0.084,0
3378,2,696.73,519.03,203,302.0,2,0.003,0
3379,5,667.8,847.13,16,145.1,5,0.026,0
3380,7,804.61,789.42,77,82.6,5,0.115,0
3381,5,824.56,788.53,49,146.1,5,0.007,0
3382,6,467.63,393.79,197,70.9,3,0.167,1
3383,2,335.47,336.71,137,140.8,1,0.042,0
3384,5,798.23,720.26,70,100.1,5,0.067,0
3385,4,668.1,782.6,88,165.7,4,0.077,0
3386,4,798.33,630.07,130,35.9,4,0.211,0
3387,4,657.92,767.77,1,107.8,4,0.042,0
3388,5,778.12,1034.03,177,141.3,1,0.02,0
3389,4,679.71,763.7,3,88.5,4,0.007,0
3390,3,592.07,445.94,78,28.6,3,0.372,0
3391,4,640.51,745.7,71,100.3,4,0.186,0
3392,6,674.73,608.66,37,84.6,6,0.032,0
3393,1,791.69,708.83,24,365.0,1,0.435,0
3394,1,674.26,692.49,23,365.0,1,0.071,0
3395,3,539.22,512.55,162,100.3,3,0.112,0
3396,5,949.71,861.56,10,57.7,5,0.03,0
3397,7,746.7,849.15,83,40.4,4,0.003,0
3398,5,904.15,925.04,171,32.0,4,0.042,0
3399,1,536.12,331.13,206,365.0,1,0.243,0
3400,3,661.96,797.41,9,72.1,3,0.008,0
3401,2,728.63,903.36,112,311.3,2,0.165,0
3402,6,798.69,894.76,75,12.4,6,0.066,0
3403,5,416.88,471.95,44,6.9,5,0.259,0
3404,4,421.34,402.6,133,89.7,2,0.059,1
3405,3,600.8,457.04,44,55.3,3,0.034,0
3406,4,782.02,809.81,29,170.3,4,0.072,0
3407,2,599.07,784.57,220,358.4,1,0.228,0
3408,5,680.96,718.11,128,59.7,2,0.018,0
3409,2,707.78,942.97,95,365.0,2,0.034,0
3410,5,575.75,772.66,8,139.3,5,0.102,0
3411,4,919.63,913.01,114,150.3,4,0.047,0
3412,8,580.74,526.88,58,45.9,4,0.116,0
3413,3,390.23,356.74,1,77.0,3,0.039,0
3414,4,552.65,538.67,105,137.0,4,0.012,1
3415,6,574.97,462.97,11,58.8,5,0.018,0
3416,4,726.05,806.91,179,101.9,4,0.03,0
3417,3,733.75,874.16,134,199.1,3,0.224,0
3418,2,788.02,496.36,7,215.7,2,0.103,0
3419,2,981.92,1332.29,109,353.2,2,0.063,0
3420,3,704.26,629.88,196,145.2,1,0.18,0
3421,4,826.68,777.85,182,168.3,4,0.055,0
3422,1,633.25,672.23,16,334.3,1,0.13,0
3423,7,743.43,618.77,5,16.7,7,0.021,0
3424,1,647.71,571.17,90,91.6,1,0.203,0
3425,2,677.6,565.01,38,261.3,1,0.093,0
3426,6,724.95,724.72,72,54.9,1,0.028,0
3427,3,847.58,749.03,106,28.3,3,0.034,0
3428,3,691.92,744.1,119,46.3,3,0.174,0
3429,3,691.51,509.53,49,133.6,1,0.133,0
3430,4,747.02,813.4,4,78.5,4,0.054,0
3431,8,831.79,644.3,50,82.3,8,0.082,0
3432,5,488.79,587.62,65,59.0,5,0.12,0
3433,4,736.59,856.32,58,17.3,4,0.189,0
3434,3,500.34,286.26,39,61.2,3,0.047,0
3435,2,896.38,1047.42,266,266.9,1,0.023,0
3436,2,750.81,358.84,66,323.2,2,0.151,0
3437,4,883.99,676.82,13,157.4,2,0.172,0
3438,11,450.27,543.31,72,72.6,2,0.032,0
3439,3,674.67,601.64,121,130.0,3,0.065,0
3440,3,830.55,1089.8,44,206.0,3,0.082,0
3441,4,910.62,1039.54,16,85.3,4,0.16,0
3442,3,752.57,687.97,69,183.7,3,0.015,0
3443,1,635.86,562.93,12,315.7,1,0.001,0
3444,9,659.51,857.8,15,15.1,6,0.02,0
3445,4,543.68,491.6,323,83.8,4,0.12,1
3446,4,919.42,577.36,16,116.0,4,0.097,0
3447,5,797.7,649.6,28,42.2,2,0.042,0
3448,4,673.11,689.71,15,25.1,4,0.153,0
3449,3,781.59,658.81,291,214.5,2,0.02,0
3450,3,683.43,1010.18,310,141.6,2,0.036,0
3451,4,654.8,570.08,6,49.4,3,0.132,0
3452,5,586.69,513.46,205,101.3,5,0.061,1
3453,2,589.31,473.19,22,313.9,2,0.028,0
3454,4,757.1,890.55,52,81.9,4,0.074,0
3455,3,857.13,809.31,48,11.4,3,0.078,0
3456,5,649.54,755.28,55,148.6,5,0.282,0
3457,4,581.07,715.28,15,35.1,4,0.025,0
3458,4,842.87,904.12,161,95.7,4,0.143,0
3459,6,711.86,755.78,82,10.2,6,0.113,0
3460,3,365.16,277.48,340,154.1,1,0.036,0
3461,5,594.21,414.23,39,104.7,5,0.138,0
3462,2,770.29,539.78,81,66.1,2,0.048,0
3463,5,581.54,589.97,38,105.2,2,0.023,0
3464,3,707.68,1033.83,7,123.3,3,0.114,0
3465,3,513.36,455.17,6,20.4,3,0.119,0
3466,3,638.28,769.12,171,238.0,3,0.043,0
3467,2,536.96,593.38,48,134.2,2,0.018,0
3468,4,515.25,518.74,68,170.7,4,0.113,0
3469,4,586.2,557.69,397,116.6,4,0.053,1
3470,3,830.9,759.41,2,90.8,1,0.005,0
3471,5,762.54,694.11,65,32.0,1,0.054,0
3472,6,1007.77,1129.79,58,15.5,3,0.022,0
3473,4,610.34,715.38,543,126.5,1,0.008,0
3474,4,852.88,780.55,184,119.4,4,0.251,0
3475,4,978.73,893.05,7,97.2,4,0.208,0
3476,3,867.69,766.67,20,17.0,3,0.122,0
3477,2,870.36,1044.45,4,266.1,2,0.076,0
3478,8,718.12,844.4,14,68.6,2,0.127,0
3479,5,734.72,951.68,21,128.2,5,0.04,0
3480,2,561.83,470.62,13,85.6,2,0.006,0
3481,5,299.19,262.23,67,75.0,5,0.048,0
3482,6,730.66,972.42,295,74.8,4,0.036,0
3483,6,556.07,703.31,130,101.9,4,0.168,1
3484,2,636.24,510.16,32,228.5,2,0.103,0
3485,4,576.09,473.0,61,11.6,4,0.143,0
3486,3,748.61,786.53,175,56.2,3,0.075,0
3487,2,670.06,836.48,259,319.9,2,0.142,0
3488,4,888.61,727.91,65,169.6,4,0.05,0
3489,5,591.52,601.8,28,33.1,5,0.026,0
3490,6,727.09,885.47,110,52.8,1,0.06,0
3491,4,671.33,644.09,158,83.2,4,0.053,0
3492,5,655.87,645.85,31,139.6,4,0.036,0
3493,5,688.45,884.16,22,66.3,5,0.076,0
3494,5,928.07,850.54,100,96.5,5,0.023,0
3495,3,826.46,1036.06,158,45.4,3,0.3,0
3496,7,631.55,612.65,1,71.2,1,0.061,0
3497,2,608.39,476.31,597,298.2,2,0.034,0
3498,4,582.65,647.52,21,111.4,2,0.021,0
3499,3,717.35,628.92,51,19.6,3,0.118,0
3500,4,472.57,361.9,5,139.0,4,0.077,0
3501,3,667.67,930.03,6,214.3,2,0.077,0
3502,4,757.31,820.82,32,65.4,4,0.241,0
3503,3,591.18,553.47,99,233.8,2,0.164,0
3504,6,706.1,663.63,185,43.1,4,0.333,0
3505,3,739.81,966.3,8,179.1,3,0.029,0
3506,5,435.67,575.53,71,98.3,5,0.112,0
3507,4,730.96,651.31,55,124.9,4,0.067,0
3508,2,631.17,664.57,586,293.7,2,0.037,0
3509,6,977.12,905.35,16,33.8,3,0.158,0
3510,3,729.72,841.79,55,72.0,3,0.058,0
3511,2,562.16,522.38,4,278.1,2,0.102,0
3512,6,427.44,262.27,57,10.9,1,0.07,0
3513,3,692.57,549.71,116,109.9,3,0.047,0
3514,4,895.91,1082.59,91,48.5,4,0.061,0
3515,3,609.24,521.52,5,157.6,3,0.169,0
3516,3,747.19,864.56,12,174.6,3,0.046,0
3517,2,811.04,871.29,224,330.3,2,0.101,0
3518,5,803.18,688.73,71,35.8,5,0.032,0
3519,4,699.39,677.73,22,49.7,1,0.054,0
3520,2,601.26,526.06,114,321.2,2,0.05,0
3521,3,661.05,610.77,413,204.2,3,0.075,0
3522,5,539.53,346.91,9,50.0,3,0.22,0
3523,5,558.59,545.75,316,98.7,4,0.24,1
3524,2,848.46,750.27,214,353.5,2,0.01,0
3525,8,750.27,761.75,10,51.3,6,0.033,0
3526,5,743.14,821.47,151,59.1,5,0.109,0
3527,1,592.4,665.94,245,251.9,1,0.031,0
3528,8,879.59,779.78,55,69.2,4,0.02,0
3529,5,665.13,579.43,133,60.3,2,0.02,0
3530,5,719.68,697.86,13,47.4,3,0.141,0
3531,4,874.73,1066.1,131,38.6,3,0.044,0
3532,8,591.6,530.77,67,68.6,4,0.193,0
3533,4,604.7,521.95,34,45.3,4,0.022,0
3534,6,855.04,666.81,93,62.7,5,0.07,0
3535,7,822.09,905.55,81,97.1,6,0.063,0
3536,3,751.55,707.76,32,185.9,3,0.105,0
3537,7,373.34,298.26,11,101.5,1,0.223,0
3538,5,891.87,749.73,40,22.8,5,0.088,0
3539,6,608.5,689.93,40,27.7,1,0.007,0
3540,2,613.01,630.67,250,164.9,2,0.154,0
3541,3,669.98,580.31,68,176.3,3,0.009,0
3542,2,520.32,580.09,192,314.0,1,0.102,0
3543,4,882.77,1065.5,63,101.1,4,0.028,0
3544,1,725.83,821.09,12,365.0,1,0.041,0
3545,4,804.91,838.19,107,27.5,2,0.058,0
3546,4,583.81,779.66,232,161.3,4,0.129,1
3547,5,847.99,1072.6,65,13.7,5,0.085,0
3548,3,913.55,924.98,145,209.0,3,0.118,0
3549,5,508.82,611.53,135,140.1,5,0.086,1
3550,4,531.25,600.44,64,93.7,3,0.022,0
3551,4,579.22,517.39,29,143.2,4,0.002,0
3552,6,838.71,1107.18,157,49.8,6,0.222,0
3553,2,727.15,972.53,254,214.8,2,0.225,0
3554,7,690.06,855.38,141,89.6,5,0.051,0
3555,7,755.09,850.28,125,21.0,6,0.011,0
3556,8,989.82,1177.03,9,50.1,8,0.007,0
3557,4,438.14,408.81,55,175.5,1,0.004,0
3558,1,653.51,796.71,36,37.8,1,0.054,0
3559,5,250.0,200.0,15,132.3,2,0.031,0
3560,5,775.99,725.39,136,83.3,5,0.015,0
3561,2,863.05,430.14,94,220.5,1,0.136,0
3562,4,654.0,706.35,9,158.6,4,0.005,0
3563,6,797.92,962.24,41,57.5,6,0.13,0
3564,6,469.61,624.5,337,61.9,2,0.136,1
3565,5,771.8,738.6,21,127.2,5,0.002,0
3566,3,1068.2,1117.71,60,133.2,3,0.148,0
3567,3,642.7,640.85,108,107.2,3,0.07,0
3568,4,762.62,1038.47,22,45.7,4,0.058,0
3569,3,611.51,652.1,403,140.9,3,0.147,0
3570,5,726.4,995.81,90,37.3,5,0.207,0
3571,4,866.16,1081.84,26,115.2,4,0.172,0
3572,4,789.89,908.83,60,111.2,4,0.021,0
3573,4,684.65,608.42,46,44.3,1,0.083,0
3574,6,682.16,534.32,10,106.0,6,0.133,0
3575,2,519.76,529.02,48,262.7,2,0.181,0
3576,1,852.72,869.33,145,365.0,1,0.092,0
3577,5,812.37,623.3,8,24.9,5,0.077,0
3578,4,511.68,622.47,5,142.4,1,0.001,0
3579,5,726.38,753.09,70,30.0,4,0.114,0
3580,3,560.97,626.87,68,62.9,3,0.102,0
3581,7,631.67,846.28,15,38.6,2,0.002,0
3582,1,821.74,694.16,224,365.0,1,0.112,0
3583,3,848.44,495.02,11,121.4,1,0.017,0
3584,3,806.67,712.11,37,14.8,3,0.068,0
3585,8,659.41,887.56,6,8.2,6,0.007,0
3586,5,769.08,770.38,117,107.4,5,0.121,0
3587,3,584.11,561.96,59,10.9,3,0.175,0
3588,4,812.92,728.91,21,130.6,4,0.162,0
3589,2,697.26,696.37,117,321.0,2,0.201,0
3590,4,628.78,557.03,122,48.9,4,0.29,0
3591,4,590.68,532.57,3,33.5,4,0.039,0
3592,1,801.77,969.54,183,182.4,1,0.004,0
3593,4,679.47,1031.56,38,34.7,1,0.251,0
3594,2,626.56,520.98,20,191.9,1,0.466,0
3595,4,625.99,558.87,177,83.4,1,0.006,0
3596,3,513.5,456.21,111,130.0,3,0.012,0
3597,3,724.98,955.67,94,103.9,2,0.103,0
3598,3,743.1,855.81,217,149.9,3,0.098,0
3599,4,477.75,453.18,31,42.3,1,0.045,0
3600,3,538.59,484.47,1,106.9,3,0.235,0
3601,5,452.78,594.27,267,129.4,4,0.155,1
3602,5,880.69,887.94,27,119.5,5,0.051,0
3603,6,792.75,786.55,80,82.0,4,0.046,0
3604,6,865.6,491.56,210,37.6,6,0.206,0
3605,3,943.04,1093.14,31,64.8,3,0.148,0
3606,5,765.89,764.79,443,102.5,5,0.126,0
3607,4,690.99,705.75,79,93.6,4,0.285,0
3608,4,729.28,744.31,328,132.4,3,0.057,0
3609,5,603.29,716.72,8,28.1,5,0.016,0
3610,4,579.46,320.72,77,76.2,4,0.06,0
3611,4,636.93,484.52,297,163.5,4,0.033,0
3612,3,662.78,922.43,20,168.2,3,0.002,0
3613,1,450.97,340.34,57,365.0,1,0.114,0
3614,4,514.54,436.01,24,45.0,4,0.09,0
3615,4,509.45,636.91,346,151.1,3,0.002,1
3616,2,503.17,508.22,44,353.0,2,0.169,0
3617,3,795.6,805.05,15,170.9,3,0.083,0
3618,6,649.84,856.56,34,5.5,2,0.023,0
3619,2,671.09,593.93,103,295.2,2,0.027,0
3620,6,757.42,676.15,71,17.1,6,0.057,0
3621,2,823.43,948.67,134,123.6,2,0.076,0
3622,2,768.35,792.89,136,315.6,2,0.426,0
3623,6,945.66,1140.13,48,13.3,6,0.135,0
3624,4,705.94,614.92,381,130.0,2,0.082,0
3625,2,729.59,758.65,27,270.6,2,0.054,0
3626,7,609.21,600.31,228,87.9,7,0.115,0
3627,1,415.87,383.33,62,157.0,1,0.045,0
3628,4,711.85,529.3,21,143.0,2,0.158,0
3629,4,829.58,759.78,101,93.4,4,0.011,0
3630,6,588.66,525.22,177,30.2,6,0.128,1
3631,4,623.38,779.6,46,19.9,1,0.067,0
3632,3,844.05,939.81,9,182.7,2,0.203,0
3633,7,692.65,754.21,55,85.5,2,0.071,0
3634,4,561.5,541.06,433,129.4,4,0.033,1
3635,2,556.31,457.08,71,115.1,2,0.031,0
3636,3,798.45,834.0,2,31.1,3,0.041,0
3637,4,680.32,873.29,71,106.3,1,0.088,0
3638,5,678.2,561.76,43,109.4,5,0.061,0
3639,3,493.04,537.79,8,106.6,3,0.038,0
3640,4,771.55,701.61,213,64.4,4,0.114,0
3641,2,854.87,853.93,138,149.2,2,0.017,0
3642,4,645.64,625.54,17,90.1,3,0.083,0
3643,2,761.4,829.89,374,295.4,2,0.144,0
3644,1,638.97,619.02,154,365.0,1,0.041,0
3645,3,789.08,709.68,63,24.5,1,0.013,0
3646,3,774.08,529.95,105,177.7,3,0.0,0
3647,3,642.35,670.63,378,129.1,2,0.187,0
3648,8,380.91,427.43,144,54.9,8,0.0,1
3649,3,580.08,587.34,1,162.7,3,0.021,0
3650,1,751.69,740.74,2,324.3,1,0.021,0
3651,5,832.6,1080.16,60,52.3,4,0.01,0
3652,5,609.29,806.81,33,34.5,5,0.009,0
3653,3,901.68,1094.92,92,196.5,3,0.047,0
3654,5,924.07,985.93,37,80.4,3,0.175,0
3655,4,804.75,820.37,216,83.6,4,0.046,0
3656,5,529.6,418.01,16,86.3,5,0.18,0
3657,4,806.7,499.21,6,86.4,4,0.071,0
3658,3,619.24,789.02,50,209.0,3,0.157,0
3659,6,611.01,624.95,11,107.7,6,0.14,0
3660,4,767.95,1288.88,92,132.3,3,0.011,0
3661,7,764.28,675.05,46,59.9,1,0.008,0
3662,2,768.41,834.02,106,50.3,2,0.021,0
3663,5,798.54,961.76,6,79.4,4,0.298,0
3664,2,691.46,601.18,202,207.4,2,0.084,0
3665,4,482.67,456.64,33,184.2,4,0.076,0
3666,4,1012.41,973.05,114,155.1,2,0.037,0
3667,3,641.36,589.17,41,130.9,3,0.037,0
3668,5,593.08,640.39,161,32.0,1,0.205,1
3669,5,517.77,523.45,161,63.1,2,0.062,1
3670,4,722.75,428.37,37,129.3,4,0.158,0
3671,3,705.35,720.91,288,125.5,3,0.008,0
3672,6,681.95,732.94,30,44.7,6,0.004,0
3673,4,924.76,917.24,232,79.6,3,0.06,0
3674,5,798.79,1061.89,19,29.9,3,0.086,0
3675,4,547.35,585.44,34,50.8,4,0.152,0
3676,4,1011.08,1015.84,221,129.5,3,0.031,0
3677,5,472.71,558.69,7,143.1,5,0.087,0
3678,3,682.64,992.07,145,132.2,2,0.163,0
3679,3,590.47,573.54,137,167.7,3,0.178,0
3680,1,755.57,914.8,405,365.0,1,0.026,0
3681,3,795.42,1087.96,307,93.1,3,0.239,0
3682,3,638.06,608.62,78,129.2,2,0.01,0
3683,6,857.57,656.47,47,9.6,1,0.068,0
3684,5,729.86,793.84,15,69.2,5,0.132,0
3685,7,919.15,1166.83,18,20.0,3,0.125,0
3686,4,839.36,791.46,61,21.1,3,0.017,0
3687,6,629.31,767.21,21,81.2,4,0.021,0
3688,3,858.28,710.76,29,34.9,3,0.045,0
3689,6,603.21,573.41,1,21.4,6,0.139,0
3690,2,793.98,779.3,10,280.6,2,0.001,0
3691,6,778.97,757.29,99,75.8,6,0.033,0
3692,4,622.44,515.44,1,128.3,2,0.431,0
3693,4,400.85,373.96,232,157.6,4,0.003,1
3694,6,921.66,559.03,6,26.9,6,0.198,0
3695,3,762.83,868.55,20,91.9,2,0.151,0
3696,3,703.08,708.16,49,124.6,1,0.073,0
3697,3,702.81,864.43,155,93.0,3,0.059,0
3698,8,846.22,831.06,71,12.0,1,0.061,0
3699,4,1027.79,658.13,29,55.4,4,0.171,0
3700,3,835.41,888.71,47,242.3,3,0.039,0
3701,8,755.13,655.12,112,25.1,4,0.015,0
3702,2,742.89,901.73,98,211.9,2,0.074,0
3703,6,754.6,722.65,49,44.1,6,0.023,0
3704,5,549.43,770.88,90,83.1,4,0.007,0
3705,3,787.75,646.88,73,47.6,3,0.072,0
3706,3,503.41,528.21,68,228.8,3,0.004,0
3707,4,766.28,858.02,164,111.2,4,0.3,0
3708,1,629.26,587.69,482,365.0,1,0.025,0
3709,3,829.86,608.62,95,84.3,3,0.052,0
3710,2,757.1,726.78,49,224.8,2,0.122,0
3711,5,647.38,411.87,67,12.7,5,0.154,0
3712,3,548.42,471.81,145,235.8,3,0.054,0
3713,6,921.43,888.6,84,105.6,4,0.023,0
3714,3,687.05,824.57,111,112.0,3,0.037,0
3715,6,960.97,1014.71,107,26.7,2,0.298,0
3716,3,515.34,473.69,179,203.7,2,0.082,0
3717,4,662.06,600.41,161,173.5,4,0.08,0
3718,3,362.4,322.47,419,140.0,3,0.238,0
3719,2,813.44,963.04,76,195.4,2,0.197,0
3720,4,825.73,580.55,28,46.4,3,0.299,0
3721,3,609.23,506.05,60,56.7,1,0.012,0
3722,3,601.84,422.56,174,99.5,2,0.092,0
3723,2,641.74,716.9,112,70.0,2,0.293,0
3724,3,664.02,865.12,240,171.3,3,0.115,0
3725,5,616.08,686.8,24,75.0,2,0.031,0
3726,5,862.14,973.56,120,105.6,4,0.191,0
3727,2,629.67,563.53,41,198.9,2,0.081,0
3728,3,415.55,456.1,181,59.0,2,0.016,0
3729,4,661.77,562.37,59,152.3,3,0.148,0
3730,2,623.14,551.47,654,339.1,2,0.032,0
3731,2,503.83,500.04,159,132.8,1,0.001,0
3732,5,728.36,734.51,121,20.6,2,0.02,0
3733,3,411.09,558.45,5,119.3,3,0.25,0
3734,7,757.13,888.34,87,62.4,2,0.03,0
3735,2,695.04,711.14,78,58.0,2,0.023,0
3736,4,615.5,825.93,40,128.3,4,0.297,0
3737,2,528.11,781.96,154,76.3,1,0.121,0
3738,2,480.49,482.41,37,185.4,2,0.015,0
3739,4,832.26,895.99,20,47.6,4,0.018,0
3740,5,655.08,492.8,39,141.7,5,0.187,0
3741,4,448.19,463.01,102,134.8,2,0.167,1
3742,2,698.23,603.53,42,239.4,2,0.117,0
3743,7,659.02,410.41,58,104.2,7,0.079,0
3744,5,911.95,1092.44,43,88.3,5,0.047,0
3745,3,638.21,651.78,60,112.0,3,0.019,0
3746,5,846.91,699.7,20,85.1,4,0.083,0
3747,1,667.18,423.33,69,123.6,1,0.004,0
3748,3,522.76,459.1,38,55.0,2,0.028,0
3749,3,770.73,666.82,33,150.7,3,0.042,0
3750,4,882.64,863.13,8,25.7,4,0.009,0
3751,4,836.03,544.57,58,31.1,4,0.013,0
3752,7,747.09,811.27,20,56.3,1,0.039,0
3753,4,849.59,958.58,217,55.0,4,0.129,0
3754,7,725.55,536.61,66,61.3,4,0.003,0
3755,7,712.29,470.86,44,85.4,6,0.015,0
3756,4,479.11,576.32,42,77.9,4,0.114,0
3757,3,731.85,710.04,74,109.3,3,0.001,0
3758,4,926.19,1044.68,42,38.7,4,0.076,0
3759,2,454.6,464.64,67,26.8,2,0.274,0
3760,2,503.17,494.3,42,36.4,2,0.009,0
3761,5,650.94,785.66,29,27.6,5,0.006,0
3762,8,496.64,580.12,80,71.4,2,0.05,0
3763,2,802.64,864.4,44,20.8,1,0.053,0
3764,3,440.87,480.83,136,209.4,3,0.026,0
3765,4,802.09,732.45,9,89.0,4,0.071,0
3766,5,850.65,944.96,206,43.5,5,0.107,0
3767,8,798.54,1046.64,96,35.6,1,0.01,0
3768,6,703.07,847.04,21,10.9,1,0.01,0
3769,4,780.14,488.02,6,119.3,4,0.093,0
3770,3,526.7,574.3,151,96.4,3,0.155,0
3771,5,738.96,817.88,24,89.3,2,0.052,0
3772,5,607.24,744.81,66,40.3,5,0.193,0
3773,4,833.62,1040.03,9,107.7,1,0.152,0
3774,2,806.53,886.48,120,348.8,2,0.059,0
3775,5,578.44,435.15,1,57.3,1,0.208,0
3776,4,752.75,735.76,78,78.0,4,0.013,0
3777,3,758.97,638.49,215,166.3,3,0.026,0
3778,3,628.89,482.25,104,234.1,2,0.065,0
3779,5,703.37,899.87,194,111.9,4,0.079,0
3780,5,776.73,704.66,71,12.7,2,0.147,0
3781,5,631.49,882.75,104,57.5,5,0.031,0
3782,2,567.12,523.49,65,298.5,2,0.096,0
3783,1,734.18,629.3,63,365.0,1,0.135,0
3784,1,922.51,1033.55,73,365.0,1,0.187,0
3785,5,677.11,666.48,9,78.2,2,0.023,0
3786,4,647.17,683.12,30,128.9,3,0.007,0
3787,3,581.11,518.44,58,193.8,2,0.028,0
3788,3,872.51,778.4,50,128.5,3,0.022,0
3789,2,831.28,749.92,45,22.1,2,0.028,0
3790,3,678.07,536.73,80,74.1,3,0.325,0
3791,3,581.89,694.35,159,221.9,3,0.021,0
3792,1,580.5,604.4,72,71.7,1,0.025,0
3793,4,571.69,589.23,116,179.5,4,0.149,1
3794,6,626.01,709.41,177,100.7,4,0.08,0
3795,2,615.88,659.86,87,364.4,2,0.276,0
3796,4,589.29,856.13,82,105.4,4,0.043,0
3797,3,867.27,941.26,135,224.0,3,0.064,0
3798,7,937.79,552.99,49,53.5,1,0.121,0
3799,3,536.6,483.6,21,108.5,3,0.01,0
3800,6,614.3,499.76,27,12.7,3,0.034,0
3801,3,557.81,609.98,3,15.7,3,0.019,0
3802,4,747.77,685.94,118,143.6,4,0.101,0
3803,3,649.03,714.07,39,130.9,3,0.055,0
3804,2,545.41,470.82,249,200.4,2,0.154,0
3805,6,947.89,984.69,85,60.3,6,0.068,0
3806,6,773.16,691.67,106,31.3,2,0.05,0
3807,5,553.08,515.54,192,35.3,5,0.02,1
3808,3,926.01,967.81,66,41.2,2,0.003,0
3809,3,527.97,575.62,25,82.0,3,0.103,0
3810,5,792.17,1018.51,160,30.0,5,0.013,0
3811,3,1062.68,1303.1,396,124.8,2,0.02,0
3812,3,680.32,808.66,29,98.3,1,0.03,0
3813,3,656.76,713.47,162,153.7,3,0.164,0
3814,4,725.14,654.35,7,128.3,4,0.0,0
3815,3,1033.82,1162.44,3,116.0,3,0.14,0
3816,3,921.43,1141.47,134,214.8,3,0.225,0
3817,5,633.49,784.85,26,91.0,5,0.023,0
3818,2,745.68,748.09,291,149.6,2,0.078,0
3819,3,838.44,780.8,86,25.4,3,0.028,0
3820,4,635.65,736.34,156,117.0,4,0.061,0
3821,4,530.26,271.97,11,90.5,4,0.131,0
3822,4,862.65,1138.13,213,127.4,2,0.078,0
3823,5,776.46,967.16,18,52.4,5,0.05,0
3824,3,747.83,705.91,100,136.2,3,0.082,0
3825,7,866.03,808.64,67,22.0,7,0.111,0
3826,3,528.21,747.52,8,178.2,1,0.013,0
3827,6,665.24,527.6,303,56.8,5,0.093,0
3828,4,1095.73,1038.32,37,47.6,1,0.067,0
3829,3,785.15,1060.29,111,30.9,3,0.057,0
3830,4,794.2,623.75,102,171.5,4,0.02,0
3831,4,715.88,739.03,3,17.0,4,0.022,0
3832,6,423.83,403.58,158,53.7,4,0.063,1
3833,3,577.3,815.2,43,172.6,3,0.096,0
3834,3,837.02,746.1,34,165.8,3,0.082,0
3835,4,618.73,450.83,6,135.3,4,0.002,0
3836,5,674.51,707.15,25,91.9,4,0.033,0
3837,4,743.71,662.94,99,78.7,4,0.036,0
3838,2,553.47,619.58,32,23.0,2,0.003,0
3839,4,507.63,551.67,64,86.0,3,0.082,0
3840,5,698.11,534.8,144,79.2,2,0.125,0
3841,2,644.38,881.5,352,170.3,2,0.076,0
3842,6,734.17,644.51,96,65.3,5,0.047,0
3843,4,485.23,436.33,22,79.6,1,0.009,0
3844,3,619.79,691.4,57,55.4,3,0.031,0
3845,2,803.34,1065.7,116,107.5,2,0.032,0
3846,5,1141.87,848.18,153,40.5,5,0.195,0
3847,4,717.9,651.52,81,58.7,4,0.131,0
3848,4,800.63,953.86,69,83.9,4,0.042,0
3849,3,773.14,684.59,36,31.2,3,0.044,0
3850,5,744.02,767.43,62,108.7,5,0.023,0
3851,6,802.3,735.92,30,118.9,6,0.035,0
3852,1,556.17,611.21,149,365.0,1,0.094,0
3853,5,646.43,485.09,148,114.5,5,0.011,0
3854,4,737.48,784.18,149,33.1,4,0.044,0
3855,8,555.04,608.95,85,1.0,7,0.203,0
3856,8,765.0,869.2,115,52.0,5,0.205,0
3857,5,412.53,369.28,39,108.6,2,0.052,0
3858,5,821.83,1059.81,107,70.4,2,0.058,0
3859,2,677.44,393.0,62,24.7,1,0.147,0
3860,5,804.12,697.45,2,124.8,2,0.178,0
3861,8,849.54,1264.79,141,36.5,5,0.047,0
3862,7,911.46,916.73,3,56.5,7,0.034,0
3863,6,740.3,906.85,9,110.0,6,0.164,0
3864,5,440.01,456.7,1,91.7,1,0.075,0
3865,6,435.8,587.31,5,80.8,6,0.061,0
3866,6,510.3,490.68,4,20.8,6,0.007,0
3867,3,808.04,844.19,135,216.8,3,0.131,0
3868,6,488.7,574.18,153,86.3,5,0.035,1
3869,5,664.87,868.7,143,116.0,4,0.001,0
3870,5,636.67,401.73,88,50.8,5,0.027,0
3871,3,754.13,832.3,185,102.3,3,0.125,0
3872,8,807.29,669.59,39,47.1,6,0.411,0
3873,4,714.24,706.37,243,104.4,2,0.037,0
3874,4,820.26,732.36,63,109.6,2,0.088,0
3875,4,534.9,295.14,2,15.1,4,0.125,0
3876,5,853.12,1033.61,109,106.8,3,0.029,0
3877,4,719.72,530.85,182,95.0,4,0.169,0
3878,7,813.94,802.65,18,75.6,3,0.036,0
3879,3,622.42,609.08,45,38.3,3,0.079,0
3880,2,392.38,329.97,170,258.2,2,0.018,0
3881,2,799.84,902.03,122,254.3,2,0.001,0
3882,4,678.49,628.9,227,110.8,4,0.118,0
3883,4,880.28,754.32,66,57.8,4,0.094,0
3884,4,763.28,541.11,114,91.4,3,0.005,0
3885,3,1142.79,931.35,38,61.3,2,0.0,0
3886,4,890.63,965.91,103,31.9,4,0.05,0
3887,4,662.72,397.8,47,139.0,1,0.031,0
3888,3,462.27,617.41,93,40.3,1,0.105,0
3889,5,569.29,551.98,81,10.3,5,0.082,0
3890,5,559.36,462.29,26,123.0,5,0.012,0
3891,4,621.85,695.86,39,17.6,4,0.066,0
3892,3,681.2,624.25,83,46.3,3,0.042,0
3893,5,747.67,880.76,28,140.9,5,0.012,0
3894,5,906.12,713.56,12,35.6,5,0.02,0
3895,4,569.38,456.64,186,138.5,4,0.036,1
3896,3,491.72,550.32,47,221.9,3,0.028,0
3897,4,824.65,1022.26,55,160.3,4,0.048,0
3898,5,899.84,935.02,71,38.3,5,0.078,0
3899,6,626.43,655.34,143,21.1,6,0.068,0
3900,4,856.17,713.34,15,34.2,4,0.092,0
3901,3,815.54,731.45,118,81.4,3,0.039,0
3902,5,443.74,385.42,38,142.1,5,0.225,0
3903,5,604.5,761.11,153,30.0,2,0.053,0
3904,5,628.49,803.3,97,122.7,2,0.218,0
3905,2,998.29,1102.19,22,72.2,2,0.345,0
3906,1,776.29,1088.49,63,365.0,1,0.025,0
3907,4,624.49,701.7,3,78.8,3,0.087,0
3908,3,595.43,736.26,176,167.7,2,0.077,0
3909,5,464.51,444.17,47,107.1,5,0.038,0
3910,6,859.92,832.85,3,24.0,4,0.107,0
3911,3,759.34,735.58,1,161.2,3,0.028,0
3912,4,792.92,644.41,167,40.5,4,0.014,0
3913,3,507.16,462.45,229,224.7,1,0.012,0
3914,4,810.37,863.7,41,135.1,2,0.114,0
3915,6,664.29,584.71,58,84.9,6,0.284,0
3916,5,590.93,656.68,77,66.0,2,0.156,0
3917,1,776.97,661.88,130,365.0,1,0.177,0
3918,5,519.99,438.17,33,65.4,5,0.098,0
3919,7,726.86,728.71,35,81.2,6,0.005,0
3920,7,660.18,390.52,14,43.3,7,0.156,0
3921,6,860.88,1046.69,2,106.6,4,0.18,0
3922,5,833.78,951.54,15,80.4,5,0.002,0
3923,1,713.63,830.11,2,365.0,1,0.039,0
3924,6,742.14,852.55,45,52.6,6,0.074,0
3925,3,789.79,771.67,129,107.1,3,0.021,0
3926,3,698.63,732.73,23,101.9,3,0.024,0
3927,4,577.35,622.35,78,40.8,4,0.004,0
3928,4,627.56,445.43,40,144.5,4,0.051,0
3929,4,516.91,537.76,13,34.7,4,0.13,0
3930,1,838.81,775.55,24,127.7,1,0.369,0
3931,6,759.69,1040.29,77,38.5,5,0.164,0
3932,3,636.54,612.13,15,232.4,3,0.228,0
3933,3,591.27,576.4,96,193.7,1,0.017,0
3934,5,735.45,555.93,19,129.0,3,0.053,0
3935,1,488.05,449.87,361,365.0,1,0.057,0
3936,4,539.7,311.48,5,131.5,1,0.237,0
3937,5,697.06,956.25,44,37.5,2,0.023,0
3938,4,1066.17,1190.62,147,130.1,4,0.132,0
3939,6,767.86,711.5,110,52.0,6,0.055,0
3940,5,727.79,801.18,14,87.8,5,0.132,0
3941,7,524.38,423.63,15,96.6,7,0.11,0
3942,3,560.04,539.71,94,186.5,3,0.103,0
3943,5,903.45,703.17,103,139.8,5,0.017,0
3944,4,630.72,437.62,143,141.7,4,0.039,0
3945,4,710.6,819.22,99,55.5,4,0.123,0
3946,4,788.77,772.2,52,7.1,4,0.019,0
3947,6,636.99,416.7,46,83.8,6,0.162,0
3948,4,623.85,520.56,84,94.4,4,0.093,0
3949,9,441.28,556.48,34,58.5,6,0.171,0
3950,7,517.63,442.72,103,93.6,2,0.265,1
3951,3,788.02,886.05,23,163.8,1,0.207,0
3952,3,634.22,540.84,34,204.4,3,0.04,0
3953,7,800.27,839.28,130,25.5,7,0.046,0
3954,4,462.28,510.77,128,66.7,4,0.111,1
3955,3,821.7,713.04,159,88.0,3,0.084,0
3956,3,694.05,675.48,12,40.2,3,0.107,0
3957,4,479.4,508.95,68,113.8,1,0.01,0
3958,3,869.38,770.66,99,181.0,3,0.202,0
3959,4,489.0,468.53,155,89.7,4,0.023,1
3960,4,861.6,698.99,56,169.3,2,0.08,0
3961,3,695.15,709.7,93,137.3,3,0.139,0
3962,6,565.95,687.76,21,29.9,6,0.078,0
3963,6,977.26,749.86,142,112.0,3,0.102,0
3964,3,760.78,653.39,294,168.2,3,0.049,0
3965,6,882.21,521.58,49,31.8,3,0.017,0
3966,4,764.89,843.19,59,105.3,4,0.005,0
3967,1,667.53,454.02,71,365.0,1,0.018,0
3968,5,569.39,626.59,27,98.3,4,0.106,0
3969,6,672.82,749.59,64,100.7,6,0.015,0
3970,2,724.51,856.36,26,36.8,2,0.352,0
3971,4,822.49,883.16,91,50.2,3,0.033,0
3972,3,641.03,447.54,98,29.7,3,0.116,0
3973,5,777.03,756.47,106,86.6,2,0.001,0
3974,2,951.77,989.06,36,219.5,2,0.154,0
3975,6,723.73,800.85,96,52.1,1,0.037,0
3976,2,406.14,452.5,2,141.4,2,0.136,0
3977,7,707.28,646.83,55,44.1,2,0.269,0
3978,4,685.8,670.92,191,140.8,2,0.102,0
3979,6,681.05,667.61,104,40.6,1,0.026,0
3980,2,460.65,344.0,59,35.2,2,0.012,0
3981,3,741.47,598.11,19,69.3,3,0.033,0
3982,2,620.22,611.28,57,30.2,2,0.211,0
3983,3,684.17,569.49,75,151.5,3,0.028,0
3984,3,842.2,595.82,46,139.0,3,0.033,0
3985,3,578.27,402.58,52,74.5,3,0.04,0
3986,6,684.64,779.81,8,55.1,1,0.046,0
3987,2,669.66,717.16,171,361.1,2,0.085,0
3988,7,675.13,695.13,71,94.5,3,0.021,0
3989,5,633.44,592.0,14,141.5,5,0.105,0
3990,3,641.51,566.85,94,125.3,2,0.187,0
3991,4,951.26,567.66,14,85.1,4,0.042,0
3992,3,636.57,712.17,45,204.0,2,0.044,0
3993,3,740.61,680.33,5,52.6,3,0.134,0
3994,4,715.74,804.72,99,27.2,4,0.069,0
3995,5,710.93,577.58,1,124.3,3,0.119,0
3996,2,772.04,1026.43,43,230.0,2,0.089,0
3997,3,605.06,627.74,37,137.6,3,0.317,0
3998,2,910.21,888.2,198,138.2,2,0.009,0
3999,3,561.99,447.41,71,161.4,3,0.091,0
4000,2,675.32,697.64,122,318.9,2,0.016,0
4001,8,522.02,586.38,18,21.6,2,0.336,0
4002,4,834.56,460.51,81,48.6,4,0.18,0
4003,5,561.82,546.67,14,112.7,5,0.157,0
4004,4,813.35,794.05,411,101.2,4,0.003,0
4005,3,739.73,806.51,87,126.7,2,0.028,0
4006,2,726.43,482.72,40,23.4,1,0.354,0
4007,6,867.44,1006.25,8,16.2,6,0.008,0
4008,4,609.32,699.12,91,112.4,2,0.014,0
4009,3,920.05,1062.63,133,80.2,3,0.071,0
4010,6,642.4,557.41,99,22.4,3,0.036,0
4011,5,764.76,936.41,59,69.7,4,0.018,0
4012,4,670.99,561.9,3,100.8,4,0.053,0
4013,3,792.59,457.57,36,68.9,3,0.136,0
4014,3,549.59,583.76,39,82.6,3,0.226,0
4015,3,716.07,707.31,46,38.8,3,0.183,0
4016,3,702.73,874.2,11,227.3,3,0.208,0
4017,6,765.41,607.07,0,78.7,5,0.041,0
4018,4,760.82,708.24,75,133.5,1,0.003,0
4019,4,570.91,521.15,137,152.2,4,0.109,1
4020,3,895.93,1039.87,31,56.8,3,0.101,0
4021,3,691.37,541.43,142,200.6,3,0.004,0
4022,4,809.57,1015.74,135,121.5,2,0.075,0
4023,3,510.87,435.73,63,194.2,2,0.101,0
4024,2,637.8,581.33,107,69.5,2,0.08,0
4025,2,861.79,869.01,54,113.7,1,0.051,0
4026,6,945.3,753.48,37,109.2,1,0.054,0
4027,7,763.65,823.45,64,20.9,2,0.044,0
4028,2,686.79,722.88,64,129.1,2,0.028,0
4029,7,540.66,473.66,50,51.4,7,0.364,0
4030,5,819.59,866.34,122,66.7,1,0.037,0
4031,1,745.98,792.68,601,365.0,1,0.189,0
4032,4,347.01,386.66,98,30.7,4,0.259,1
4033,6,440.08,537.01,196,58.5,6,0.054,1
4034,5,752.54,815.31,217,79.9,4,0.1,0
4035,3,575.17,630.94,33,165.4,3,0.119,0
4036,5,544.06,424.01,212,43.9,5,0.048,1
4037,5,684.39,474.48,22,121.4,5,0.002,0
4038,3,751.48,668.39,239,228.6,3,0.038,0
4039,4,914.57,974.45,89,115.1,1,0.312,0
4040,5,577.39,625.33,164,139.4,2,0.031,1
4041,2,765.37,378.76,580,301.8,2,0.14,0
4042,5,546.01,560.41,187,102.8,2,0.055,1
4043,5,625.73,766.64,152,84.5,5,0.123,0
4044,3,728.33,1057.48,27,43.7,3,0.024,0
4045,6,677.85,873.24,157,24.7,6,0.013,0
4046,3,495.07,443.44,21,65.2,3,0.004,0
4047,3,777.02,686.9,86,131.2,3,0.162,0
4048,6,811.19,890.97,55,94.3,6,0.042,0
4049,3,1053.89,1224.39,87,166.8,3,0.258,0
4050,1,733.29,898.04,231,365.0,1,0.186,0
4051,3,726.06,812.83,60,30.3,3,0.014,0
4052,3,745.49,562.82,73,126.3,3,0.177,0
4053,7,495.38,357.49,77,76.3,5,0.126,0
4054,3,505.65,653.21,137,60.4,1,0.004,0
4055,4,687.61,664.88,59,186.7,2,0.225,0
4056,9,355.45,286.58,3,15.8,8,0.047,0
4057,6,530.39,410.28,23,39.8,6,0.148,0
4058,4,625.36,557.45,169,45.1,4,0.02,0
4059,3,851.32,1122.7,314,101.0,1,0.045,0
4060,1,738.9,702.93,188,365.0,1,0.081,0
4061,4,472.31,540.61,21,179.1,4,0.01,0
4062,6,693.96,742.48,8,62.1,6,0.267,0
4063,4,787.52,778.35,307,113.7,1,0.084,0
4064,3,807.13,488.45,247,199.0,3,0.082,0
4065,2,856.83,1000.24,73,126.9,2,0.042,0
4066,7,879.71,748.96,71,55.4,7,0.023,0
4067,7,785.49,525.33,176,26.4,4,0.051,0
4068,7,773.06,487.54,10,71.4,3,0.009,0
4069,4,734.88,821.42,104,94.4,4,0.179,0
4070,3,826.36,959.59,270,92.3,3,0.053,0
4071,2,581.82,315.92,239,122.2,1,0.077,0
4072,2,669.34,599.43,48,351.6,2,0.14,0
4073,4,595.09,638.39,312,139.2,4,0.297,1
4074,5,765.03,788.73,20,24.5,2,0.097,0
4075,3,661.17,593.15,28,125.6,3,0.062,0
4076,6,852.02,837.68,8,14.5,1,0.083,0
4077,6,707.84,841.86,10,47.8,5,0.097,0
4078,4,859.53,934.66,147,94.0,4,0.078,0
4079,3,383.32,432.93,38,119.1,2,0.03,0
4080,5,592.03,540.3,105,22.2,5,0.15,1
4081,4,840.73,626.77,200,177.1,4,0.077,0
4082,2,703.05,737.21,17,139.5,1,0.07,0
4083,5,858.38,995.77,68,78.7,5,0.015,0
4084,2,737.64,637.66,71,34.7,2,0.152,0
4085,1,559.92,586.03,206,365.0,1,0.086,0
4086,2,969.02,968.45,15,139.4,2,0.169,0
4087,3,600.48,400.82,46,181.8,2,0.218,0
4088,5,588.15,569.58,85,116.5,3,0.302,0
4089,4,822.95,851.63,90,24.5,4,0.046,0
4090,2,563.29,510.92,242,339.2,2,0.089,0
4091,6,506.02,616.58,4,110.9,3,0.144,0
4092,4,584.85,439.07,67,88.7,4,0.094,0
4093,3,823.02,1177.13,226,100.3,3,0.055,0
4094,3,1020.94,1020.17,433,137.4,3,0.01,0
4095,5,700.73,673.84,12,143.5,4,0.115,0
4096,6,591.38,699.62,83,99.6,1,0.003,0
4097,8,885.19,620.38,0,84.9,5,0.075,0
4098,7,607.71,884.45,30,78.3,5,0.036,0
4099,6,633.38,546.96,47,63.6,6,0.027,0
4100,1,762.49,897.76,76,240.5,1,0.094,0
4101,4,871.17,871.56,100,173.2,1,0.223,0
4102,4,710.58,565.91,1,120.6,4,0.062,0
4103,7,646.79,778.55,171,85.1,7,0.105,0
4104,3,1048.19,1159.12,46,149.4,3,0.034,0
4105,3,599.4,965.08,19,75.6,1,0.072,0
4106,3,616.04,663.75,68,106.1,1,0.037,0
4107,6,641.75,560.44,57,90.8,3,0.026,0
4108,6,782.67,492.3,4,44.9,3,0.061,0
4109,5,629.93,536.21,85,13.5,5,0.111,0
4110,6,822.59,864.75,106,39.0,4,0.068,0
4111,7,692.23,640.48,51,71.9,2,0.052,0
4112,5,652.14,751.69,18,104.9,4,0.028,0
4113,4,615.7,660.33,268,178.7,4,0.063,0
4114,1,696.23,522.56,72,63.8,1,0.067,0
4115,5,767.07,704.29,23,90.1,5,0.009,0
4116,5,694.73,574.46,119,36.8,5,0.055,0
4117,2,734.88,785.55,15,185.0,2,0.04,0
4118,6,583.73,634.06,10,50.3,2,0.101,0
4119,3,592.6,521.34,70,120.7,3,0.043,0
4120,3,699.29,469.94,50,18.8,3,0.052,0
4121,2,717.94,1121.74,183,94.4,2,0.092,0
4122,5,707.17,752.79,318,114.2,2,0.186,0
4123,1,611.45,650.62,211,365.0,1,0.009,0
4124,5,710.93,444.42,137,41.0,5,0.037,0
4125,4,703.81,805.72,73,174.7,3,0.026,0
4126,6,681.83,826.88,4,121.9,6,0.203,0
4127,4,602.17,642.9,13,124.6,4,0.056,0
4128,4,777.89,798.74,363,126.3,3,0.278,0
4129,3,698.22,717.24,32,6.1,3,0.051,0
4130,3,587.46,483.11,177,227.2,3,0.076,0
4131,3,681.25,586.33,29,234.0,3,0.104,0
4132,1,612.59,584.4,137,365.0,1,0.039,0
4133,4,700.47,854.53,17,52.1,4,0.041,0
4134,4,914.24,963.14,170,152.3,4,0.108,0
4135,4,722.18,615.1,18,147.8,4,0.205,0
4136,6,730.22,635.75,97,76.5,1,0.046,0
4137,3,913.65,518.56,19,62.3,3,0.028,0
4138,2,740.66,807.3,245,358.0,2,0.059,0
4139,2,765.06,732.97,100,266.1,2,0.055,0
4140,2,721.65,748.62,76,231.2,2,0.07,0
4141,3,642.29,1031.65,49,216.5,3,0.141,0
4142,6,767.21,698.58,93,33.3,6,0.082,0
4143,4,955.32,996.29,9,60.1,4,0.029,0
4144,9,501.87,438.51,116,42.3,7,0.211,1
4145,3,631.42,610.3,171,222.5,3,0.144,0
4146,6,572.05,460.66,37,30.7,6,0.076,0
4147,6,588.81,459.46,133,26.2,2,0.054,1
4148,2,883.52,564.64,256,164.3,2,0.396,0
4149,1,676.26,529.77,56,365.0,1,0.05,0
4150,7,808.45,846.16,157,102.8,3,0.159,0
4151,4,599.95,562.36,10,106.2,4,0.101,0
4152,2,603.27,576.74,149,77.7,2,0.057,0
4153,4,547.35,498.06,14,34.4,4,0.24,0
4154,6,916.76,945.0,91,11.9,4,0.146,0
4155,6,816.27,831.4,4,120.0,6,0.057,0
4156,4,542.42,545.79,27,38.7,1,0.153,0
4157,2,871.34,814.57,108,266.8,2,0.015,0
4158,2,661.07,757.54,126,207.9,2,0.08,0
4159,3,767.98,459.78,86,223.6,2,0.105,0
4160,7,707.05,599.03,97,50.5,2,0.088,0
4161,5,484.51,407.18,0,30.8,5,0.417,0
4162,5,575.84,650.23,74,41.3,5,0.106,0
4163,4,903.09,805.73,98,51.0,4,0.012,0
4164,4,840.89,677.21,24,60.4,4,0.008,0
4165,4,546.75,565.67,110,171.9,4,0.013,1
4166,2,731.2,848.2,152,181.6,2,0.048,0
4167,4,667.8,766.55,77,72.3,3,0.023,0
4168,5,871.29,1033.16,27,36.0,5,0.054,0
4169,4,669.27,685.17,55,129.4,4,0.022,0
4170,3,584.78,617.61,38,117.3,3,0.032,0
4171,2,810.56,768.52,211,222.6,1,0.267,0
4172,3,878.37,821.05,115,195.1,3,0.046,0
4173,5,759.03,611.19,14,41.5,5,0.009,0
4174,4,785.82,894.76,48,20.4,4,0.145,0
4175,2,520.72,333.6,49,32.0,2,0.097,0
4176,6,508.31,375.42,143,70.6,6,0.135,1
4177,4,497.5,683.28,43,9.3,1,0.059,0
4178,3,857.62,837.76,298,105.1,3,0.394,0
4179,5,641.92,659.89,18,60.5,2,0.086,0
4180,6,823.95,624.19,101,38.1,5,0.037,0
4181,1,609.96,669.19,60,59.5,1,0.078,0
4182,5,697.82,889.64,3,34.7,5,0.02,0
4183,2,579.15,747.18,216,237.7,2,0.255,0
4184,8,650.86,453.46,15,73.5,6,0.025,0
4185,3,443.56,547.23,298,143.7,1,0.032,0
4186,4,652.35,653.69,185,139.6,4,0.066,0
4187,4,639.11,316.12,124,29.7,2,0.065,0
4188,3,445.76,308.48,143,214.1,3,0.131,0
4189,4,763.72,476.44,65,35.6,4,0.026,0
4190,6,786.14,880.77,127,34.5,6,0.0,0
4191,5,600.69,578.26,76,20.5,3,0.155,0
4192,4,519.21,451.61,10,98.2,2,0.014,0
4193,3,959.56,941.36,48,184.5,3,0.043,0
4194,5,738.42,997.81,34,46.7,4,0.139,0
4195,7,343.0,322.79,9,36.3,5,0.009,0
4196,3,635.75,677.55,446,193.3,3,0.136,0
4197,5,602.26,678.19,78,143.4,3,0.101,0
4198,7,591.18,447.63,57,14.7,5,0.018,0
4199,7,863.83,961.38,34,5.1,5,0.034,0
4200,2,737.94,873.69,38,17.4,2,0.074,0
4201,5,795.3,954.36,58,103.8,5,0.074,0
4202,5,679.31,659.46,122,72.6,5,0.124,0
4203,3,828.0,983.13,69,15.7,3,0.062,0
4204,4,644.0,707.24,110,123.0,3,0.036,0
4205,3,734.93,744.9,117,210.4,3,0.029,0
4206,2,773.1,914.69,123,66.0,1,0.13,0
4207,2,606.56,818.16,87,45.9,2,0.174,0
4208,3,385.51,456.7,200,219.2,3,0.308,0
4209,2,446.02,439.39,13,194.2,2,0.283,0
4210,2,1046.79,944.58,39,148.8,2,0.146,0
4211,2,797.67,881.78,372,279.7,2,0.099,0
4212,2,804.73,829.56,27,149.1,2,0.057,0
4213,4,913.22,1118.26,62,19.1,2,0.054,0
4214,1,531.26,430.27,117,365.0,1,0.134,0
4215,5,591.35,714.01,48,15.3,5,0.04,0
4216,3,534.28,385.15,242,117.5,3,0.052,0
4217,6,1053.49,1016.59,67,15.8,4,0.242,0
4218,3,550.32,614.52,199,89.9,2,0.006,0
4219,5,888.14,868.18,426,123.4,5,0.027,0
4220,4,601.16,653.93,378,180.0,4,0.06,0
4221,4,712.79,910.33,229,132.6,4,0.135,0
4222,5,890.55,789.53,75,36.3,4,0.307,0
4223,1,742.9,534.3,64,242.4,1,0.139,0
4224,2,680.25,525.84,185,345.1,2,0.045,0
4225,2,1040.26,1021.79,395,193.6,1,0.171,0
4226,4,424.91,530.79,350,85.6,4,0.067,1
4227,5,558.39,523.34,85,66.9,5,0.15,0
4228,4,653.56,935.36,124,46.8,4,0.066,0
4229,2,856.64,638.83,47,349.2,2,0.032,0
4230,2,624.46,406.06,32,59.6,2,0.116,0
4231,4,845.16,884.77,104,178.7,4,0.197,0
4232,4,441.64,391.58,26,32.4,1,0.14,0
4233,3,872.24,740.97,60,67.1,1,0.029,0
4234,5,834.03,837.59,61,131.7,2,0.1,0
4235,2,538.79,406.01,388,349.5,1,0.021,0
4236,2,694.83,770.63,311,162.0,2,0.018,0
4237,5,659.59,685.38,25,86.0,5,0.105,0
4238,5,767.52,712.57,12,104.5,4,0.087,0
4239,4,874.18,911.06,26,74.7,4,0.017,0
4240,4,597.54,826.08,75,173.5,4,0.067,0
4241,3,755.42,718.26,183,167.2,3,0.017,0
4242,4,736.84,664.53,75,175.7,2,0.016,0
4243,5,718.75,815.31,243,59.5,5,0.058,0
4244,7,918.3,796.47,73,90.3,5,0.055,0
4245,3,724.08,793.79,79,34.1,1,0.041,0
4246,6,517.75,602.81,117,114.4,2,0.004,1
4247,7,810.68,1037.59,221,67.0,7,0.221,0
4248,2,940.14,879.82,58,165.3,2,0.004,0
4249,2,721.0,530.65,46,100.8,2,0.083,0
4250,3,902.81,856.39,28,221.7,3,0.139,0
4251,5,637.1,659.61,69,95.5,5,0.079,0
4252,2,762.14,668.01,90,196.3,2,0.028,0
4253,8,465.59,477.89,18,24.4,5,0.017,0
4254,3,608.53,820.64,153,218.7,3,0.105,0
4255,7,725.3,642.5,25,91.9,1,0.004,0
4256,5,800.46,671.01,127,148.4,4,0.013,0
4257,6,765.49,909.17,137,26.7,3,0.027,0
4258,4,892.05,670.99,31,1.6,3,0.073,0
4259,1,470.65,471.87,28,64.0,1,0.138,0
4260,3,920.46,824.04,43,51.5,3,0.035,0
4261,7,592.95,396.88,53,29.7,7,0.045,0
4262,6,515.71,500.98,119,24.9,1,0.204,1
4263,4,855.55,748.15,52,69.0,4,0.125,0
4264,4,533.13,587.15,110,36.3,2,0.035,1
4265,1,912.04,948.5,109,365.0,1,0.009,0
4266,4,372.68,385.76,3,129.9,4,0.098,0
4267,6,586.65,475.36,30,66.7,2,0.134,0
4268,2,831.56,737.5,203,199.9,2,0.023,0
4269,4,800.85,841.1,85,15.5,4,0.094,0
4270,3,304.87,250.67,88,26.5,3,0.178,0
4271,4,600.44,595.83,92,103.1,4,0.12,0
4272,3,442.64,473.61,119,45.7,3,0.008,0
4273,5,720.78,828.74,48,20.9,3,0.087,0
4274,1,707.68,631.19,77,365.0,1,0.049,0
4275,2,662.85,610.88,59,344.4,2,0.182,0
4276,5,683.99,710.84,15,38.7,2,0.285,0
4277,2,534.77,456.41,75,32.1,2,0.07,0
4278,9,589.9,426.72,99,20.5,2,0.086,1
4279,1,860.0,920.8,2,237.4,1,0.013,0
4280,4,626.55,593.76,87,158.9,4,0.112,0
4281,3,614.27,680.11,22,55.9,3,0.036,0
4282,5,870.97,771.28,122,100.3,5,0.088,0
4283,6,523.17,532.3,12,86.1,6,0.168,0
4284,4,921.95,589.3,18,83.2,4,0.025,0
4285,7,934.72,1048.33,3,23.3,2,0.003,0
4286,3,547.67,488.88,70,61.1,3,0.12,0
4287,3,838.1,814.76,125,212.7,3,0.057,0
4288,6,375.7,364.23,27,34.1,6,0.028,0
4289,2,715.26,665.53,6,36.6,2,0.007,0
4290,3,548.71,555.8,136,38.5,2,0.0,0
4291,7,775.8,777.89,141,45.8,5,0.007,0
4292,2,747.23,779.99,89,214.6,2,0.17,0
4293,7,658.5,492.79,124,46.7,6,0.318,0
4294,4,536.04,618.76,166,177.7,2,0.033,1
4295,4,837.59,816.81,84,142.0,4,0.015,0
4296,1,695.3,742.65,134,365.0,1,0.01,0
4297,2,593.89,578.56,151,227.3,2,0.221,0
4298,2,623.01,490.24,184,115.3,2,0.098,0
4299,4,685.66,1032.79,176,139.0,2,0.087,0
4300,2,685.11,702.37,123,141.6,2,0.004,0
4301,3,746.49,510.93,164,101.7,3,0.188,0
4302,2,843.38,827.85,29,31.1,2,0.039,0
4303,6,857.12,789.87,109,20.8,4,0.027,0
4304,6,666.04,644.42,4,25.7,6,0.019,0
4305,10,763.76,513.83,59,39.1,3,0.089,0
4306,2,669.9,673.92,179,282.0,2,0.09,0
4307,2,882.02,728.09,493,282.5,2,0.131,0
4308,2,680.14,880.88,78,298.6,2,0.068,0
4309,1,718.15,702.8,21,365.0,1,0.163,0
4310,4,696.13,796.22,41,110.4,3,0.202,0
4311,2,769.16,905.17,78,270.0,2,0.227,0
4312,1,794.72,865.68,153,153.0,1,0.011,0
4313,4,907.76,937.24,21,84.0,4,0.165,0
4314,3,881.71,1075.3,22,79.2,3,0.052,0
4315,4,706.49,618.64,25,132.2,4,0.008,0
4316,4,693.54,797.34,27,16.1,1,0.115,0
4317,6,666.25,610.87,205,110.2,6,0.003,0
4318,4,851.23,866.74,17,156.5,4,0.163,0
4319,5,736.8,558.49,47,107.8,5,0.008,0
4320,2,1069.25,790.42,74,158.4,2,0.252,0
4321,4,690.47,680.01,14,70.8,4,0.109,0
4322,5,928.22,1127.19,10,58.2,5,0.13,0
4323,3,929.53,891.84,224,75.4,2,0.118,0
4324,4,925.53,1238.33,186,74.0,1,0.054,0
4325,4,650.56,702.28,265,62.2,4,0.059,0
4326,3,687.35,664.22,45,188.4,2,0.029,0
4327,5,675.69,875.89,67,42.8,5,0.292,0
4328,7,921.04,1162.16,21,106.9,6,0.044,0
4329,3,632.47,460.22,59,232.1,2,0.154,0
4330,3,613.25,608.57,189,227.3,3,0.142,0
4331,4,804.07,886.59,66,154.8,1,0.005,0
4332,3,500.84,573.03,13,229.1,3,0.108,0
4333,6,815.23,914.51,0,6.9,1,0.101,0
4334,4,528.82,511.38,27,62.2,1,0.092,0
4335,4,638.25,598.61,20,131.9,1,0.001,0
4336,5,873.31,854.95,142,125.1,4,0.216,0
4337,7,616.64,524.19,79,99.7,1,0.184,0
4338,3,745.98,542.42,218,85.3,3,0.195,0
4339,5,881.3,972.5,48,110.8,3,0.003,0
4340,4,529.18,590.14,90,51.4,4,0.221,0
4341,6,725.97,980.96,43,102.3,6,0.067,0
4342,3,797.03,702.88,30,125.8,3,0.023,0
4343,2,487.02,522.64,115,67.7,2,0.007,0
4344,5,544.34,516.65,44,8.6,4,0.19,0
4345,7,942.37,914.9,20,29.7,5,0.329,0
4346,2,528.09,461.39,34,21.9,2,0.148,0
4347,3,647.56,653.79,13,144.6,3,0.077,0
4348,4,397.62,507.71,154,66.8,4,0.032,1
4349,2,582.13,531.93,114,86.3,2,0.183,0
4350,1,816.43,882.58,259,365.0,1,0.187,0
4351,2,843.79,743.19,13,362.4,2,0.113,0
4352,4,819.07,579.38,50,35.1,4,0.057,0
4353,4,694.77,673.11,163,146.5,4,0.006,0
4354,3,538.74,744.98,202,220.1,1,0.062,0
4355,3,762.03,637.73,186,158.5,1,0.309,0
4356,3,633.77,511.26,163,84.4,2,0.001,0
4357,2,458.77,378.44,68,289.6,2,0.021,0
4358,3,704.33,958.89,151,168.8,3,0.147,0
4359,4,890.51,1087.38,11,75.3,2,0.167,0
4360,3,866.55,976.38,21,229.8,3,0.257,0
4361,5,876.63,1114.07,69,106.2,5,0.201,0
4362,3,745.42,880.58,95,205.5,3,0.006,0
4363,2,560.56,548.42,91,340.3,2,0.042,0
4364,5,788.07,717.12,119,66.2,5,0.035,0
4365,1,722.66,871.34,149,334.9,1,0.025,0
4366,4,661.43,676.18,6,87.8,4,0.274,0
4367,3,800.02,653.34,261,229.1,2,0.01,0
4368,6,768.52,849.08,79,83.2,1,0.036,0
4369,4,607.04,568.25,232,149.3,4,0.086,0
4370,7,600.05,733.35,40,37.6,2,0.043,0
4371,4,527.09,425.07,0,56.8,4,0.044,0
4372,5,738.5,822.4,129,121.3,3,0.029,0
4373,6,836.08,862.86,66,69.9,2,0.242,0
4374,5,611.3,633.64,1,88.0,5,0.008,0
4375,5,540.09,570.12,76,67.4,5,0.211,0
4376,7,775.51,745.71,192,83.9,5,0.017,0
4377,5,936.83,1030.76,21,55.0,5,0.152,0
4378,3,998.53,1054.69,39,87.9,3,0.016,0
4379,3,927.3,948.68,125,89.3,3,0.095,0
4380,5,692.59,859.71,154,135.2,5,0.026,0
4381,5,564.89,413.14,92,99.1,4,0.086,1
4382,2,791.15,883.99,160,197.8,2,0.002,0
4383,4,689.41,719.89,40,96.0,1,0.122,0
4384,4,670.12,737.38,1,67.3,2,0.04,0
4385,4,985.09,1103.78,188,78.3,3,0.078,0
4386,3,907.82,1027.63,602,211.0,1,0.045,0
4387,4,795.53,734.27,207,137.8,2,0.005,0
4388,3,685.53,596.18,60,186.0,3,0.013,0
4389,6,701.14,767.29,34,114.3,5,0.553,0
4390,4,468.39,606.61,330,165.3,4,0.275,1
4391,5,856.9,821.46,363,73.3,5,0.047,0
4392,1,894.59,713.42,170,365.0,1,0.0,0
4393,5,585.33,677.88,65,23.6,5,0.167,0
4394,4,605.8,504.77,74,35.5,4,0.003,0
4395,2,846.27,899.22,32,330.0,2,0.01,0
4396,5,651.34,520.83,117,38.9,4,0.049,0
4397,3,870.34,820.18,22,77.3,3,0.029,0
4398,6,582.71,581.3,18,72.0,2,0.009,0
4399,5,653.22,614.55,100,32.6,3,0.01,0
4400,1,777.79,814.1,233,227.5,1,0.081,0
4401,3,651.45,693.14,131,195.5,3,0.031,0
4402,4,642.77,577.12,66,144.7,4,0.125,0
4403,3,639.4,569.04,142,214.6,3,0.138,0
4404,6,804.25,1007.43,48,104.4,6,0.075,0
4405,3,844.44,804.36,127,227.6,3,0.033,0
4406,4,773.91,819.75,141,43.5,4,0.075,0
4407,2,595.37,432.02,2,127.5,2,0.036,0
4408,4,905.18,1230.39,25,118.1,4,0.03,0
4409,3,738.3,805.73,145,241.6,2,0.099,0
4410,5,857.58,510.53,46,112.9,1,0.344,0
4411,4,506.49,404.05,75,28.8,3,0.012,0
4412,4,875.13,749.18,86,27.1,4,0.059,0
4413,4,644.15,864.47,76,129.4,4,0.019,0
4414,6,633.64,953.54,145,102.4,5,0.035,0
4415,4,760.78,841.67,49,109.8,2,0.029,0
4416,1,392.42,478.42,211,365.0,1,0.349,0
4417,7,752.49,940.39,39,17.7,2,0.01,0
4418,3,658.49,513.47,90,195.7,3,0.057,0
4419,2,912.11,898.85,17,309.4,2,0.157,0
4420,4,740.69,727.72,47,8.1,4,0.026,0
4421,4,551.02,703.35,39,106.9,1,0.026,0
4422,5,579.83,822.96,32,40.9,4,0.267,0
4423,2,331.09,477.86,13,176.7,2,0.011,0
4424,3,1064.32,1170.53,84,155.2,3,0.083,0
4425,1,324.36,349.43,97,365.0,1,0.111,0
4426,2,618.9,564.01,15,76.4,2,0.026,0
4427,2,811.19,820.9,200,332.2,2,0.123,0
4428,4,920.13,1116.29,7,101.1,4,0.05,0
4429,1,970.63,1155.68,28,365.0,1,0.02,0
4430,2,685.06,760.57,88,325.5,2,0.006,0
4431,2,775.34,644.45,63,66.4,2,0.0,0
4432,4,654.18,907.47,30,9.4,1,0.054,0
4433,4,466.6,510.7,85,127.1,3,0.132,0
4434,4,543.19,565.03,76,185.1,4,0.357,0
4435,4,442.51,522.06,58,130.0,4,0.019,0
4436,4,747.41,652.21,153,47.7,2,0.138,0
4437,3,648.66,553.55,82,193.3,3,0.021,0
4438,6,671.88,622.53,308,93.8,6,0.067,0
4439,4,800.83,639.2,166,174.7,3,0.019,0
4440,4,737.12,754.38,11,29.8,4,0.087,0
4441,2,799.35,474.05,46,334.9,1,0.032,0
4442,5,971.73,878.86,69,22.8,5,0.057,0
4443,7,580.88,352.24,45,37.3,1,0.014,0
4444,3,418.98,397.38,5,236.5,3,0.007,0
4445,8,612.95,586.73,39,1.0,8,0.061,0
4446,2,669.0,825.85,133,125.2,2,0.001,0
4447,1,765.34,809.23,112,153.4,1,0.144,0
4448,3,808.61,682.92,70,25.2,3,0.076,0
4449,3,540.31,498.46,97,138.9,3,0.07,0
4450,4,518.11,666.52,158,165.0,4,0.144,1
4451,5,904.68,707.52,79,138.4,1,0.05,0
4452,8,747.8,1067.5,157,20.5,3,0.243,0
4453,2,753.0,816.32,34,53.3,2,0.216,0
4454,6,739.65,547.93,142,61.2,3,0.12,0
4455,4,722.18,572.51,61,135.0,4,0.129,0
4456,4,666.31,777.14,123,179.4,4,0.026,0
4457,3,593.65,681.31,100,121.0,2,0.04,0
4458,3,619.08,672.33,13,110.6,1,0.04,0
4459,5,1024.92,1048.62,51,91.2,4,0.023,0
4460,5,970.66,950.44,100,135.7,5,0.072,0
4461,3,839.07,708.33,274,176.0,3,0.067,0
4462,5,689.92,743.54,22,115.7,5,0.235,0
4463,2,784.79,1038.73,63,316.3,2,0.179,0
4464,2,486.36,483.4,64,67.2,2,0.059,0
4465,5,849.47,894.05,66,114.1,5,0.032,0
4466,3,663.96,800.21,224,70.9,3,0.174,0
4467,3,702.3,629.12,60,186.4,3,0.11,0
4468,2,714.7,773.58,22,94.0,2,0.094,0
4469,2,673.14,780.8,101,187.9,2,0.157,0
4470,4,820.56,700.06,3,42.2,4,0.362,0
4471,2,939.22,695.26,60,35.1,1,0.366,0
4472,7,828.55,791.02,51,21.3,4,0.019,0
4473,7,709.89,831.3,52,37.3,4,0.033,0
4474,3,540.1,381.45,205,124.2,1,0.144,0
4475,2,705.93,740.13,232,361.0,2,0.162,0
4476,4,688.41,662.82,34,69.0,4,0.066,0
4477,7,823.67,786.83,25,63.0,7,0.007,0
4478,4,603.32,639.7,178,49.9,2,0.067,0
4479,2,566.79,374.53,71,104.8,2,0.172,0
4480,4,744.76,922.17,15,106.0,3,0.002,0
4481,3,838.06,688.74,54,19.3,3,0.179,0
4482,4,722.94,775.43,28,115.7,4,0.049,0
4483,3,844.95,963.69,110,153.3,3,0.083,0
4484,5,508.61,657.23,40,7.6,1,0.099,0
4485,3,771.03,765.72,22,95.8,3,0.023,0
4486,4,507.72,359.26,61,142.2,4,0.126,0
4487,2,1100.1,750.08,69,127.3,1,0.344,0
4488,4,901.12,1130.85,301,69.8,4,0.118,0
4489,6,757.75,672.99,75,4.7,4,0.398,0
4490,4,459.41,424.71,8,110.0,4,0.052,0
4491,4,493.74,382.27,26,10.8,4,0.034,0
4492,9,984.31,908.57,10,69.4,8,0.168,0
4493,5,526.36,709.93,1,76.3,5,0.219,0
4494,5,775.02,780.07,34,58.7,2,0.055,0
4495,4,973.5,816.22,40,108.3,4,0.033,0
4496,5,715.89,866.06,24,90.1,5,0.086,0
4497,6,520.75,261.13,64,27.1,6,0.297,0
4498,4,433.7,432.87,25,55.4,4,0.063,0
4499,4,757.43,703.49,291,86.0,4,0.055,0
4500,5,534.41,504.97,118,27.6,3,0.216,1
4501,3,700.34,499.02,15,80.7,3,0.046,0
4502,4,540.2,524.36,32,112.6,2,0.197,0
4503,5,609.78,561.05,363,103.2,5,0.169,0
4504,3,614.59,497.06,26,243.6,3,0.018,0
4505,6,660.82,607.57,9,82.9,4,0.001,0
4506,5,588.94,360.72,23,142.4,5,0.017,0
4507,3,742.72,1065.94,150,80.7,3,0.225,0
4508,3,849.6,267.29,87,198.2,1,0.254,0
4509,3,645.97,626.83,8,122.3,3,0.036,0
4510,6,739.13,714.66,35,65.5,6,0.002,0
4511,3,559.71,496.01,10,37.7,3,0.014,0
4512,3,464.88,442.68,41,127.3,3,0.006,0
4513,5,760.25,856.87,16,41.4,2,0.114,0
4514,5,831.95,622.69,22,73.4,1,0.006,0
4515,4,412.96,266.35,154,177.3,4,0.057,1
4516,5,686.3,613.14,137,135.1,5,0.019,0
4517,4,764.84,348.81,135,68.5,4,0.273,0
4518,3,743.4,613.15,139,207.8,1,0.033,0
4519,2,611.49,545.38,40,196.0,2,0.218,0
4520,4,707.14,720.11,59,174.1,4,0.057,0
4521,3,838.96,1055.62,73,93.4,3,0.003,0
4522,5,571.02,605.03,68,100.3,5,0.003,0
4523,6,933.23,997.29,155,82.0,6,0.013,0
4524,4,491.81,420.36,225,71.5,4,0.092,1
4525,6,834.67,732.74,19,124.7,6,0.199,0
4526,5,708.1,624.98,50,130.4,5,0.042,0
4527,4,622.78,606.82,16,178.9,4,0.093,0
4528,7,423.73,386.17,75,56.9,1,0.03,0
4529,2,878.53,935.15,122,157.5,2,0.002,0
4530,7,559.89,629.22,136,72.8,4,0.247,1
4531,3,695.5,873.42,87,158.3,3,0.013,0
4532,2,770.65,813.14,218,228.2,2,0.117,0
4533,6,1056.89,1125.12,30,87.9,5,0.059,0
4534,4,646.65,796.42,121,151.8,4,0.016,0
4535,3,707.66,809.65,4,163.0,1,0.199,0
4536,2,762.11,707.37,23,169.6,2,0.107,0
4537,4,717.46,567.81,60,161.5,2,0.039,0
4538,4,585.81,529.69,173,37.4,4,0.23,1
4539,1,922.8,769.99,389,365.0,1,0.07,0
4540,5,630.86,645.77,82,80.0,2,0.248,0
4541,3,770.22,845.48,16,60.1,3,0.057,0
4542,2,667.47,613.23,164,156.6,2,0.018,0
4543,9,609.12,564.48,11,37.4,1,0.362,0
4544,3,857.24,402.75,51,205.4,3,0.014,0
4545,5,739.44,655.18,33,39.1,5,0.263,0
4546,3,372.35,605.96,258,169.2,3,0.158,0
4547,3,744.66,911.8,33,4.5,3,0.177,0
4548,1,605.94,767.24,13,365.0,1,0.111,0
4549,3,461.67,506.58,222,142.3,3,0.023,0
4550,3,843.48,999.86,67,177.4,2,0.027,0
4551,3,585.47,545.15,168,72.5,3,0.059,0
4552,3,739.35,619.16,91,35.9,3,0.247,0
4553,4,837.97,1087.17,310,79.0,4,0.376,0
4554,2,663.63,518.73,61,158.4,2,0.022,0
4555,1,737.68,810.04,359,365.0,1,0.107,0
4556,6,597.88,811.01,27,62.9,1,0.055,0
4557,2,865.59,1032.92,212,110.0,1,0.129,0
4558,1,672.74,638.12,95,157.8,1,0.15,0
4559,2,780.62,980.17,155,354.4,2,0.15,0
4560,2,925.81,965.95,215,104.4,2,0.338,0
4561,1,422.28,410.98,40,365.0,1,0.069,0
4562,8,597.22,685.69,64,85.1,2,0.027,0
4563,6,674.08,555.35,72,14.9,6,0.006,0
4564,3,719.14,512.04,33,6.8,3,0.01,0
4565,5,792.31,755.19,22,69.4,5,0.018,0
4566,6,883.12,767.72,8,37.6,6,0.147,0
4567,3,588.19,416.89,66,124.0,3,0.018,0
4568,3,669.74,673.96,35,8.6,3,0.102,0
4569,5,868.27,774.24,140,130.0,5,0.117,0
4570,4,750.7,607.67,96,50.1,4,0.148,0
4571,3,444.91,443.45,114,243.6,3,0.068,0
4572,5,432.5,350.51,11,112.8,5,0.151,0
4573,6,626.65,772.12,46,98.8,2,0.165,0
4574,8,782.8,1061.41,56,46.2,8,0.125,0
4575,3,780.0,889.45,138,63.0,2,0.097,0
4576,4,566.03,517.63,9,156.7,1,0.001,0
4577,3,799.54,865.08,76,21.9,3,0.1,0
4578,5,737.79,639.06,255,94.5,5,0.117,0
4579,4,537.8,609.47,158,165.0,4,0.016,1
4580,5,609.78,697.84,88,137.1,1,0.058,0
4581,3,408.31,472.57,12,143.9,3,0.057,0
4582,4,521.36,482.91,162,158.2,4,0.092,1
4583,2,417.44,476.49,82,38.2,2,0.121,0
4584,2,467.99,514.0,114,160.1,2,0.02,0
4585,3,951.9,1002.09,194,135.7,2,0.143,0
4586,4,639.99,651.5,115,152.9,4,0.068,0
4587,4,433.91,340.88,65,91.5,4,0.089,0
4588,5,762.81,826.33,24,34.9,5,0.107,0
4589,4,743.48,701.79,72,72.0,4,0.279,0
4590,3,728.94,541.89,20,159.2,3,0.173,0
4591,3,569.02,488.61,7,147.3,3,0.191,0
4592,5,793.41,861.83,23,86.1,5,0.165,0
4593,5,535.33,483.7,41,69.4,1,0.029,0
4594,4,819.05,725.21,107,53.1,4,0.014,0
4595,5,832.69,486.42,62,32.7,5,0.069,0
4596,4,690.36,841.02,136,46.9,4,0.103,0
4597,2,480.35,374.43,192,176.4,2,0.04,0
4598,3,820.37,830.16,146,97.6,3,0.123,0
4599,4,612.47,554.98,81,144.3,4,0.153,0
4600,4,741.15,780.5,111,113.8,4,0.009,0
4601,5,803.62,843.55,104,36.7,5,0.007,0
4602,3,578.55,554.86,146,176.8,2,0.02,0
4603,5,1021.85,1078.87,122,65.8,1,0.063,0
4604,2,693.42,696.07,49,71.8,2,0.028,0
4605,2,599.39,434.83,93,131.8,2,0.076,0
4606,5,849.91,1055.01,51,111.3,5,0.052,0
4607,3,932.48,1215.87,52,184.0,3,0.025,0
4608,5,389.99,321.35,55,135.3,5,0.281,0
4609,2,492.83,340.22,131,265.5,2,0.04,0
4610,3,583.66,729.91,117,121.8,3,0.132,0
4611,5,1017.02,798.92,164,80.6,5,0.011,0
4612,6,628.13,790.74,85,79.7,1,0.061,0
4613,3,928.13,1144.29,244,156.7,3,0.197,0
4614,2,733.02,709.84,153,214.4,1,0.02,0
4615,4,482.45,465.49,44,104.7,4,0.029,0
4616,2,832.09,666.77,143,86.1,2,0.013,0
4617,5,747.54,757.39,117,26.1,1,0.223,0
4618,2,570.66,626.69,166,149.2,1,0.129,0
4619,4,600.89,644.4,195,49.4,1,0.017,0
4620,4,542.56,609.0,242,117.7,4,0.057,1
4621,3,606.29,734.83,48,21.8,3,0.141,0
4622,6,798.77,791.22,6,100.9,5,0.084,0
4623,3,564.45,882.86,34,11.5,3,0.096,0
4624,7,712.66,776.61,8,51.7,3,0.115,0
4625,2,747.08,806.57,204,92.7,1,0.167,0
4626,4,691.82,745.9,177,51.5,4,0.05,0
4627,7,457.65,494.69,90,40.5,7,0.083,0
4628,4,812.33,877.17,58,17.5,3,0.045,0
4629,5,525.19,635.02,196,81.1,5,0.182,1
4630,2,613.74,306.15,183,92.3,2,0.031,0
4631,4,630.98,600.24,136,165.0,3,0.177,0
4632,5,695.22,466.15,31,6.2,3,0.019,0
4633,3,714.43,909.35,5,115.6,3,0.008,0
4634,5,802.88,576.58,5,101.6,3,0.227,0
4635,4,653.23,549.96,162,156.5,4,0.058,0
4636,5,517.48,448.6,19,21.8,4,0.131,0
4637,4,863.06,653.85,38,106.9,4,0.036,0
4638,3,639.85,600.89,105,124.6,3,0.066,0
4639,7,672.26,390.32,10,82.0,2,0.081,0
4640,3,549.88,717.75,506,215.2,3,0.026,0
4641,5,570.15,618.29,152,85.4,1,0.239,1
4642,4,916.37,776.75,74,12.0,4,0.119,0
4643,4,493.74,550.32,245,130.9,4,0.151,1
4644,3,515.91,549.38,81,50.6,3,0.442,0
4645,6,630.66,511.84,181,117.5,6,0.223,0
4646,2,747.72,853.39,251,125.9,2,0.23,0
4647,6,554.88,531.28,1,62.9,6,0.105,0
4648,3,463.28,568.3,191,202.7,3,0.016,0
4649,7,516.92,466.74,110,21.1,1,0.042,1
4650,3,637.62,465.28,45,91.8,3,0.228,0
4651,2,549.9,657.28,97,250.4,2,0.137,0
4652,7,1033.5,985.91,10,90.4,1,0.034,0
4653,2,997.33,992.43,158,160.9,2,0.114,0
4654,5,874.84,921.37,100,67.0,1,0.044,0
4655,5,756.46,607.92,106,34.2,1,0.036,0
4656,3,756.76,712.5,153,222.2,3,0.008,0
4657,6,898.31,802.23,47,18.7,4,0.052,0
4658,6,719.61,662.78,15,57.6,6,0.255,0
4659,2,576.48,720.56,223,362.9,2,0.126,0
4660,5,1018.48,860.46,39,59.6,4,0.03,0
4661,6,786.28,656.47,230,85.1,3,0.317,0
4662,9,917.96,1174.78,19,70.8,2,0.028,0
4663,4,971.82,780.33,22,138.9,4,0.028,0
4664,1,434.16,439.71,174,365.0,1,0.059,0
4665,2,570.4,648.51,148,69.6,1,0.006,0
4666,5,669.5,760.31,13,85.3,5,0.11,0
4667,2,775.14,557.31,6,265.8,2,0.167,0
4668,4,837.48,717.65,278,72.4,4,0.194,0
4669,2,690.52,449.6,21,23.3,2,0.011,0
4670,5,893.92,1042.85,84,88.2,5,0.166,0
4671,2,791.41,957.42,31,227.5,1,0.09,0
4672,2,789.57,948.57,26,335.1,2,0.031,0
4673,4,658.48,655.22,17,134.7,4,0.026,0
4674,3,747.37,712.76,148,153.6,3,0.003,0
4675,3,746.34,662.4,171,195.1,2,0.064,0
4676,3,844.42,587.29,15,10.4,3,0.015,0
4677,2,502.41,554.67,21,12.7,2,0.064,0
4678,4,805.32,649.05,280,119.4,4,0.1,0
4679,4,453.04,267.64,49,11.6,4,0.02,0
4680,4,572.0,722.42,156,126.4,4,0.008,1
4681,8,791.15,693.47,5,34.1,2,0.023,0
4682,2,574.28,602.28,7,184.4,1,0.063,0
4683,4,704.09,683.74,51,175.9,4,0.162,0
4684,2,561.81,689.06,116,176.2,2,0.019,0
4685,8,789.89,557.41,30,8.3,7,0.053,0
4686,5,707.11,815.01,112,73.8,1,0.138,0
4687,4,696.29,689.76,113,180.7,4,0.087,0
4688,5,864.96,943.58,53,74.2,4,0.133,0
4689,6,762.53,700.83,6,8.3,2,0.043,0
4690,7,774.06,716.38,65,70.3,7,0.211,0
4691,4,866.33,1025.56,28,72.7,4,0.095,0
4692,1,881.76,749.63,87,365.0,1,0.09,0
4693,8,557.48,498.73,0,49.8,1,0.281,0
4694,4,810.54,771.27,75,112.7,4,0.003,0
4695,5,765.01,543.35,52,15.8,5,0.159,0
4696,4,896.79,848.61,82,22.2,2,0.12,0
4697,2,506.97,485.97,71,46.4,2,0.286,0
4698,2,596.41,678.3,705,347.8,2,0.001,0
4699,8,670.43,599.79,65,69.8,6,0.175,0
4700,4,910.41,567.21,25,50.2,4,0.126,0
4701,4,656.96,661.08,87,45.0,4,0.074,0
4702,5,693.78,627.67,25,73.6,5,0.309,0
4703,2,597.39,455.62,57,223.3,2,0.023,0
4704,4,817.61,870.43,44,128.4,4,0.034,0
4705,2,801.46,859.48,105,199.6,2,0.243,0
4706,5,618.44,693.92,66,119.7,3,0.077,0
4707,5,543.27,584.25,99,100.3,5,0.337,1
4708,4,815.82,935.79,59,147.9,4,0.093,0
4709,5,776.32,828.36,18,108.3,2,0.069,0
4710,5,600.45,843.35,60,115.8,5,0.017,0
4711,4,804.14,1041.02,163,109.5,4,0.014,0
4712,5,795.9,833.67,109,138.5,5,0.09,0
4713,2,884.5,579.14,17,36.4,2,0.087,0
4714,2,827.03,1136.37,133,69.5,2,0.023,0
4715,1,649.17,614.49,65,202.3,1,0.044,0
4716,3,585.72,659.11,105,123.3,3,0.189,0
4717,7,1002.28,1096.98,2,17.5,7,0.041,0
4718,5,622.92,608.37,216,113.7,5,0.034,0
4719,4,424.83,384.02,118,131.4,4,0.039,1
4720,2,518.79,483.02,46,177.8,1,0.366,0
4721,3,395.9,200.0,137,229.0,3,0.132,0
4722,2,883.19,676.85,49,346.6,2,0.07,0
4723,5,973.22,877.68,27,62.5,4,0.256,0
4724,4,737.48,744.88,60,22.6,4,0.101,0
4725,5,459.45,513.88,82,40.6,3,0.106,0
4726,3,880.26,779.06,28,230.4,2,0.097,0
4727,8,769.86,874.88,88,10.0,3,0.042,0
4728,5,884.65,844.2,77,103.0,5,0.137,0
4729,2,788.5,731.58,1,288.8,2,0.005,0
4730,4,492.29,497.4,65,21.4,4,0.116,0
4731,3,799.22,916.53,65,101.8,3,0.153,0
4732,4,466.75,444.88,113,60.9,4,0.011,1
4733,9,584.23,626.88,136,77.8,4,0.21,1
4734,3,854.97,982.47,36,225.4,3,0.085,0
4735,4,847.58,939.95,115,45.3,3,0.201,0
4736,5,558.42,483.84,14,143.2,1,0.035,0
4737,3,529.04,478.3,10,214.5,3,0.119,0
4738,8,703.96,786.15,175,38.3,1,0.027,0
4739,4,1000.48,973.4,203,112.3,4,0.035,0
4740,3,784.13,661.92,83,108.5,3,0.246,0
4741,1,1052.91,1062.26,26,122.6,1,0.117,0
4742,5,675.32,780.37,27,136.1,5,0.058,0
4743,6,832.49,984.68,67,75.1,3,0.003,0
4744,2,652.61,785.88,150,70.5,2,0.249,0
4745,2,579.98,583.68,86,39.1,1,0.291,0
4746,6,557.27,599.85,110,28.2,6,0.105,1
4747,8,753.03,919.42,15,35.2,3,0.2,0
4748,2,894.22,780.05,50,215.5,2,0.087,0
4749,3,651.0,778.28,1,17.6,3,0.026,0
4750,3,913.2,1040.69,9,206.8,3,0.097,0
4751,5,974.62,1111.47,33,110.6,5,0.078,0
4752,4,830.15,549.7,21,104.8,4,0.117,0
4753,3,749.02,666.73,81,103.6,3,0.08,0
4754,6,599.44,525.52,40,1.0,4,0.057,0
4755,3,895.42,1150.31,154,210.4,3,0.162,0
4756,4,528.87,435.35,144,87.1,4,0.073,1
4757,1,791.09,622.38,115,108.7,1,0.037,0
4758,3,506.64,383.46,144,228.2,3,0.176,0
4759,2,541.39,500.92,28,117.9,2,0.016,0
4760,2,690.79,746.49,115,105.7,2,0.013,0
4761,7,805.6,1101.44,60,19.4,7,0.29,0
4762,3,850.72,785.73,118,235.3,3,0.038,0
4763,4,700.6,594.4,155,84.8,1,0.139,0
4764,3,637.37,836.08,77,29.2,3,0.065,0
4765,7,581.49,780.55,89,45.8,5,0.325,0
4766,5,805.0,521.77,51,6.8,5,0.086,0
4767,4,799.22,716.48,82,171.3,4,0.039,0
4768,4,726.63,758.01,35,58.0,3,0.04,0
4769,4,745.25,773.21,110,93.6,4,0.105,0
4770,2,940.25,1356.93,46,18.7,2,0.001,0
4771,6,852.5,758.53,98,73.9,6,0.001,0
4772,5,487.71,375.81,105,23.8,3,0.155,1
4773,4,833.14,704.16,2,51.8,3,0.044,0
4774,4,907.19,1104.91,30,64.3,2,0.027,0
4775,4,577.06,575.53,32,177.8,4,0.134,0
4776,4,842.25,1111.94,57,41.8,4,0.061,0
4777,5,1150.86,1299.6,2,21.8,4,0.045,0
4778,5,772.36,667.61,221,126.5,5,0.183,0
4779,5,664.64,779.34,110,63.1,2,0.016,0
4780,6,684.88,849.6,7,66.3,1,0.041,0
4781,2,719.68,929.58,27,182.7,2,0.03,0
4782,8,463.42,333.35,60,78.3,4,0.185,0
4783,2,456.49,482.11,344,189.7,2,0.299,0
4784,2,740.57,575.45,13,261.9,2,0.083,0
4785,4,692.69,651.75,58,55.8,4,0.012,0
4786,4,799.46,762.12,22,162.8,1,0.147,0
4787,1,657.63,694.69,35,365.0,1,0.062,0
4788,8,712.39,780.85,74,11.2,6,0.059,0
4789,4,842.59,740.86,180,101.0,4,0.015,0
4790,4,358.61,445.95,261,118.7,4,0.039,1
4791,3,562.54,712.58,138,232.7,3,0.02,0
4792,2,621.47,644.64,9,331.0,2,0.049,0
4793,6,676.21,909.53,35,57.2,6,0.031,0
4794,3,487.41,479.7,69,154.5,3,0.042,0
4795,2,563.71,355.09,46,140.4,2,0.211,0
4796,3,804.89,656.51,93,235.1,3,0.013,0
4797,2,769.74,701.39,38,83.4,2,0.039,0
4798,2,281.11,332.85,87,49.1,2,0.038,0
4799,6,666.22,535.44,12,40.3,6,0.104,0
4800,5,678.66,670.37,49,131.2,5,0.036,0
4801,3,563.04,842.17,16,160.2,1,0.024,0
4802,4,678.7,710.2,45,118.9,4,0.059,0
4803,4,758.89,1002.93,68,103.3,2,0.074,0
4804,6,807.26,613.77,64,79.4,2,0.059,0
4805,2,715.18,426.0,57,293.9,2,0.003,0
4806,7,797.03,540.53,119,67.8,6,0.088,0
4807,4,701.64,853.68,74,158.5,4,0.002,0
4808,5,357.28,340.63,439,125.3,5,0.195,1
4809,6,679.93,635.34,10,45.1,6,0.11,0
4810,4,515.66,693.33,20,62.9,4,0.068,0
4811,3,717.02,873.08,194,233.6,3,0.244,0
4812,4,667.0,729.21,83,35.8,3,0.406,0
4813,6,665.59,825.12,35,93.1,5,0.173,0
4814,4,574.33,556.73,54,181.0,4,0.095,0
4815,3,640.17,684.83,99,247.3,2,0.031,0
4816,2,746.05,565.24,12,133.9,2,0.065,0
4817,3,562.99,476.94,173,89.0,1,0.06,0
4818,9,606.82,574.43,35,22.7,2,0.017,0
4819,7,437.11,434.83,38,7.9,5,0.082,0
4820,3,741.87,888.3,178,62.0,3,0.039,0
4821,6,508.58,634.53,67,51.5,5,0.011,0
4822,1,704.18,1106.87,252,355.1,1,0.011,0
4823,3,805.95,1176.79,94,29.3,2,0.044,0
4824,3,890.69,1094.58,139,47.7,3,0.006,0
4825,5,651.78,457.81,50,87.3,1,0.037,0
4826,3,793.71,1021.02,8,136.0,1,0.195,0
4827,6,698.89,963.25,1,6.8,3,0.11,0
4828,3,419.14,430.88,146,65.3,3,0.086,0
4829,5,477.05,315.31,7,15.7,5,0.004,0
4830,3,827.09,861.25,59,218.4,3,0.241,0
4831,3,873.63,1029.88,130,111.0,1,0.057,0
4832,2,382.16,400.96,142,66.9,2,0.333,0
4833,5,750.06,689.26,22,73.5,1,0.2,0
4834,5,740.35,729.21,0,91.7,1,0.138,0
4835,4,579.62,729.37,4,61.3,4,0.091,0
4836,3,581.17,636.37,30,169.1,1,0.028,0
4837,3,541.53,701.08,444,156.7,3,0.104,0
4838,6,411.83,501.52,6,29.2,3,0.034,0
4839,2,541.91,520.91,199,275.9,2,0.15,0
4840,4,804.45,939.6,16,169.2,4,0.115,0
4841,6,647.42,842.12,18,119.0,6,0.191,0
4842,6,810.09,834.49,7,69.0,5,0.045,0
4843,6,399.81,453.63,20,10.1,5,0.259,0
4844,5,765.94,533.09,11,30.4,5,0.003,0
4845,2,816.63,744.52,2,63.4,2,0.236,0
4846,4,308.01,298.92,164,118.6,4,0.009,1
4847,5,620.96,493.91,19,20.6,1,0.165,0
4848,6,751.59,771.37,10,74.2,4,0.162,0
4849,4,895.46,1199.24,32,116.3,4,0.096,0
4850,5,493.15,523.68,126,42.1,5,0.032,1
4851,8,908.09,1150.98,16,79.3,4,0.189,0
4852,5,765.8,874.42,70,32.6,5,0.038,0
4853,6,549.59,738.71,19,106.9,6,0.043,0
4854,4,848.91,838.4,50,48.6,4,0.091,0
4855,4,1045.42,905.5,75,113.3,4,0.182,0
4856,3,649.68,751.42,170,69.9,3,0.203,0
4857,4,637.3,437.48,34,153.9,4,0.012,0
4858,2,557.2,623.72,85,137.0,1,0.052,0
4859,5,975.75,544.93,92,102.8,5,0.384,0
4860,8,590.57,487.53,21,99.0,6,0.025,0
4861,1,554.67,593.54,44,261.5,1,0.093,0
4862,4,606.38,451.98,86,121.6,4,0.095,0
4863,4,608.15,558.32,107,26.9,4,0.036,0
4864,5,613.24,452.21,216,84.4,5,0.007,0
4865,5,581.67,664.44,82,136.3,5,0.018,0
4866,4,592.6,727.22,56,73.3,1,0.077,0
4867,4,721.49,721.96,85,97.8,4,0.027,0
4868,5,902.46,1299.02,145,112.4,5,0.074,0
4869,4,551.21,525.38,10,174.2,3,0.22,0
4870,3,504.58,369.94,50,18.2,3,0.1,0
4871,2,748.95,534.99,105,54.7,2,0.152,0
4872,4,779.94,757.26,32,92.3,4,0.062,0
4873,7,931.14,991.37,150,67.6,4,0.022,0
4874,6,911.32,1366.59,6,126.2,2,0.255,0
4875,1,462.22,363.33,451,365.0,1,0.196,0
4876,2,400.36,349.76,70,257.3,2,0.008,0
4877,5,784.82,859.82,149,82.1,5,0.056,0
4878,7,780.79,795.98,12,26.3,7,0.024,0
4879,2,922.28,811.2,120,167.1,2,0.17,0
4880,2,758.89,752.32,4,248.0,2,0.04,0
4881,4,615.57,475.99,33,139.6,4,0.027,0
4882,6,855.91,779.46,141,22.8,6,0.096,0
4883,4,543.32,422.61,62,54.8,4,0.131,0
4884,5,1001.03,1209.81,96,47.9,2,0.027,0
4885,4,740.86,850.76,169,143.0,3,0.47,0
4886,7,589.4,583.25,54,40.5,2,0.255,0
4887,2,567.02,568.82,126,301.6,2,0.091,0
4888,2,729.27,761.89,209,299.0,2,0.011,0
4889,3,688.03,625.38,15,147.8,3,0.001,0
4890,3,679.48,449.93,8,188.2,3,0.059,0
4891,3,503.47,469.19,116,118.0,3,0.138,0
4892,3,675.73,741.66,58,23.7,2,0.059,0
4893,2,824.01,980.97,149,358.2,2,0.174,0
4894,5,586.77,595.19,90,7.3,5,0.026,0
4895,6,738.43,649.36,85,13.3,6,0.073,0
4896,4,867.83,965.11,49,12.9,4,0.043,0
4897,2,794.52,822.17,31,52.0,2,0.118,0
4898,5,518.5,410.52,165,149.8,5,0.078,1
4899,2,748.2,478.9,123,178.6,2,0.081,0
4900,1,919.74,820.7,233,233.9,1,0.087,0
4901,3,774.59,1010.77,8,149.5,3,0.026,0
4902,3,877.03,974.49,42,57.9,3,0.035,0
4903,1,847.02,1098.45,18,73.0,1,0.102,0
4904,5,529.26,525.63,176,99.0,1,0.137,1
4905,5,967.03,959.64,74,15.7,5,0.057,0
4906,4,888.07,409.54,152,119.5,4,0.085,0
4907,7,657.54,405.87,81,87.8,5,0.053,0
4908,4,894.38,976.75,11,127.7,4,0.035,0
4909,2,680.83,706.9,37,11.1,2,0.052,0
4910,4,686.6,375.25,43,10.5,2,0.043,0
4911,4,565.92,580.87,46,61.8,4,0.01,0
4912,1,544.78,654.33,131,131.2,1,0.158,0
4913,6,722.39,767.8,26,86.1,4,0.004,0
4914,5,662.01,591.5,70,79.2,2,0.032,0
4915,7,476.92,239.42,31,7.7,7,0.063,0
4916,3,752.52,813.42,305,129.2,3,0.029,0
4917,8,776.58,638.36,38,63.7,1,0.041,0
4918,3,744.85,821.0,40,151.1,3,0.013,0
4919,2,743.54,847.37,8,167.0,2,0.027,0
4920,2,761.17,901.35,22,115.1,2,0.119,0
4921,7,724.98,780.24,59,63.3,2,0.038,0
4922,6,752.38,700.29,96,96.7,6,0.002,0
4923,4,775.85,866.76,317,158.9,1,0.075,0
4924,6,612.19,487.99,53,8.0,5,0.067,0
4925,9,510.09,644.81,68,65.7,8,0.147,0
4926,5,747.89,645.81,37,8.8,3,0.075,0
4927,7,722.72,984.6,167,92.5,5,0.007,0
4928,3,767.95,729.71,43,48.5,3,0.068,0
4929,3,870.74,956.88,110,202.4,3,0.203,0
4930,4,694.82,712.3,267,55.1,4,0.044,0
4931,5,680.04,435.08,0,18.9,5,0.036,0
4932,5,770.25,852.88,28,27.0,5,0.031,0
4933,6,546.93,462.79,113,61.2,6,0.228,1
4934,5,706.28,689.3,57,35.5,2,0.107,0
4935,6,684.66,691.13,14,88.7,6,0.097,0
4936,2,831.48,660.31,122,237.6,2,0.057,0
4937,3,631.22,554.91,86,138.8,3,0.002,0
4938,4,713.64,892.9,62,166.9,4,0.054,0
4939,5,676.66,498.44,37,127.6,2,0.002,0
4940,3,326.89,365.52,6,90.0,3,0.076,0
4941,3,620.8,573.8,111,68.1,2,0.212,0
4942,1,698.73,838.41,131,365.0,1,0.013,0
4943,9,566.28,646.25,52,53.6,1,0.103,0
4944,4,681.66,586.96,0,49.3,2,0.226,0
4945,6,900.83,1024.21,6,17.1,3,0.1,0
4946,2,844.49,748.29,26,221.7,1,0.075,0
4947,5,420.1,563.82,53,94.3,5,0.071,0
4948,8,813.94,833.54,107,68.9,1,0.016,0
4949,5,784.26,731.18,25,6.6,3,0.106,0
4950,7,686.01,628.38,118,98.4,1,0.038,0
4951,4,348.28,323.52,27,55.6,3,0.039,0
4952,6,817.4,769.44,110,89.2,6,0.143,0
4953,5,635.61,726.92,186,97.1,5,0.027,0
4954,5,731.63,658.96,152,60.8,5,0.049,0
4955,2,554.82,461.68,158,76.0,2,0.041,0
4956,5,588.66,715.05,3,76.8,5,0.069,0
4957,1,840.43,1069.18,72,105.3,1,0.055,0
4958,6,943.4,796.34,17,26.8,6,0.078,0
4959,3,635.95,598.82,77,25.2,3,0.267,0
4960,4,926.93,1157.46,41,6.2,4,0.488,0
4961,5,635.67,694.03,75,15.7,5,0.143,0
4962,1,633.86,836.53,150,365.0,1,0.159,0
4963,4,487.33,555.4,57,81.0,4,0.207,0
4964,4,774.6,849.69,150,44.3,1,0.004,0
4965,4,670.69,622.1,1,37.0,1,0.006,0
4966,2,679.15,546.46,191,97.5,2,0.3,0
4967,6,643.06,487.87,0,18.8,6,0.085,0
4968,10,551.24,547.98,33,17.9,5,0.073,0
4969,3,793.85,1017.5,138,46.0,3,0.075,0
4970,1,690.8,546.03,74,68.7,1,0.042,0
4971,3,821.2,800.92,169,63.2,1,0.048,0
4972,7,558.38,373.03,37,38.1,6,0.023,0
4973,2,735.86,939.59,274,305.3,2,0.027,0
4974,4,1020.56,855.34,347,88.0,4,0.018,0
4975,2,593.31,862.48,320,153.4,2,0.254,0
4976,4,627.31,685.24,5,111.9,2,0.011,0
4977,2,625.55,818.64,23,358.2,2,0.097,0
4978,4,543.62,354.87,80,104.5,4,0.103,0
4979,4,948.65,478.63,335,153.9,4,0.059,0
4980,4,354.46,327.22,53,144.2,4,0.004,0
4981,5,516.6,520.87,29,18.7,5,0.073,0
4982,5,770.21,866.49,301,75.3,2,0.028,0
4983,4,590.46,772.34,126,159.4,4,0.073,1
4984,4,695.43,652.43,143,34.9,4,0.171,0
4985,2,695.68,636.51,16,164.4,2,0.078,0
4986,4,774.56,739.33,31,73.6,4,0.003,0
4987,3,712.28,764.42,84,66.8,3,0.064,0
4988,6,641.69,482.25,106,87.7,3,0.018,0
4989,4,719.41,460.95,43,152.5,1,0.088,0
4990,9,673.23,717.05,13,40.1,1,0.045,0
4991,4,954.17,696.27,59,103.1,4,0.127,0
4992,6,613.66,753.86,44,112.9,6,0.115,0
4993,4,783.31,437.26,212,155.0,4,0.256,0
4994,6,837.04,705.59,217,48.7,6,0.026,0
4995,4,501.78,366.07,19,132.6,4,0.03,0
4996,4,533.08,461.3,33,51.7,2,0.225,0
4997,3,989.61,815.51,185,223.1,3,0.017,0
4998,5,598.44,733.12,25,73.2,1,0.03,0
4999,3,701.82,1096.13,36,174.8,2,0.004,0
5000,3,673.93,508.7,135,99.7,3,0.087,0
